"person_id","birth","birth.lat","birth.long","birth.country","birth.state","res","res.lat","res.long","res.country","res.state"
1,"Turku, Finland",60.4515944,22.2669983,"Finland",NA,"Helsinki, Finland",60.1698897,24.9384719,"Finland",NA
2,"São Paulo, São Paulo, Brazil",-23.5506507,-46.6333824,"Brazil",NA,"Rio de Janeiro, Rio de Janeiro, Brazil",-22.9110137,-43.2093727,"Brazil",NA
3,"Nattika, Thrissur district, India",10.4166256,76.1525844,"India",NA,"Abu Dhabi, United Arab Emirates",24.4538352,54.3774014,"United Arab Emirates",NA
4,"Hatay, Turkey",36.3451332,36.0748022,"Turkey",NA,"Clifton, New Jersey, United States",40.8584328,-74.1637553,"United States","New Jersey"
5,"New London, Connecticut, United States",41.3556187,-72.0997804,"United States","Connecticut","Shelburne, Vermont, United States",44.3783486,-73.2276183,"United States","Vermont"
6,"Madrid, Spain",40.416782,-3.703507,"Spain",NA,"Madrid, Spain",40.416782,-3.703507,"Spain",NA
7,"Miami, Florida, United States",25.7741728,-80.19362,"United States","Florida","Miami, Florida, United States",25.7741728,-80.19362,"United States","Florida"
8,"Alexandria, Virginia, United States",38.8051095,-77.0470229,"United States","Virginia","Great Falls, Virginia, United States",39.0116538,-77.3083988,"United States","Virginia"
10,"New York, New York, United States",40.7127281,-74.0060152,"United States","New York","Palm Beach, Florida, United States",26.6279798,-80.4494174,"United States","Florida"
11,"Krasnodar, Russia",45.0351532,38.9772396,"Russia",NA,"Moscow, Russia",55.625578,37.6063916,"Russia",NA
12,"Saratov, Russia",51.530018,46.034683,"Russia",NA,"Moscow, Russia",55.625578,37.6063916,"Russia",NA
13,"Rio de Janeiro, Rio de Janeiro, Brazil",-22.9110137,-43.2093727,"Brazil",NA,"São Paulo, São Paulo, Brazil",-23.5506507,-46.6333824,"Brazil",NA
14,"Minsk, Belarus",53.9024716,27.5618225,"Belarus",NA,"Moscow, Russia",55.625578,37.6063916,"Russia",NA
15,"New York, New York, United States",40.7127281,-74.0060152,"United States","New York","New York, New York, United States",40.7127281,-74.0060152,"United States","New York"
18,"Bartlesville, Oklahoma, United States",36.7509272,-95.9771779,"United States","Oklahoma","Houston, Texas, United States",29.7589382,-95.3676974,"United States","Texas"
19,"Melbourne, Australia",-37.8142454,144.9631732,"Australia",NA,"Sydney, Australia",-33.8698439,151.2082848,"Australia",NA
21,"Paitra Neamt, Romania",46.91667,26.33333,"Romania",NA,"Montreal, Quebec, Canada",45.5031824,-73.5698065,"Canada",NA
22,"Houston, Texas, United States",29.7589382,-95.3676974,"United States","Texas","Nashville, Tennessee, United States",36.1622767,-86.7742984,"United States","Tennessee"
23,"Ahmedabad, Gujarat, India",23.0215374,72.5800568,"India",NA,"Ahmedabad, Gujarat, India",23.0215374,72.5800568,"India",NA
27,"Leeds, United Kingdom",53.7974185,-1.5437941,"United Kingdom",NA,"Leicester, United Kingdom",52.6362,-1.1331969,"United Kingdom",NA
28,"Philadelphia, Pennsylvania, United States",39.9527237,-75.1635262,"United States","Pennsylvania","Haverford, Pennsylvania, United States",40.0131672,-75.2943516,"United States","Pennsylvania"
29,"Tel Aviv, Israel",32.0852997,34.7818064,"Israel",NA,"Las Vegas, Nevada, United States",36.1674263,-115.1484131,"United States","Nevada"
30,"Boston, Massachusetts, United States",42.3554334,-71.060511,"United States","Massachusetts","Las Vegas, Nevada, United States",36.1674263,-115.1484131,"United States","Nevada"
31,"Ibadan, Nigeria",7.3786064,3.8969928,"Nigeria",NA,"Lagos, Nigeria",6.4550575,3.3941795,"Nigeria",NA
32,"Malang, East Java, Indonesia",-7.9771308,112.6340265,"Indonesia",NA,"Surabaya, Indonesia",-7.2462836,112.7377674,"Indonesia",NA
34,"Beirut, Lebanon",33.8892265,35.5025585,"Lebanon",NA,"Lexington, Massachusetts, United States",42.4473175,-71.2245003,"United States","Massachusetts"
35,"Mumbai, Maharashtra, India",19.054999,72.8692035,"India",NA,"Pune, Maharashtra, India",18.5213738,73.8545071,"India",NA
36,"Baku, Azerbaijan",40.3755885,49.8328009,"Azerbaijan",NA,"Moscow, Russia",55.625578,37.6063916,"Russia",NA
37,"Of, Trabzon, Turkey",40.947642,40.2694068,"Turkey",NA,"Istanbul, Turkey",41.006381,28.9758715,"Turkey",NA
41,"Kolkata, West Bengal, India",22.5726459,88.3638953,"India",NA,"Kolkata, West Bengal, India",22.5726459,88.3638953,"India",NA
42,"Patna, Bihar, India",25.6093239,85.1235252,"India",NA,"London, United Kingdom",51.4893335,-0.1440551,"United Kingdom",NA
50,"Raipur, Chhattisgarh, India",21.2380912,81.6336993,"India",NA,"Mumbai, Maharashtra, India",19.054999,72.8692035,"India",NA
51,"São Paulo, São Paulo, Brazil",-23.5506507,-46.6333824,"Brazil",NA,"São Paulo, São Paulo, Brazil",-23.5506507,-46.6333824,"Brazil",NA
52,"São Paulo, São Paulo, Brazil",-23.5506507,-46.6333824,"Brazil",NA,"São Paulo, São Paulo, Brazil",-23.5506507,-46.6333824,"Brazil",NA
53,"São Paulo, São Paulo, Brazil",-23.5506507,-46.6333824,"Brazil",NA,"Campos do Jordão, Brazil",-22.738299,-45.5903769,"Brazil",NA
57,"Kempsey, New South Wales, Australia",-30.9056457,152.5228021,"Australia",NA,"Sydney, Australia",-33.8698439,151.2082848,"Australia",NA
58,"Tafraout, Morocco",29.720472,-8.9744529,"Morocco",NA,"Casablanca, Morocco",33.5945144,-7.6200284,"Morocco",NA
59,"Baku, Azerbaijan",40.3755885,49.8328009,"Azerbaijan",NA,"Moscow, Russia",55.625578,37.6063916,"Russia",NA
60,"Donetsk, Ukraine",48.0158753,37.8013407,"Ukraine",NA,"Donetsk, Ukraine",48.0158753,37.8013407,"Ukraine",NA
61,"Istanbul, Turkey",41.006381,28.9758715,"Turkey",NA,"Istanbul, Turkey",41.006381,28.9758715,"Turkey",NA
62,"Dessie, Ethiopia",11.122604,39.634982,"Ethiopia",NA,"Jeddah, Saudi Arabia",21.5504432,39.1742363,"Saudi Arabia",NA
65,"Ibra, Oman",22.7081773,58.5409926,"Oman",NA,"Muscat, Oman",23.6123628,58.5938134,"Oman",NA
67,"Alexandria, Egypt",31.1991806,29.8951716,"Egypt",NA,"London, United Kingdom",51.4893335,-0.1440551,"United Kingdom",NA
68,"Dubai, United Arab Emirates",25.0742823,55.1885387,"United Arab Emirates",NA,"Dubai, United Arab Emirates",25.0742823,55.1885387,"United Arab Emirates",NA
69,"Dubai, United Arab Emirates",25.0742823,55.1885387,"United Arab Emirates",NA,"Dubai, United Arab Emirates",25.0742823,55.1885387,"United Arab Emirates",NA
79,"Riyadh, Saudi Arabia",23.333333,45.333333,"Saudi Arabia",NA,"Paris, France",48.8588897,2.320041,"France",NA
80,"Jeddah, Saudi Arabia",21.5504432,39.1742363,"Saudi Arabia",NA,"Geneva, Switzerland",46.2017559,6.1466014,"Switzerland",NA
81,"Riyadh, Saudi Arabia",23.333333,45.333333,"Saudi Arabia",NA,"London, United Kingdom",51.4893335,-0.1440551,"United Kingdom",NA
85,"Riyadh, Saudi Arabia",23.333333,45.333333,"Saudi Arabia",NA,"Beirut, Lebanon",33.8892265,35.5025585,"Lebanon",NA
90,"Jeddah, Saudi Arabia",21.5504432,39.1742363,"Saudi Arabia",NA,"Jeddah, Saudi Arabia",21.5504432,39.1742363,"Saudi Arabia",NA
92,"Riyadh, Saudi Arabia",23.333333,45.333333,"Saudi Arabia",NA,"Riyadh, Saudi Arabia",23.333333,45.333333,"Saudi Arabia",NA
93,"Kuwait City, Kuwait",29.3796532,47.9734174,"Kuwait",NA,"Kuwait City, Kuwait",29.3796532,47.9734174,"Kuwait",NA
104,"Al Bukairiyah, Al Qassim, Saudi Arabia",26.13915,43.65782,"Saudi Arabia",NA,"Riyadh, Saudi Arabia",23.333333,45.333333,"Saudi Arabia",NA
106,"Al Bukairiyah, Al Qassim, Saudi Arabia",26.13915,43.65782,"Saudi Arabia",NA,"Riyadh, Saudi Arabia",23.333333,45.333333,"Saudi Arabia",NA
107,"Al Bukairiyah, Al Qassim, Saudi Arabia",26.13915,43.65782,"Saudi Arabia",NA,"Riyadh, Saudi Arabia",23.333333,45.333333,"Saudi Arabia",NA
110,"Jeddah, Saudi Arabia",21.5504432,39.1742363,"Saudi Arabia",NA,"Riyadh, Saudi Arabia",23.333333,45.333333,"Saudi Arabia",NA
114,"Doha, Qatar",25.2856329,51.5264162,"Qatar",NA,"Doha, Qatar",25.2856329,51.5264162,"Qatar",NA
116,"Doha, Qatar",25.2856329,51.5264162,"Qatar",NA,"Doha, Qatar",25.2856329,51.5264162,"Qatar",NA
117,"Ikorodu, Nigeria",6.6191233,3.5041271,"Nigeria",NA,"Lagos, Nigeria",6.4550575,3.3941795,"Nigeria",NA
122,"Essen, Germany",51.4582235,7.0158171,"Germany",NA,"Mülheim an der Ruhr, Germany",51.4272925,6.8829192,"Germany",NA
124,"Essen, Germany",51.4582235,7.0158171,"Germany",NA,"Mülheim an der Ruhr, Germany",51.4272925,6.8829192,"Germany",NA
125,"Alor Setar, Kedah, Malaysia",6.1231908,100.3683962,"Malaysia",NA,"Kuala Lumpur, Malaysia",3.1526589,101.7022205,"Malaysia",NA
126,"Madrid, Spain",40.416782,-3.703507,"Spain",NA,"Madrid, Spain",40.416782,-3.703507,"Spain",NA
127,"Baku, Azerbaijan",40.3755885,49.8328009,"Azerbaijan",NA,"Moscow, Russia",55.625578,37.6063916,"Russia",NA
128,"Gatteo, Forlì-Cesena, Italy",44.109466,12.386042,"Italy",NA,"Cesena, Italy",44.136352,12.2422442,"Italy",NA
129,"New York, New York, United States",40.7127281,-74.0060152,"United States","New York","Houston, Texas, United States",29.7589382,-95.3676974,"United States","Texas"
130,"Vladivostok, Russia",43.1150678,131.8855768,"Russia",NA,"Vladivostok, Russia",43.1150678,131.8855768,"Russia",NA
132,"Waterville, Maine, United States",44.5505773,-69.6303174,"United States","Maine","Scarborough, Maine, United States",43.5901655,-70.334505,"United States","Maine"
133,"Waterville, Maine, United States",44.5505773,-69.6303174,"United States","Maine","Weston, Massachusetts, United States",42.3667625,-71.3031132,"United States","Massachusetts"
134,"Waterville, Maine, United States",44.5505773,-69.6303174,"United States","Maine","Boston, Massachusetts, United States",42.3554334,-71.060511,"United States","Massachusetts"
135,"New York, New York, United States",40.7127281,-74.0060152,"United States","New York","New York, New York, United States",40.7127281,-74.0060152,"United States","New York"
136,"Seattle, Washington, United States",47.6038321,-122.330062,"United States","Washington","Mercer Island, Washington, United States",47.5766324,-122.2276378,"United States","Washington"
138,"Chicago, Illinois, United States",41.8755616,-87.6244212,"United States","Illinois","San Francisco, California, United States",37.7792588,-122.4193286,"United States","California"
139,"Raqqa, Syria",35.949678,39.0089212,"Syria",NA,"Montpellier, France",43.6112422,3.8767337,"France",NA
140,"Yekaterinburg, Russia",56.8382071,60.6007886,"Russia",NA,"Yekaterinburg, Russia",56.8382071,60.6007886,"Russia",NA
141,"Thrissur, Kerala, India",10.5270099,76.214621,"India",NA,"Kochi, India",9.9679032,76.2444378,"India",NA
143,"Mumbai, Maharashtra, India",19.054999,72.8692035,"India",NA,"Mumbai, Maharashtra, India",19.054999,72.8692035,"India",NA
145,"Aden, Yemen",12.789585,45.028504,"Yemen",NA,"Mumbai, Maharashtra, India",19.054999,72.8692035,"India",NA
146,"Vadodara, Gujarat, India",22.2973142,73.1942567,"India",NA,"Vadodara, Gujarat, India",22.2973142,73.1942567,"India",NA
150,"Moscow, Russia",55.625578,37.6063916,"Russia",NA,"Moscow, Russia",55.625578,37.6063916,"Russia",NA
151,"Moscow, Russia",55.625578,37.6063916,"Russia",NA,"Moscow, Russia",55.625578,37.6063916,"Russia",NA
153,"Istanbul, Turkey",41.006381,28.9758715,"Turkey",NA,"Barcelona, Spain",41.3825802,2.177073,"Spain",NA
154,"Toulouse, Haute-Garonne, France",43.6044638,1.4442433,"France",NA,"Toronto, Ontario, Canada",43.6534817,-79.3839347,"Canada",NA
160,"Cedar Falls, Iowa, United States",42.5361805,-92.447758,"United States","Iowa","Atherton, California, United States",37.453773,-122.2058272,"United States","California"
161,"Moscow, Russia",55.625578,37.6063916,"Russia",NA,"London, United Kingdom",51.4893335,-0.1440551,"United Kingdom",NA
162,"Oslo, Norway",59.9133301,10.7389701,"Norway",NA,"Oslo, Norway",59.9133301,10.7389701,"Norway",NA
163,"Oslo, Norway",59.9133301,10.7389701,"Norway",NA,"Oslo, Norway",59.9133301,10.7389701,"Norway",NA
164,"Surabaya, Indonesia",-7.2462836,112.7377674,"Indonesia",NA,"Jakarta, Indonesia",-6.1754049,106.827168,"Indonesia",NA
165,"Manila, Philippines",14.5904492,120.9803621,"Philippines",NA,"Manila, Philippines",14.5904492,120.9803621,"Philippines",NA
170,"Ferrara, Ferrara, Italy",44.8372737,11.6186451,"Italy",NA,"Santiago, Chile",-33.4377756,-70.6504502,"Chile",NA
172,"Hanoi, Vietnam",21.0283334,105.854041,"Vietnam",NA,"Hanoi, Vietnam",21.0283334,105.854041,"Vietnam",NA
173,"Almaty, Kazakhstan",43.2363924,76.9457275,"Kazakhstan",NA,"Zurich, Switzerland",47.3744489,8.5410422,"Switzerland",NA
176,"Russell, Kansas, United States",38.8970508,-98.7980433,"United States","Kansas","Denver, Colorado, United States",39.7392364,-104.984862,"United States","Colorado"
178,"Worcester, Massachusetts, United States",42.2625621,-71.8018877,"United States","Massachusetts","Miami Beach, Florida, United States",25.7929198,-80.1353006,"United States","Florida"
180,"Helsinki, Finland",60.1698897,24.9384719,"Finland",NA,"Helsinki, Finland",60.1698897,24.9384719,"Finland",NA
181,"Shuibeizhen, Xinyu, Jiangxi, China",28.04118,115.05725,"China",NA,"Beijing, Beijing, China",39.9057136,116.3912972,"China",NA
182,"Sorrento, Naples, Italy",40.624906,14.374836,"Italy",NA,"Geneva, Switzerland",46.2017559,6.1466014,"Switzerland",NA
183,"Haifa, Israel",32.8191218,34.9983856,"Israel",NA,"Geneva, Switzerland",46.2017559,6.1466014,"Switzerland",NA
185,"Ota, Gunma, Japan",36.2911561,139.3754233,"Japan",NA,"Tokyo, Japan",35.6768601,139.7638947,"Japan",NA
186,"Mexico City, Mexico",19.3207722,-99.1514678,"Mexico",NA,"Mexico City, Mexico",19.3207722,-99.1514678,"Mexico",NA
187,"Tampico, Tamaulipas, Mexico",22.2701096,-97.8948674,"Mexico",NA,"Los Angeles, California, United States",34.0536909,-118.242766,"United States","California"
188,"Bucaramanga, Colombia",7.1669842,-73.1047294,"Colombia",NA,"Bogotá, Colombia",4.6533817,-74.0836331,"Colombia",NA
190,"Detroit, Michigan, United States",42.3315509,-83.046640300000007,"United States","Michigan","Newport Beach, California, United States",33.6170092,-117.9294401,"United States","California"
191,"Tel Aviv, Israel",32.0852997,34.7818064,"Israel",NA,"Bal Harbour, Florida, United States",25.8917613,-80.1269896,"United States","Florida"
192,"New York, New York, United States",40.7127281,-74.0060152,"United States","New York","Tel Aviv, Israel",32.0852997,34.7818064,"Israel",NA
194,"Olaberria, Gipuzkoa, Spain",43.0269276,-2.2036619,"Spain",NA,"Gstaad, Switzerland",46.4721619,7.288748,"Switzerland",NA
195,"Ramat Gan, Israel",32.0686867,34.8246812,"Israel",NA,"Herzliya Pituach, Israel",32.1739444,34.8081804,"Israel",NA
196,"Piacenza, Piacenza, Italy",45.0534751,9.6947461,"Italy",NA,"Milan, Italy",45.4641943,9.1896346,"Italy",NA
198,"San Jose, California, United States",37.3361663,-121.890591,"United States","California","San Francisco, California, United States",37.7792588,-122.4193286,"United States","California"
200,"Roubaix, Nord, France",50.6915893,3.1741734,"France",NA,"Paris, France",48.8588897,2.320041,"France",NA
202,"Dallas, Texas, United States",32.7762719,-96.7968559,"United States","Texas","Houston, Texas, United States",29.7589382,-95.3676974,"United States","Texas"
205,"Inglewood, California, United States",33.9562003,-118.353132,"United States","California","Portola Valley, California, United States",37.3736298,-122.219047,"United States","California"
206,"São Paulo, São Paulo, Brazil",-23.5506507,-46.6333824,"Brazil",NA,"São Paulo, São Paulo, Brazil",-23.5506507,-46.6333824,"Brazil",NA
207,"Ankara, Turkey",39.9207759,32.8540497,"Turkey",NA,"Istanbul, Turkey",41.006381,28.9758715,"Turkey",NA
208,"Cremona, Cremona, Italy",45.1334796,10.0248716,"Italy",NA,"Cremona, Italy",45.2208641,10.037038,"Italy",NA
212,"Chichester, West Sussex, United Kingdom",50.8364862,-0.7791721,"United Kingdom",NA,"Turks and Caicos Islands, Turks & Caicos Islands",21.721746,-71.5527809,"Turks & Caicos Islands",NA
214,"Walsall, Staffordshire, United Kingdom",52.6326929,-2.0167166,"United Kingdom",NA,"Hertfordshire, United Kingdom",51.8400523,-0.0978552,"United Kingdom",NA
215,"New York, New York, United States",40.7127281,-74.0060152,"United States","New York","Greenwich, Connecticut, United States",41.0264862,-73.6284598,"United States","Connecticut"
217,"Boulder, Colorado, United States",40.0149856,-105.270545,"United States","Colorado","New York, New York, United States",40.7127281,-74.0060152,"United States","New York"
218,"Baghdad, Iraq",33.3061701,44.3872213,"Iraq",NA,"London, United Kingdom",51.4893335,-0.1440551,"United Kingdom",NA
220,"Geelong, Victoria, Australia",-38.1493248,144.3598241,"Australia",NA,"Melbourne, Australia",-37.8142454,144.9631732,"Australia",NA
221,"Nixa, Missouri, United States",37.0433856,-93.2986635,"United States","Missouri","Brownsville, Texas, United States",25.9024289,-97.4981698,"United States","Texas"
222,"Houston, Texas, United States",29.7589382,-95.3676974,"United States","Texas","Houston, Texas, United States",29.7589382,-95.3676974,"United States","Texas"
223,"Odintsovo, Russia",55.678223,37.2668096,"Russia",NA,"Moscow, Russia",55.625578,37.6063916,"Russia",NA
224,"Goryachy Klyuch, Krasnodar Krai, Russia",44.6342653,39.1363613,"Russia",NA,"Moscow, Russia",55.625578,37.6063916,"Russia",NA
225,"Moscow, Russia",55.625578,37.6063916,"Russia",NA,"Klaugi, Latvia",56.8712701,25.8983647,"Latvia",NA
227,"Kobe, Hyōgo, Japan",34.6932379,135.1943764,"Japan",NA,"Tokyo, Japan",35.6768601,139.7638947,"Japan",NA
228,"Lagos, Nigeria",6.4550575,3.3941795,"Nigeria",NA,"Atlanta, Georgia, United States",33.7544657,-84.3898151,"United States","Georgia"
229,"Arapgir, Turkey",39.0422423,38.4898342,"Turkey",NA,"Istanbul, Turkey",41.006381,28.9758715,"Turkey",NA
231,"Mexico City, Mexico",19.3207722,-99.1514678,"Mexico",NA,"Mexico City, Mexico",19.3207722,-99.1514678,"Mexico",NA
232,"Igunga District, Tabora Region, Tanzania",-4.297499,33.8765338,"Tanzania",NA,"Dar es Salaam, Tanzania",-6.8160837,39.2803583,"Tanzania",NA
234,"Montreal, Quebec, Canada",45.5031824,-73.5698065,"Canada",NA,"Toronto, Ontario, Canada",43.6534817,-79.3839347,"Canada",NA
235,"Montreal, Quebec, Canada",45.5031824,-73.5698065,"Canada",NA,"Montreal, Quebec, Canada",45.5031824,-73.5698065,"Canada",NA
236,"Montreal, Quebec, Canada",45.5031824,-73.5698065,"Canada",NA,"Herzliya, Israel",32.1656255,34.846902300000004,"Israel",NA
237,"Itami, Hyōgo, Japan",34.7845024,135.4004409,"Japan",NA,"Tokyo, Japan",35.6768601,139.7638947,"Japan",NA
238,"Bratislava, Slovakia",48.1516988,17.1093063,"Slovakia",NA,"Prague, Czechia",50.0596288,14.4464593,"Czechia",NA
239,"Diyarbakir, Turkey",37.9162222,40.2363542,"Turkey",NA,"Ankara, Turkey",39.9207759,32.8540497,"Turkey",NA
240,"Raleigh, North Carolina, United States",35.7803977,-78.6390989,"United States","North Carolina","Oyster Bay, New York, United States",40.7696568,-73.4998608,"United States","New York"
241,"Bolougne-Billancourt, Hauts-de-Seine, France",48.83545,2.24128,"France",NA,"Paris, France",48.8588897,2.320041,"France",NA
243,"Sur, Oman",22.5694263,59.5297203,"Oman",NA,"Muscat, Oman",23.6123628,58.5938134,"Oman",NA
244,"Sur, Oman",22.5694263,59.5297203,"Oman",NA,"Muscat, Oman",23.6123628,58.5938134,"Oman",NA
245,"Xinxiang, Henan, China",35.308611,114.051111,"China",NA,"Dongguan, Guangdong, China",23.0183568,113.7452332,"China",NA
246,"Xiantao, Hubei, China",30.364029,113.4486702,"China",NA,"Ningbo, Zhejiang, China",29.8622194,121.6203873,"China",NA
247,"Pittsburgh, Pennsylvania, United States",40.4416941,-79.9900861,"United States","Pennsylvania","Aspen, Colorado, United States",39.1911128,-106.82356,"United States","Colorado"
248,"Mexico City, Mexico",19.3207722,-99.1514678,"Mexico",NA,"Mexico City, Mexico",19.3207722,-99.1514678,"Mexico",NA
258,"Kolkata, West Bengal, India",22.5726459,88.3638953,"India",NA,"Pune, Maharashtra, India",18.5213738,73.8545071,"India",NA
259,"Pune, Maharashtra, India",18.5213738,73.8545071,"India",NA,"Pune, Maharashtra, India",18.5213738,73.8545071,"India",NA
263,"Opava, Czechia",49.9389004,17.9024174,"Czechia",NA,"Geneva, Switzerland",46.2017559,6.1466014,"Switzerland",NA
264,"Chicago, Illinois, United States",41.8755616,-87.6244212,"United States","Illinois","New York, New York, United States",40.7127281,-74.0060152,"United States","New York"
265,"Chicago, Illinois, United States",41.8755616,-87.6244212,"United States","Illinois","New York, New York, United States",40.7127281,-74.0060152,"United States","New York"
266,"Mumbai, Maharashtra, India",19.054999,72.8692035,"India",NA,"Ahmedabad, Gujarat, India",23.0215374,72.5800568,"India",NA
267,"Ivano-Frankivsk, Ukraine",48.7481718,24.5207477,"Ukraine",NA,"Kyiv, Ukraine",50.4500336,30.5241361,"Ukraine",NA
269,"Serpukhov, Moscow Oblast, Russia",54.9155247,37.4195533,"Russia",NA,"Moscow, Russia",55.625578,37.6063916,"Russia",NA
270,"Syangja, Nepal",28.0445533,83.82767,"Nepal",NA,"Haridwar, India",29.9384473,78.1452985,"India",NA
271,"Detroit, Michigan, United States",42.3315509,-83.046640300000007,"United States","Michigan","Hunts Point, Washington, United States",47.6434321,-122.230124,"United States","Washington"
272,"Seaforth, Ontario, Canada",43.5534328,-81.3934183,"Canada",NA,"Waterloo, Ontario, Canada",43.4652699,-80.5222961,"Canada",NA
274,"Amsterdam, Netherlands",52.3730796,4.8924534,"Netherlands",NA,"Amsterdam, Netherlands",52.3730796,4.8924534,"Netherlands",NA
275,"Staffordshire, United Kingdom",52.8246942,-2.0074547,"United Kingdom",NA,"Gloucestershire, United Kingdom",51.7643786,-2.1880662,"United Kingdom",NA
276,"Marseille, France",43.2961743,5.3699525,"France",NA,"Boston, Massachusetts, United States",42.3554334,-71.060511,"United States","Massachusetts"
277,"Seoul, South Korea",37.5666791,126.9782914,"South Korea",NA,"Seoul, South Korea",37.5666791,126.9782914,"South Korea",NA
278,"Seoul, South Korea",37.5666791,126.9782914,"South Korea",NA,"Seoul, South Korea",37.5666791,126.9782914,"South Korea",NA
279,"Amritsar, Punjab, India",31.6356659,74.8787496,"India",NA,"Hong Kong, China",22.2793278,114.1628131,"China",NA
280,"Kolkata, West Bengal, India",22.5726459,88.3638953,"India",NA,"Kolkata, West Bengal, India",22.5726459,88.3638953,"India",NA
282,"Stanford, California, United States",37.427467,-122.1702445,"United States","California","Nassau, Bahamas",25.0782266,-77.3383438,"Bahamas",NA
283,"Ashkelon, Israel",31.6687545,34.5740485,"Israel",NA,"Palo Alto, California, United States",37.4443293,-122.1598465,"United States","California"
284,"Chandigarh, India",30.7334421,76.7797143,"India",NA,"Singapore, Singapore",1.357107,103.8194992,"Singapore",NA
285,"Chandigarh, India",30.7334421,76.7797143,"India",NA,"Bengaluru, Karnataka, India",12.9767936,77.590082,"India",NA
286,"Sagunto, Spain",39.6792916,-0.2786451,"Spain",NA,"London, United Kingdom",51.4893335,-0.1440551,"United Kingdom",NA
287,"Longnan County, Jiangxi, China",33.9981882,105.2018925,"China",NA,"Nanchang, Jiangxi, China",28.6472124,116.0348483,"China",NA
288,"Belém, Pará, Brazil",-1.45056,-48.4682453,"Brazil",NA,"Rio de Janeiro, Rio de Janeiro, Brazil",-22.9110137,-43.2093727,"Brazil",NA
289,"London, United Kingdom",51.4893335,-0.1440551,"United Kingdom",NA,"Island of Brecquou, United Kingdom",49.43222,-2.38833,"United Kingdom",NA
291,"Milan, Italy",45.4641943,9.1896346,"Italy",NA,"Parma, Italy",44.6952006,10.0979869,"Italy",NA
292,"Milan, Italy",45.4641943,9.1896346,"Italy",NA,"Parma, Italy",44.6952006,10.0979869,"Italy",NA
293,"Milan, Italy",45.4641943,9.1896346,"Italy",NA,"Parma, Italy",44.6952006,10.0979869,"Italy",NA
294,"Milan, Italy",45.4641943,9.1896346,"Italy",NA,"Parma, Italy",44.6952006,10.0979869,"Italy",NA
295,"Bandung, West Java, Indonesia",-6.9218457,107.6070833,"Indonesia",NA,"Jakarta, Indonesia",-6.1754049,106.827168,"Indonesia",NA
296,"St. Louis, Missouri, United States",38.6280278,-90.1910154,"United States","Missouri","Austin, Texas, United States",30.2711286,-97.7436995,"United States","Texas"
298,"Ashbury Park, New Jersey, United States",40.220378,-74.011808,"United States","New Jersey","New York, New York, United States",40.7127281,-74.0060152,"United States","New York"
299,"Los Angeles, California, United States",34.0536909,-118.242766,"United States","California","Los Angeles, California, United States",34.0536909,-118.242766,"United States","California"
301,"New Canaan, Connecticut, United States",41.146763,-73.4948446,"United States","Connecticut","Seattle, Washington, United States",47.6038321,-122.330062,"United States","Washington"
302,"Istanbul, Turkey",41.006381,28.9758715,"Turkey",NA,"Istanbul, Turkey",41.006381,28.9758715,"Turkey",NA
303,"Elazig, Turkey",38.5824771,39.396179,"Turkey",NA,"Istanbul, Turkey",41.006381,28.9758715,"Turkey",NA
305,"Fort Worth, Texas, United States",32.753177,-97.3327459,"United States","Texas","Fort Worth, Texas, United States",32.753177,-97.3327459,"United States","Texas"
306,"Fort Worth, Texas, United States",32.753177,-97.3327459,"United States","Texas","Fort Worth, Texas, United States",32.753177,-97.3327459,"United States","Texas"
308,"Fort Worth, Texas, United States",32.753177,-97.3327459,"United States","Texas","Fort Worth, Texas, United States",32.753177,-97.3327459,"United States","Texas"
309,"Fort Worth, Texas, United States",32.753177,-97.3327459,"United States","Texas","Fort Worth, Texas, United States",32.753177,-97.3327459,"United States","Texas"
310,"Winnipeg, Manitoba, Canada",49.8955367,-97.1384584,"Canada",NA,"San Francisco, California, United States",37.7792588,-122.4193286,"United States","California"
311,"Formosa, Goias, Brazil",-15.5492443,-47.3301212,"Brazil",NA,"São Paulo, São Paulo, Brazil",-23.5506507,-46.6333824,"Brazil",NA
312,"Formosa, Goias, Brazil",-15.5492443,-47.3301212,"Brazil",NA,"São Paulo, São Paulo, Brazil",-23.5506507,-46.6333824,"Brazil",NA
313,"Governador Valadares, Minas Gerais, Brazil",-18.8574388,-41.9439184,"Brazil",NA,"Rio de Janeiro, Rio de Janeiro, Brazil",-22.9110137,-43.2093727,"Brazil",NA
315,"Moscow, Russia",55.625578,37.6063916,"Russia",NA,"London, United Kingdom",51.4893335,-0.1440551,"United Kingdom",NA
316,"Prague, Czechia",50.0596288,14.4464593,"Czechia",NA,"Prague, Czechia",50.0596288,14.4464593,"Czechia",NA
317,"Hamburg, Germany",53.550341,10.000654,"Germany",NA,"Hamburg, Germany",53.550341,10.000654,"Germany",NA
319,"Meilen, Zurich, Switzerland",47.270428,8.6412249,"Switzerland",NA,"Rheinfelden, Switzerland",47.5543859,7.7922905,"Switzerland",NA
320,"Heidelberg, Germany",49.4093582,8.694724,"Germany",NA,"Monaco, Monaco",43.7323492,7.4276832,"Monaco",NA
323,"Istanbul, Turkey",41.006381,28.9758715,"Turkey",NA,"Istanbul, Turkey",41.006381,28.9758715,"Turkey",NA
324,"Istanbul, Turkey",41.006381,28.9758715,"Turkey",NA,"Istanbul, Turkey",41.006381,28.9758715,"Turkey",NA
325,"Lansing, Michigan, United States",42.7338254,-84.5546295,"United States","Michigan","Dallas, Texas, United States",32.7762719,-96.7968559,"United States","Texas"
326,"Gravesend, Kent, United Kingdom",51.4424747,0.3694468,"United Kingdom",NA,"London, United Kingdom",51.4893335,-0.1440551,"United Kingdom",NA
328,"Neuilly-sur-Seine, Hauts-de-Seine, France",48.884683,2.2695658,"France",NA,"London, United Kingdom",51.4893335,-0.1440551,"United Kingdom",NA
329,"Oakland, California, United States",37.8044557,-122.271356,"United States","California","San Francisco, California, United States",37.7792588,-122.4193286,"United States","California"
330,"Oakland, California, United States",37.8044557,-122.271356,"United States","California","San Francisco, California, United States",37.7792588,-122.4193286,"United States","California"
331,"Finning, Germany",48.0233932,11.0133707,"Germany",NA,"Palo Alto, California, United States",37.4443293,-122.1598465,"United States","California"
335,"Mexico City, Mexico",19.3207722,-99.1514678,"Mexico",NA,"Mexico City, Mexico",19.3207722,-99.1514678,"Mexico",NA
336,"Rio de Janeiro, Rio de Janeiro, Brazil",-22.9110137,-43.2093727,"Brazil",NA,"Greenwich, Connecticut, United States",41.0264862,-73.6284598,"United States","Connecticut"
337,"Bad Münstereifel, Germany",50.5545674,6.7636511,"Germany",NA,"Munich, Germany",48.1371079,11.5753822,"Germany",NA
339,"Potchefstroom, South Africa",-26.707778,27.095833,"South Africa",NA,"Cape Town, South Africa",-33.9288301,18.4172197,"South Africa",NA
340,"Marseille, France",43.2961743,5.3699525,"France",NA,"Paris, France",48.8588897,2.320041,"France",NA
341,"Marseille, France",43.2961743,5.3699525,"France",NA,"Paris, France",48.8588897,2.320041,"France",NA
344,"Xiamen, Fujian, China",24.5438732,118.0768065,"China",NA,"Manila, Philippines",14.5904492,120.9803621,"Philippines",NA
345,"Tunis, Tunisia",33.8439408,9.400138,"Tunisia",NA,"Paris, France",48.8588897,2.320041,"France",NA
348,"Villanueva, Colombia",6.6712394,-73.1753984,"Colombia",NA,"Santiago, Chile",-33.4377756,-70.6504502,"Chile",NA
352,"Treviso, Treviso, Italy",45.6658505,12.2455414,"Italy",NA,"Treviso, Italy",45.8066913,12.2063158,"Italy",NA
353,"Treviso, Treviso, Italy",45.6658505,12.2455414,"Italy",NA,"Ponzano Veneto, Italy",45.723851,12.194218,"Italy",NA
355,"San Francisco, California, United States",37.7792588,-122.4193286,"United States","California","San Francisco, California, United States",37.7792588,-122.4193286,"United States","California"
356,"Fez, Morocco",34.0346534,-5.0161926,"Morocco",NA,"Casablanca, Morocco",33.5945144,-7.6200284,"Morocco",NA
358,"Fjarestad, Sweden",55.9870488,12.8362405,"Sweden",NA,"Göteborg, Sweden",57.7072326,11.9670171,"Sweden",NA
359,"Rochester, New York, United States",43.157285,-77.615214,"United States","New York","Rochester, New York, United States",43.157285,-77.615214,"United States","New York"
361,"Fez, Morocco",34.0346534,-5.0161926,"Morocco",NA,"Montreal, Quebec, Canada",45.5031824,-73.5698065,"Canada",NA
362,"New Orleans, Louisiana, United States",29.9559145,-90.0730259,"United States","Louisiana","New Orleans, Louisiana, United States",29.9559145,-90.0730259,"United States","Louisiana"
369,"Paris, France",48.8588897,2.320041,"France",NA,"Beverly Hills, California, United States",34.0696501,-118.3963062,"United States","California"
371,"Arlesheim, Switzerland",47.4931125,7.6202048,"Switzerland",NA,"Milan, Italy",45.4641943,9.1896346,"Italy",NA
372,"Arlesheim, Switzerland",47.4931125,7.6202048,"Switzerland",NA,"Macherio, Italy",45.640116,9.269371,"Italy",NA
373,"Arlesheim, Switzerland",47.4931125,7.6202048,"Switzerland",NA,"Macherio, Italy",45.640116,9.269371,"Italy",NA
374,"Milan, Italy",45.4641943,9.1896346,"Italy",NA,"Milan, Italy",45.4641943,9.1896346,"Italy",NA
375,"Milan, Italy",45.4641943,9.1896346,"Italy",NA,"Arcore, Italy",45.626556,9.3214647,"Italy",NA
376,"Milan, Italy",45.4641943,9.1896346,"Italy",NA,"Milan, Italy",45.4641943,9.1896346,"Italy",NA
378,"Künzelsau, Germany",49.2803765,9.6901512,"Germany",NA,"Künzelsau, Germany",49.2803765,9.6901512,"Germany",NA
379,"Rome, Italy",41.8933203,12.4829321,"Italy",NA,"Gstaad, Switzerland",46.4721619,7.288748,"Switzerland",NA
380,"Rome, Italy",41.8933203,12.4829321,"Italy",NA,"Gstaad, Switzerland",46.4721619,7.288748,"Switzerland",NA
381,"Arezzo, Arezzo, Italy",43.4628957,11.8781675,"Italy",NA,"Milan, Italy",45.4641943,9.1896346,"Italy",NA
382,"Munich, Germany",48.1371079,11.5753822,"Germany",NA,"Berlin, Germany",52.5173885,13.3951309,"Germany",NA
383,"Le Mans, Sarthe, France",48.0073849,0.1967849,"France",NA,"Laval, France",48.0706687,-0.7734022,"France",NA
384,"Boulogne-Billancourt, Hauts-de-Seine, France",48.8356649,2.240206,"France",NA,"Laval, France",48.0706687,-0.7734022,"France",NA
385,"Le Mans, Sarthe, France",48.0073849,0.1967849,"France",NA,"Laval, France",48.0706687,-0.7734022,"France",NA
387,"Neuilly-sur-Seine, Hauts-de-Seine, France",48.884683,2.2695658,"France",NA,"Paris, France",48.8588897,2.320041,"France",NA
388,"San Antonio, Texas, United States",29.4246002,-98.4951405,"United States","Texas","Austin, Texas, United States",30.2711286,-97.7436995,"United States","Texas"
389,"Albuquerque, New Mexico, United States",35.0841034,-106.650985,"United States","New Mexico","Miami, Florida, United States",25.7741728,-80.19362,"United States","Florida"
391,"Lucknow, Uttar Pradesh, India",26.8381,80.9346001,"India",NA,"Farmington Hills, Michigan, United States",42.4853125,-83.3771553,"United States","Michigan"
397,"Nainital, India",29.3905295,79.460869,"India",NA,"New Delhi, India",28.6419258,77.2217499,"India",NA
400,"Pittsford, New York, United States",43.090959,-77.515298,"United States","New York","San Francisco, California, United States",37.7792588,-122.4193286,"United States","California"
401,"Boston, Massachusetts, United States",42.3554334,-71.060511,"United States","Massachusetts","Boston, Massachusetts, United States",42.3554334,-71.060511,"United States","Massachusetts"
402,"Oklahoma City, Oklahoma, United States",35.4729886,-97.5170536,"United States","Oklahoma","San Francisco, California, United States",37.7792588,-122.4193286,"United States","California"
403,"Krotoszyn, Poland",51.695926,17.4374158,"Poland",NA,"Krotoszyn, Poland",51.695926,17.4374158,"Poland",NA
405,"São Paulo, São Paulo, Brazil",-23.5506507,-46.6333824,"Brazil",NA,"São Paulo, São Paulo, Brazil",-23.5506507,-46.6333824,"Brazil",NA
407,"Indianapolis, Indiana, United States",39.7683331,-86.1583502,"United States","Indiana","Greenwich, Connecticut, United States",41.0264862,-73.6284598,"United States","Connecticut"
409,"Wilmington, Delaware, United States",39.7459468,-75.546589,"United States","Delaware","New York, New York, United States",40.7127281,-74.0060152,"United States","New York"
413,"Kolkata, West Bengal, India",22.5726459,88.3638953,"India",NA,"Mumbai, Maharashtra, India",19.054999,72.8692035,"India",NA
414,"Philadelphia, Pennsylvania, United States",39.9527237,-75.1635262,"United States","Pennsylvania","Hobe Sound, Florida, United States",27.080492,-80.139918,"United States","Florida"
415,"Mize, Smith County, Mississippi, United States",31.8684927,-89.5559024,"United States","Mississippi","The Woodlands, Texas, United States",30.1734194,-95.504686,"United States","Texas"
416,"Edmonton, Alberta, Canada",53.5462055,-113.491241,"Canada",NA,"San Francisco, California, United States",37.7792588,-122.4193286,"United States","California"
417,"Reykjavik, Iceland",64.145981,-21.9422367,"Iceland",NA,"London, United Kingdom",51.4893335,-0.1440551,"United Kingdom",NA
419,"Clearwater, Florida, United States",27.9658533,-82.8001026,"United States","Florida","Atlanta, Georgia, United States",33.7544657,-84.3898151,"United States","Georgia"
420,"New York, New York, United States",40.7127281,-74.0060152,"United States","New York","Atlanta, Georgia, United States",33.7544657,-84.3898151,"United States","Georgia"
421,"New York, New York, United States",40.7127281,-74.0060152,"United States","New York","New York, New York, United States",40.7127281,-74.0060152,"United States","New York"
422,"Odessa, Ukraine",46.4843023,30.7322878,"Ukraine",NA,"London, United Kingdom",51.4893335,-0.1440551,"United Kingdom",NA
424,"Newton, Massachusetts, United States",42.3370414,-71.2092214,"United States","Massachusetts","San Francisco, California, United States",37.7792588,-122.4193286,"United States","California"
425,"Malmö, Sweden",55.6052931,13.0001566,"Sweden",NA,"Zurich, Switzerland",47.3744489,8.5410422,"Switzerland",NA
427,"Heidelberg, Germany",49.4093582,8.694724,"Germany",NA,"Bruchsal, Germany",49.124118,8.5980244,"Germany",NA
428,"Scotch Plains, New Jersey, United States",40.65538,-74.3898732,"United States","New Jersey","New York, New York, United States",40.7127281,-74.0060152,"United States","New York"
431,"Männedorf, Zurich, Switzerland",47.253174,8.6918153,"Switzerland",NA,"Wilen bei Wollerau, Switzerland",47.1976358,8.7343815,"Switzerland",NA
432,"Männedorf, Zurich, Switzerland",47.253174,8.6918153,"Switzerland",NA,"Wilen bei Wollerau, Switzerland",47.1976358,8.7343815,"Switzerland",NA
436,"Boston, Massachusetts, United States",42.3554334,-71.060511,"United States","Massachusetts","New York, New York, United States",40.7127281,-74.0060152,"United States","New York"
437,"Derbyshire, United Kingdom",53.1666927,-1.5833223,"United Kingdom",NA,"Aberdyfi, United Kingdom",52.5451248,-4.0533624,"United Kingdom",NA
438,"Meeker, Colorado, United States",40.0374733,-107.913129,"United States","Colorado","San Diego, California, United States",32.7174202,-117.162772,"United States","California"
439,"Meeker, Colorado, United States",40.0374733,-107.913129,"United States","Colorado","Del Mar, California, United States",32.9594891,-117.2653146,"United States","California"
440,"Chicago, Illinois, United States",41.8755616,-87.6244212,"United States","Illinois","Chicago, Illinois, United States",41.8755616,-87.6244212,"United States","Illinois"
442,"Changchun, Jilin, China",43.8844201,125.3180998,"China",NA,"Beijing, Beijing, China",39.9057136,116.3912972,"China",NA
444,"Fairfax, Virginia, United States",38.8462236,-77.3063733,"United States","Virginia","Darien, Connecticut, United States",41.0787079,-73.4692873,"United States","Connecticut"
445,"Grants Pass, Oregon, United States",42.4393707,-123.3272489,"United States","Oregon","Grants Pass, Oregon, United States",42.4393707,-123.3272489,"United States","Oregon"
446,"Moscow, Russia",55.625578,37.6063916,"Russia",NA,"Moscow, Russia",55.625578,37.6063916,"Russia",NA
447,"Suerka, Tyumen, Russia",56.2539356,66.0347755,"Russia",NA,"Surgut, Russia",61.254032,73.3964,"Russia",NA
448,"Moscow, Russia",55.625578,37.6063916,"Russia",NA,"Florence, Italy",43.7697955,11.2556404,"Italy",NA
449,"Kamianske, Ukraine",48.5167748,34.6068797,"Ukraine",NA,"Dnipro, Ukraine",51.5567163,30.6121981,"Ukraine",NA
450,"Moscow, Russia",55.625578,37.6063916,"Russia",NA,"Moscow, Russia",55.625578,37.6063916,"Russia",NA
451,"Boulogne-Billancourt, Hauts-de-Seine, France",48.8356649,2.240206,"France",NA,"Paris, France",48.8588897,2.320041,"France",NA
452,"Valencia, Spain",39.4697065,-0.3763353,"Spain",NA,"Madrid, Spain",40.416782,-3.703507,"Spain",NA
453,"Vicenza, Vicenza, Italy",45.5488306,11.5478825,"Italy",NA,"Bergamo, Italy",45.7566557,9.7542192,"Italy",NA
454,"Los Angeles, California, United States",34.0536909,-118.242766,"United States","California","Fort Worth, Texas, United States",32.753177,-97.3327459,"United States","Texas"
458,"Lawrence, Kansas, United States",38.9719137,-95.2359403,"United States","Kansas","Austin, Texas, United States",30.2711286,-97.7436995,"United States","Texas"
459,"Issum, Germany",51.5347321,6.4245085,"Germany",NA,"Straelen, Germany",51.4439341,6.2694388,"Germany",NA
460,"Ottawa, Ontario, Canada",45.4208777,-75.6901106,"Canada",NA,"San Francisco, California, United States",37.7792588,-122.4193286,"United States","California"
461,"Moscow, Russia",55.625578,37.6063916,"Russia",NA,"Moscow, Russia",55.625578,37.6063916,"Russia",NA
462,"Mobile, Alabama, United States",30.6913462,-88.0437509,"United States","Alabama","Houston, Texas, United States",29.7589382,-95.3676974,"United States","Texas"
464,"Philadelphia, Pennsylvania, United States",39.9527237,-75.1635262,"United States","Pennsylvania","Wayland, Massachusetts, United States",42.3632063,-71.3606721,"United States","Massachusetts"
465,"Barnaul, Altai Krai, Russia",53.3475493,83.7788448,"Russia",NA,"Moscow, Russia",55.625578,37.6063916,"Russia",NA
467,"Santander, Spain",43.4618932,-3.8100255,"Spain",NA,"Madrid, Spain",40.416782,-3.703507,"Spain",NA
468,"Chicoutimi, Québec, Canada",48.4286352,-71.0637121,"Canada",NA,"Montreal, Quebec, Canada",45.5031824,-73.5698065,"Canada",NA
470,"Suresnes, Hauts-de-Seine, France",48.8709053,2.2255727,"France",NA,"Paris, France",48.8588897,2.320041,"France",NA
471,"Suresnes, Hauts-de-Seine, France",48.8709053,2.2255727,"France",NA,"Neuilly-sur-Seine, Hauts-de-Seine, France",48.884683,2.2695658,"France",NA
473,"Prairie du Chien, Wisconsin, United States",43.05194,-91.1409933,"United States","Wisconsin","Denver, Colorado, United States",39.7392364,-104.984862,"United States","Colorado"
474,"Long Beach, California, United States",33.7690164,-118.191604,"United States","California","Las Vegas, Nevada, United States",36.1674263,-115.1484131,"United States","Nevada"
475,"Moscow, Russia",55.625578,37.6063916,"Russia",NA,"Lipperswil, Switzerland",47.6158599,9.0562291,"Switzerland",NA
476,"Tuscon, Arizona, United States",32.1975767,-111.0808306,"United States","Arizona","Portland, Oregon, United States",45.5202471,-122.674194,"United States","Oregon"
479,"West Chester, Pennsylvania, United States",39.9597213,-75.6059638,"United States","Pennsylvania","Miami, Florida, United States",25.7741728,-80.19362,"United States","Florida"
480,"Pittsburgh, Pennsylvania, United States",40.4416941,-79.9900861,"United States","Pennsylvania","San Diego, California, United States",32.7174202,-117.162772,"United States","California"
482,"London, United Kingdom",51.4893335,-0.1440551,"United Kingdom",NA,"Necker Island, British Virgin Islands",18.5265982,-64.3583581,"British Virgin Islands",NA
483,"Melsungen, Germany",51.1425944,9.5833158,"Germany",NA,"Melsungen, Germany",51.1425944,9.5833158,"Germany",NA
491,"Mayagüez, Puerto Rico, United States",18.2116354,-67.0953572,"United States","Puerto Rico","Miami Beach, Florida, United States",25.7929198,-80.1353006,"United States","Florida"
492,"Los Angeles, California, United States",34.0536909,-118.242766,"United States","California","Newport Beach, California, United States",33.6170092,-117.9294401,"United States","California"
496,"Miami Beach, Florida, United States",25.7929198,-80.1353006,"United States","Florida","Los Angeles, California, United States",34.0536909,-118.242766,"United States","California"
497,"New Haven, Connecticut, United States",41.3082138,-72.9250518,"United States","Connecticut","Austin, Texas, United States",30.2711286,-97.7436995,"United States","Texas"
498,"Smithfield, North Carolina, United States",35.5111996,-78.346102,"United States","North Carolina","Raleigh, North Carolina, United States",35.7803977,-78.6390989,"United States","North Carolina"
500,"Moscow, Russia",55.625578,37.6063916,"Russia",NA,"Los Altos, California, United States",37.3790629,-122.116578,"United States","California"
501,"Buenos Aires, Argentina",-34.6095579,-58.3887904,"Argentina",NA,"Buenos Aires, Argentina",-34.6095579,-58.3887904,"Argentina",NA
502,"Mount Vernon, New York, United States",40.9125085,-73.8386504,"United States","New York","San Francisco, California, United States",37.7792588,-122.4193286,"United States","California"
503,"Detroit, Michigan, United States",42.3315509,-83.046640300000007,"United States","Michigan","Los Angeles, California, United States",34.0536909,-118.242766,"United States","California"
504,"New York, New York, United States",40.7127281,-74.0060152,"United States","New York","Los Angeles, California, United States",34.0536909,-118.242766,"United States","California"
505,"St. Petersburg, Florida, United States",27.7700475,-82.6359078,"United States","Florida","Houston, Texas, United States",29.7589382,-95.3676974,"United States","Texas"
506,"Damme, Germany",52.5212651,8.1957974,"Germany",NA,"Koenigstein, Germany",50.9185261,14.0732271,"Germany",NA
508,"Montreal, Quebec, Canada",45.5031824,-73.5698065,"Canada",NA,"Palm Beach, Florida, United States",26.6279798,-80.4494174,"United States","Florida"
509,"Montreal, Quebec, Canada",45.5031824,-73.5698065,"Canada",NA,"New York, New York, United States",40.7127281,-74.0060152,"United States","New York"
511,"Orlando, Florida, United States",28.5421109,-81.3790304,"United States","Florida","Ormond Beach, Florida, United States",29.2854132,-81.0557921,"United States","Florida"
512,"Paris, Tennessee, United States",36.3019461,-88.3258578,"United States","Tennessee","Atlanta, Georgia, United States",33.7544657,-84.3898151,"United States","Georgia"
515,"Racibórz, Poland",50.0917343,18.2196766,"Poland",NA,"Warsaw, Poland",52.2333742,21.0711489,"Poland",NA
518,"South Portland, Maine, United States",43.6382443,-70.2529189,"United States","Maine","Danbury, Connecticut, United States",41.394817,-73.4540111,"United States","Connecticut"
520,"Marshalltown, Iowa, United States",42.048881,-92.9122672,"United States","Iowa","Chicago, Illinois, United States",41.8755616,-87.6244212,"United States","Illinois"
523,"Omaha, Nebraska, United States",41.2587459,-95.9383758,"United States","Nebraska","Omaha, Nebraska, United States",41.2587459,-95.9383758,"United States","Nebraska"
524,"Pascagoula, Mississippi, United States",30.3646795,-88.5585995,"United States","Mississippi","Palm Beach, Florida, United States",26.6279798,-80.4494174,"United States","Florida"
525,"Hồng Ngự, Đồng Tháp, Vietnam",10.8241381,105.3708784,"Vietnam",NA,"Ho Chi Minh City, Vietnam",10.7755254,106.7021047,"Vietnam",NA
526,"Krasnoyarsk, Russia",56.0091173,92.872586,"Russia",NA,"Irkutsk, Russia",52.2891225,104.279829,"Russia",NA
527,"Volgoda, Russia",59.2213073,39.8868153,"Russia",NA,"London, United Kingdom",51.4893335,-0.1440551,"United Kingdom",NA
528,"Vologda, Russia",60.0391461,43.1215213,"Russia",NA,"London, United Kingdom",51.4893335,-0.1440551,"United Kingdom",NA
530,"Rome, Italy",41.8933203,12.4829321,"Italy",NA,"Rome, Italy",41.8933203,12.4829321,"Italy",NA
531,"Rome, Italy",41.8933203,12.4829321,"Italy",NA,"Rome, Italy",41.8933203,12.4829321,"Italy",NA
532,"Rufino, Santa Fe, Argentina",-34.2617313,-62.7110819,"Argentina",NA,"Manantiales, Uruguay",-34.9059095,-54.8238616,"Uruguay",NA
534,"Lawrenceburg, Tennessee, United States",35.2423023,-87.3347389,"United States","Tennessee","Seattle, Washington, United States",47.6038321,-122.330062,"United States","Washington"
535,"Bryn Mawr, Pennsylvania, United States",40.0238245,-75.3173407,"United States","Pennsylvania","New York, New York, United States",40.7127281,-74.0060152,"United States","New York"
536,"Valley Forge, Pennsylvania, United States",40.0970507,-75.4696358,"United States","Pennsylvania","New York, New York, United States",40.7127281,-74.0060152,"United States","New York"
537,"Heidelberg, Germany",49.4093582,8.694724,"Germany",NA,"Munich, Germany",48.1371079,11.5753822,"Germany",NA
539,"Lyon, France",45.7578137,4.8320114,"France",NA,"Paris, France",48.8588897,2.320041,"France",NA
540,"Boulogne-Billancourt, Hauts-de-Seine, France",48.8356649,2.240206,"France",NA,"Paris, France",48.8588897,2.320041,"France",NA
541,"Pomona, California, United States",34.0553813,-117.7517496,"United States","California","London, United Kingdom",51.4893335,-0.1440551,"United Kingdom",NA
544,"Amritsar, Punjab, India",31.6356659,74.8787496,"India",NA,"New Delhi, India",28.6419258,77.2217499,"India",NA
548,"Wichita, Kansas, United States",37.6922361,-97.3375448,"United States","Kansas","Spring Hill, Kansas, United States",38.7430646,-94.8255166,"United States","Kansas"
551,"Houston, Texas, United States",29.7589382,-95.3676974,"United States","Texas","San Antonio, Texas, United States",29.4246002,-98.4951405,"United States","Texas"
552,"Nueces County, Texas, United States",27.7153774,-97.6199942,"United States","Texas","San Antonio, Texas, United States",29.4246002,-98.4951405,"United States","Texas"
553,"Nueces County, Texas, United States",27.7153774,-97.6199942,"United States","Texas","Dallas, Texas, United States",32.7762719,-96.7968559,"United States","Texas"
554,"Harlingen, Texas, United States",26.1907543,-97.6960599,"United States","Texas","San Marcos, Texas, United States",29.8826436,-97.9405828,"United States","Texas"
555,"Lund, British Columbia, Canada",49.9816629,-124.759123,"Canada",NA,"Aspen, Colorado, United States",39.1911128,-106.82356,"United States","Colorado"
558,"Ziyang, Sichaun, China",30.12108,104.64811,"China",NA,"Chengdu, Sichuan, China",30.659867,104.063315,"China",NA
559,"Luancheng, Hebei, China",39.7519063,118.6502236,"China",NA,"Luancheng, Hebei, China",39.7519063,118.6502236,"China",NA
560,"Shantou, Guangdong, China",23.3563921,116.6775856,"China",NA,"Guangzhou, Guangdong, China",23.1301964,113.2592945,"China",NA
562,"Jinan, Shandong, China",36.6519754,117.1138479,"China",NA,"Shanghai, China",31.2323437,121.4691024,"China",NA
563,"Longyan, Fujian, China",25.0767425,117.0123483,"China",NA,"Lianyungang, Jiangsu, China",34.5933134,119.2171662,"China",NA
567,"Jieyang, Guangdong, China",23.553156,116.3680354,"China",NA,"Shenzhen, Guangdong, China",22.5445741,114.0545429,"China",NA
568,"Shishi, Quanzhou, China",24.7337639,118.6439351,"China",NA,"Hong Kong, China",22.2793278,114.1628131,"China",NA
569,"Zhongshan, Guangdong, China",22.5197073,113.3872302,"China",NA,"Zhongshan, Guangdong, China",22.5197073,113.3872302,"China",NA
571,"Johannesburg, South Africa",-26.205,28.049722,"South Africa",NA,"Grand Cayman, Cayman Islands",19.3298472,-81.1712216,"Cayman Islands",NA
574,"Malatya, Turkey",38.3487153,38.3190674,"Turkey",NA,"Istanbul, Turkey",41.006381,28.9758715,"Turkey",NA
575,"Hartford, Connecticut, United States",41.764582,-72.6908547,"United States","Connecticut","Rosslyn, Virginia, United States",38.8959791,-77.0709087,"United States","Virginia"
577,"Rome, Italy",41.8933203,12.4829321,"Italy",NA,"Rome, Italy",41.8933203,12.4829321,"Italy",NA
580,"Calgary, Alberta, Canada",51.0456064,-114.057541,"Canada",NA,"San Francisco, California, United States",37.7792588,-122.4193286,"United States","California"
582,"New Haven, Connecticut, United States",41.3082138,-72.9250518,"United States","Connecticut","Sydney, Australia",-33.8698439,151.2082848,"Australia",NA
583,"Fuqing, Fujian, China",25.6301525,119.3756376,"China",NA,"Fuqing, Fujian, China",25.6301525,119.3756376,"China",NA
585,"Yuhang County, Hangzhou, Zhejiang, China",30,119.6,"China",NA,"Shangyu, Zhejiang, China",30.0357,120.8640628,"China",NA
587,"Quzhou, Zhejiang, China",28.973887,118.8540924,"China",NA,"Quzhou, Zhejiang, China",28.973887,118.8540924,"China",NA
588,"Taixing, Taizhou, Jiangsu, China",32.1684583,120.0165362,"China",NA,"Taixing, Taizhou, Jiangsu, China",32.1684583,120.0165362,"China",NA
589,"Hangzhou, Zhejiang, China",30.2489634,120.2052342,"China",NA,"Hefei, Anhui, China",31.8665676,117.281428,"China",NA
591,"Connellsville, Pennsylvania, United States",40.0178522,-79.5894828,"United States","Pennsylvania","Plantation, Florida, United States",26.1275862,-80.2331036,"United States","Florida"
592,"Albiate, Monza and Brianza, Italy",45.6589901,9.2557963,"Italy",NA,"Milan, Italy",45.4641943,9.1896346,"Italy",NA
593,"London, United Kingdom",51.4893335,-0.1440551,"United Kingdom",NA,"Milan, Italy",45.4641943,9.1896346,"Italy",NA
596,"Wichita County, Texas, United States",33.9516534,-98.7088886,"United States","Texas","Livingston, Montana, United States",45.6623873,-110.5615899,"United States","Montana"
598,"Minneapolis, Minnesota, United States",44.9772995,-93.2654692,"United States","Minnesota","Birchwood, Wisconsin, United States",45.6565578,-91.5557084,"United States","Wisconsin"
600,"Minneapolis, Minnesota, United States",44.9772995,-93.2654692,"United States","Minnesota","Minneapolis, Minnesota, United States",44.9772995,-93.2654692,"United States","Minnesota"
601,"Hennepin County, Minnesota, United States",45.0257232,-93.4865052,"United States","Minnesota","Bozeman, Montana, United States",45.6794293,-111.044047,"United States","Montana"
603,"Minneapolis, Minnesota, United States",44.9772995,-93.2654692,"United States","Minnesota","Long Lake, Minnesota, United States",44.9863892,-93.5715908,"United States","Minnesota"
604,"Minneapolis, Minnesota, United States",44.9772995,-93.2654692,"United States","Minnesota","Long Lake, Minnesota, United States",44.9863892,-93.5715908,"United States","Minnesota"
605,"Paris, France",48.8588897,2.320041,"France",NA,"Paris, France",48.8588897,2.320041,"France",NA
606,"Greensboro, North Carolina, United States",36.0726355,-79.7919754,"United States","North Carolina","Greensboro, North Carolina, United States",36.0726355,-79.7919754,"United States","North Carolina"
607,"New York, New York, United States",40.7127281,-74.0060152,"United States","New York","New York, New York, United States",40.7127281,-74.0060152,"United States","New York"
608,"Los Angeles, California, United States",34.0536909,-118.242766,"United States","California","Los Angeles, California, United States",34.0536909,-118.242766,"United States","California"
609,"Baltimore, Maryland, United States",39.2908816,-76.610759,"United States","Maryland","Monkton, Maryland, United States",39.5787164,-76.6155252,"United States","Maryland"
610,"Los Angeles, California, United States",34.0536909,-118.242766,"United States","California","Beverly Hills, California, United States",34.0696501,-118.3963062,"United States","California"
611,"Honolulu, Hawaii, United States",21.304547,-157.855676,"United States","Hawaii","McLean, Virginia, United States",38.9366853,-77.185843,"United States","Virginia"
612,"New York, New York, United States",40.7127281,-74.0060152,"United States","New York","Monaco, Monaco",43.7323492,7.4276832,"Monaco",NA
613,"Berson, Gironde, France",45.1076383,-0.5860166,"France",NA,"Geneva, Switzerland",46.2017559,6.1466014,"Switzerland",NA
615,"Jonesboro, Georgia, United States",33.5215013,-84.3538128,"United States","Georgia","Atlanta, Georgia, United States",33.7544657,-84.3898151,"United States","Georgia"
616,"Jonesboro, Georgia, United States",33.5215013,-84.3538128,"United States","Georgia","Atlanta, Georgia, United States",33.7544657,-84.3898151,"United States","Georgia"
618,"Atlanta, Georgia, United States",33.7544657,-84.3898151,"United States","Georgia","Hampton, Georgia, United States",33.3870578,-84.2829784,"United States","Georgia"
619,"Nisyros, Greece",36.5890457,27.169184,"Greece",NA,"New York, New York, United States",40.7127281,-74.0060152,"United States","New York"
620,"Holon, Israel",32.0193121,34.7804076,"Israel",NA,"Fort Lauderdale, Florida, United States",26.1223084,-80.1433786,"United States","Florida"
621,"Birmingham, United Kingdom",52.4796992,-1.9026911,"United Kingdom",NA,"Stoke-on-Trent, United Kingdom",53.0162014,-2.1812607,"United Kingdom",NA
622,"Charenton-le-Pont, Val-de-Marne, France",48.8198479,2.4159508,"France",NA,"Paris, France",48.8588897,2.320041,"France",NA
625,"Barcelona, Spain",41.3825802,2.177073,"Spain",NA,"Les Escaldes, Andorra",42.5090019,1.5404067,"Andorra",NA
628,"Milwaukee, Wisconsin, United States",43.0386475,-87.9090751,"United States","Wisconsin","Seattle, Washington, United States",47.6038321,-122.330062,"United States","Washington"
631,"Damascus, Syria",33.5130695,36.3095814,"Syria",NA,"Dubai, United Arab Emirates",25.0742823,55.1885387,"United Arab Emirates",NA
633,"Dorchester, Massachusetts, United States",42.2973205,-71.0744952,"United States","Massachusetts","Boston, Massachusetts, United States",42.3554334,-71.060511,"United States","Massachusetts"
634,"Atlanta, Georgia, United States",33.7544657,-84.3898151,"United States","Georgia","Palisades, New York, United States",41.0182822,-73.9163697,"United States","New York"
636,"Macau, Macau SAR China",22.15781845,113.5603524,"Macau SAR China",NA,"Hong Kong, China",22.2793278,114.1628131,"China",NA
638,"Zhongshan, Guangdong, China",22.5197073,113.3872302,"China",NA,"Hong Kong, China",22.2793278,114.1628131,"China",NA
639,"Matangi, New Zealand",-37.8051846,175.3913028,"New Zealand",NA,"Dubai, United Arab Emirates",25.0742823,55.1885387,"United Arab Emirates",NA
640,"Matangi, New Zealand",-37.8051846,175.3913028,"New Zealand",NA,"Singapore, Singapore",1.357107,103.8194992,"Singapore",NA
641,"Farrukhabad, Uttar Pradesh, India",27.4362002,79.4894778,"India",NA,"New Delhi, India",28.6419258,77.2217499,"India",NA
642,"Adampur, Haryana, India",29.2538851,75.501743,"India",NA,"Mumbai, Maharashtra, India",19.054999,72.8692035,"India",NA
643,"Tiruthangal, Tamil Nadu, India",9.4840635,77.816633,"India",NA,"Chennai, Tamil Nadu, India",13.0836939,80.270186,"India",NA
644,"Wenzhou, Zhejiang, China",27.9963899,120.695345,"China",NA,"Taipei, Taiwan",25.0375198,121.5636796,"Taiwan",NA
651,"Daegu, South Korea",35.8713,128.6018,"South Korea",NA,"Seoul, South Korea",37.5666791,126.9782914,"South Korea",NA
655,"Zhangshu County, Yichun City, Jiangxi, China",28.08333,115.51667,"China",NA,"Zhangshu, China",28.0265539,115.4385985,"China",NA
656,"Ningbo, Zhejiang, China",29.8622194,121.6203873,"China",NA,"Hsinchu, Taiwan",24.8066333,120.9686833,"Taiwan",NA
657,"Dangjin, Chungcheongnam-do, South Korea",36.8904083,126.6461833,"South Korea",NA,"Seoul, South Korea",37.5666791,126.9782914,"South Korea",NA
658,"Quemoy, Fujian, China",28.92651,106.12972,"China",NA,"Singapore, Singapore",1.357107,103.8194992,"Singapore",NA
660,"Taipei, Taiwan",25.0375198,121.5636796,"Taiwan",NA,"Houston, Texas, United States",29.7589382,-95.3676974,"United States","Texas"
661,"Taipei, Taiwan",25.0375198,121.5636796,"Taiwan",NA,"Houston, Texas, United States",29.7589382,-95.3676974,"United States","Texas"
662,"Houlong, Miaoli County, Taiwan",24.6135667,120.7919167,"Taiwan",NA,"Taipei, Taiwan",25.0375198,121.5636796,"Taiwan",NA
663,"Taipei, Taiwan",25.0375198,121.5636796,"Taiwan",NA,"Lakeland, Florida, United States",28.0394654,-81.9498042,"United States","Florida"
667,"Hong Kong, China",22.2793278,114.1628131,"China",NA,"Hong Kong, China",22.2793278,114.1628131,"China",NA
668,"Kathmandu, Nepal",27.708317,85.3205817,"Nepal",NA,"Kathmandu, Nepal",27.708317,85.3205817,"Nepal",NA
669,"Panoh, Una, Himachal Pradesh, India",31.5394233,76.2010627,"India",NA,"Reno, Nevada, United States",39.5261788,-119.812658,"United States","Nevada"
671,"Changzhou, Jiangsu, China",31.8122623,119.9691539,"China",NA,"Shanghai, China",31.2323437,121.4691024,"China",NA
672,"Pusing, Perak, Malaysia",4.4964524,101.0092532,"Malaysia",NA,"Kuala Lumpur, Malaysia",3.1526589,101.7022205,"Malaysia",NA
674,"Bangkok, Thailand",13.7524938,100.4935089,"Thailand",NA,"Bangkok, Thailand",13.7524938,100.4935089,"Thailand",NA
675,"Shengze, Wujiang, Suzhou, Jiangsu, China",30.8801481,120.5977077,"China",NA,"Suzhou, Jiangsu, China",31.311123,120.6212881,"China",NA
676,"Shantou, Guangdong, China",23.3563921,116.6775856,"China",NA,"Shanghai, China",31.2323437,121.4691024,"China",NA
677,"Shantou, Guangdong, China",23.3563921,116.6775856,"China",NA,"Shanghai, China",31.2323437,121.4691024,"China",NA
678,"Kuala Lumpur, Malaysia",3.1526589,101.7022205,"Malaysia",NA,"Phnom Penh, Cambodia",11.5730391,104.857807,"Cambodia",NA
679,"Tonglu, Zhejiang, China",29.7965627,119.6876858,"China",NA,"Shanghai, China",31.2323437,121.4691024,"China",NA
680,"Tonglu, Zhejiang, China",29.7965627,119.6876858,"China",NA,"Shanghai, China",31.2323437,121.4691024,"China",NA
682,"Changsha, Hunan, China",28.1450774,113.2384362,"China",NA,"Changsha, Hunan, China",28.1450774,113.2384362,"China",NA
684,"Xiamen, Fujian, China",24.5438732,118.0768065,"China",NA,"Xiamen, Fujian, China",24.5438732,118.0768065,"China",NA
685,"Wuzhong, Ningxia, China",37.4922984,106.5151923,"China",NA,"Wuzhong, Ningxia, China",37.4922984,106.5151923,"China",NA
689,"Tianmen, Hubei, China",30.6659683,113.1605599,"China",NA,"Beijing, Beijing, China",39.9057136,116.3912972,"China",NA
693,"Wuchuan, Guangdong, China",21.4413258,110.6942289,"China",NA,"Shenzhen, Guangdong, China",22.5445741,114.0545429,"China",NA
696,"Zhoushan, Zhejiang, China",29.9873344,122.2030363,"China",NA,"Shanghai, China",31.2323437,121.4691024,"China",NA
698,"Changlezhen, Jiangsu, China",31.93424,121.24754,"China",NA,"Nantong, Jiangsu, China",31.9827896,120.8904588,"China",NA
702,"Puning, Guangdong, China",23.3000453,116.160937,"China",NA,"Guangzhou, Guangdong, China",23.1301964,113.2592945,"China",NA
704,"Hangzhou, Zhejiang, China",30.2489634,120.2052342,"China",NA,"Hangzhou, Zhejiang, China",30.2489634,120.2052342,"China",NA
707,"Kaohsiung, Taiwan",22.6203348,120.3120375,"Taiwan",NA,"Taipei, Taiwan",25.0375198,121.5636796,"Taiwan",NA
708,"Nan'An, Quanzhou, Fujian, China",24.9633929,118.3842852,"China",NA,"Shenzhen, Guangdong, China",22.5445741,114.0545429,"China",NA
710,"Wangjiang, Anhui, China",30.2369095,116.6727098,"China",NA,"Shenzhen, Guangdong, China",22.5445741,114.0545429,"China",NA
711,"Chengdu, Sichuan, China",30.659867,104.063315,"China",NA,"Shanghai, China",31.2323437,121.4691024,"China",NA
714,"Tongxiang, Zhejiang, China",30.6316971,120.5610365,"China",NA,"Tongxiang, Zhejiang, China",30.6316971,120.5610365,"China",NA
715,"Chia-yi, Taiwan",23.4870952,120.4618156,"Taiwan",NA,"Los Angeles, California, United States",34.0536909,-118.242766,"United States","California"
716,"Xinchang, Zhejiang, China",29.5031469,120.8986631,"China",NA,"Atherton, California, United States",37.453773,-122.2058272,"United States","California"
718,"Taipei, Taiwan",25.0375198,121.5636796,"Taiwan",NA,"Taichung, Taiwan",24.163162,120.6478282,"Taiwan",NA
719,"Hong Kong, China",22.2793278,114.1628131,"China",NA,"Hong Kong, China",22.2793278,114.1628131,"China",NA
721,"Hefei, Anhui, China",31.8665676,117.281428,"China",NA,"Hefei, Anhui, China",31.8665676,117.281428,"China",NA
722,"Xin'an, Henan, China",34.8333051,112.1167048,"China",NA,"Beijing, Beijing, China",39.9057136,116.3912972,"China",NA
724,"Jianqiaozhen, Hangzhou, Zhejiang, China",30.31955,120.21512,"China",NA,"Hangzhou, Zhejiang, China",30.2489634,120.2052342,"China",NA
726,"Weihai, Shandong, China",37.5120997,122.1152599,"China",NA,"Weihai, Shandong, China",37.5120997,122.1152599,"China",NA
728,"Shantou, Guangdong, China",23.3563921,116.6775856,"China",NA,"Guangzhou, Guangdong, China",23.1301964,113.2592945,"China",NA
729,"Jinan, Shandong, China",36.6519754,117.1138479,"China",NA,"Beijing, Beijing, China",39.9057136,116.3912972,"China",NA
731,"Tonglu, Zhejiang, China",29.7965627,119.6876858,"China",NA,"Hong Kong, China",22.2793278,114.1628131,"China",NA
733,"Taipei, Taiwan",25.0375198,121.5636796,"Taiwan",NA,"Taipei, Taiwan",25.0375198,121.5636796,"Taiwan",NA
734,"Chongqing, Chongqing, China",30.8101669,108.4034084,"China",NA,"Zhengzhou, Henan, China",34.7472531,113.619321,"China",NA
735,"Taojiang, Hunan, China",28.5200908,112.148511,"China",NA,"Shenzhen, Guangdong, China",22.5445741,114.0545429,"China",NA
737,"Zhongshan, Guangdong, China",22.5197073,113.3872302,"China",NA,"Zhongshan, Guangdong, China",22.5197073,113.3872302,"China",NA
738,"Jieyang, Guangdong, China",23.553156,116.3680354,"China",NA,"Shenzhen, Guangdong, China",22.5445741,114.0545429,"China",NA
739,"Shunde, Guangdong, China",22.8054891,113.2894243,"China",NA,"Hong Kong, China",22.2793278,114.1628131,"China",NA
742,"Jian'ou, Fujian, China",27.0456736,118.4944139,"China",NA,"Taipei, Taiwan",25.0375198,121.5636796,"Taiwan",NA
744,"Wujin, Jiangsu, China",31.7020406,119.9377542,"China",NA,"Changzhou, Jiangsu, China",31.8122623,119.9691539,"China",NA
745,"Shangrao, Jiangxi, China",28.7435852,117.40539,"China",NA,"Beijing, Beijing, China",39.9057136,116.3912972,"China",NA
747,"Yancheng, Jiangsu, China",33.349559,120.1577019,"China",NA,"Foshan, Guangdong, China",23.0239788,113.1159558,"China",NA
749,"Tieling, Liaoning, China",42.6345121,124.2858328,"China",NA,"Beijing, Beijing, China",39.9057136,116.3912972,"China",NA
752,"Vancouver, British Columbia, Canada",49.2608724,-123.113952,"Canada",NA,"Palo Alto, California, United States",37.4443293,-122.1598465,"United States","California"
753,"Yangzhong, Jiangsu, China",32.2375297,119.7921913,"China",NA,"Las Vegas, Nevada, United States",36.1674263,-115.1484131,"United States","Nevada"
754,"Mawlamyine, Myanmar",16.4908026,97.6284825,"Myanmar",NA,"Las Vegas, Nevada, United States",36.1674263,-115.1484131,"United States","Nevada"
756,"Niskayuna, New York, United States",42.8154056,-73.8928774,"United States","New York","San Francisco, California, United States",37.7792588,-122.4193286,"United States","California"
757,"Augusta, Georgia, United States",33.4709714,-81.9748429,"United States","Georgia","Atlanta, Georgia, United States",33.7544657,-84.3898151,"United States","Georgia"
760,"Suwon, Gyeonggi-do, South Korea",37.2633325,127.0287472,"South Korea",NA,"Seoul, South Korea",37.5666791,126.9782914,"South Korea",NA
761,"Suwon, Gyeonggi-do, South Korea",37.2633325,127.0287472,"South Korea",NA,"Seoul, South Korea",37.5666791,126.9782914,"South Korea",NA
762,"Xiangyang, Hubei, China",32.010998,112.1163785,"China",NA,"Beijing, Beijing, China",39.9057136,116.3912972,"China",NA
767,"Bangkok, Thailand",13.7524938,100.4935089,"Thailand",NA,"Bangkok, Thailand",13.7524938,100.4935089,"Thailand",NA
770,"Mexico City, Mexico",19.3207722,-99.1514678,"Mexico",NA,"Mexico City, Mexico",19.3207722,-99.1514678,"Mexico",NA
772,"Ho-Ho-Kus, New Jersey, United States",40.9976524,-74.110284,"United States","New Jersey","Darien, Connecticut, United States",41.0787079,-73.4692873,"United States","Connecticut"
773,"Parappur, Kerala, India",10.5646829,76.1222862,"India",NA,"Kochi, India",9.9679032,76.2444378,"India",NA
774,"Hong Kong, China",22.2793278,114.1628131,"China",NA,"Hong Kong, China",22.2793278,114.1628131,"China",NA
775,"Incheon, South Korea",37.456,126.7052,"South Korea",NA,"Seoul, South Korea",37.5666791,126.9782914,"South Korea",NA
776,"Haman, Gyeongsangnam-do, South Korea",35.2726875,128.4065038,"South Korea",NA,"Seoul, South Korea",37.5666791,126.9782914,"South Korea",NA
780,"Jizzakh, Uzbekistan",40.1331797,67.8234081,"Uzbekistan",NA,"Almaty, Kazakhstan",43.2363924,76.9457275,"Kazakhstan",NA
781,"Shanghai, China",31.2323437,121.4691024,"China",NA,"Hong Kong, China",22.2793278,114.1628131,"China",NA
783,"Tanah Rata, Cameron Highlands, Pahang, Malaysia",4.4706932,101.3776891,"Malaysia",NA,"Brisbane, Queensland, Australia",-27.4689623,153.0235009,"Australia",NA
784,"Hong Kong, China",22.2793278,114.1628131,"China",NA,"Hong Kong, China",22.2793278,114.1628131,"China",NA
786,"Lewiston, Maine, United States",44.0990717,-70.2177099,"United States","Maine","Ventura, California, United States",34.4458248,-119.0779359,"United States","California"
787,"Jieyang, Guangdong, China",23.553156,116.3680354,"China",NA,"Hong Kong, China",22.2793278,114.1628131,"China",NA
790,"Šaľa, Slovakia",48.151379,17.8748587,"Slovakia",NA,"Bratislava, Slovakia",48.1516988,17.1093063,"Slovakia",NA
791,"Nicosia, Cyprus",35.1746503,33.3638783,"Cyprus",NA,"Monaco, Monaco",43.7323492,7.4276832,"Monaco",NA
793,"Liuhuang, Fengshun County, Meizhou, Guangdong, China",23.9159398,116.4601492,"China",NA,"Guangzhou, Guangdong, China",23.1301964,113.2592945,"China",NA
797,"Hong Kong, China",22.2793278,114.1628131,"China",NA,"Hong Kong, China",22.2793278,114.1628131,"China",NA
798,"Singapore, Singapore",1.357107,103.8194992,"Singapore",NA,"Singapore, Singapore",1.357107,103.8194992,"Singapore",NA
801,"Seoul, South Korea",37.5666791,126.9782914,"South Korea",NA,"Seoul, South Korea",37.5666791,126.9782914,"South Korea",NA
803,"Busan, South Korea",35.1799528,129.0752365,"South Korea",NA,"Seoul, South Korea",37.5666791,126.9782914,"South Korea",NA
804,"Tongchon County, Kangwon Province, North Korea",38.73333,127.45,"North Korea",NA,"Seoul, South Korea",37.5666791,126.9782914,"South Korea",NA
805,"Seoul, South Korea",37.5666791,126.9782914,"South Korea",NA,"Seoul, South Korea",37.5666791,126.9782914,"South Korea",NA
806,"Macau, Macau SAR China",22.15781845,113.5603524,"Macau SAR China",NA,"Hong Kong, China",22.2793278,114.1628131,"China",NA
807,"Hopa, Artvin, Turkey",41.3853867,41.4631932,"Turkey",NA,"Istanbul, Turkey",41.006381,28.9758715,"Turkey",NA
808,"Caracas, Venezuela",10.5060934,-66.9146008,"Venezuela",NA,"La Romana, Dominican Republic",18.4230137,-68.9661104,"Dominican Republic",NA
809,"Latrobe, Pennsylvania, United States",40.317287,-79.3840301,"United States","Pennsylvania","Southport, Connecticut, United States",41.1367025,-73.2835638,"United States","Connecticut"
810,"São Paulo, São Paulo, Brazil",-23.5506507,-46.6333824,"Brazil",NA,"São Paulo, São Paulo, Brazil",-23.5506507,-46.6333824,"Brazil",NA
816,"St. Louis, Missouri, United States",38.6280278,-90.1910154,"United States","Missouri","St. Louis, Missouri, United States",38.6280278,-90.1910154,"United States","Missouri"
817,"Fort Worth, Texas, United States",32.753177,-97.3327459,"United States","Texas","Palm Beach, Florida, United States",26.6279798,-80.4494174,"United States","Florida"
819,"Boston, Massachusetts, United States",42.3554334,-71.060511,"United States","Massachusetts","Duluth, Georgia, United States",34.0028569,-84.1441046,"United States","Georgia"
820,"La Paz, Guatemala",14.6348576,-90.1183633,"Guatemala",NA,"Miami Beach, Florida, United States",25.7929198,-80.1353006,"United States","Florida"
823,"Chalons-en-Champagne, Marne, France",48.9566218,4.3628851,"France",NA,"Basel, Switzerland",47.5581077,7.5878261,"Switzerland",NA
824,"Manila, Philippines",14.5904492,120.9803621,"Philippines",NA,"Manila, Philippines",14.5904492,120.9803621,"Philippines",NA
828,"East London, South Africa",-33.0191604,27.8998573,"South Africa",NA,"Toronto, Ontario, Canada",43.6534817,-79.3839347,"Canada",NA
829,"Montreal, Quebec, Canada",45.5031824,-73.5698065,"Canada",NA,"Bal Harbour, Florida, United States",25.8917613,-80.1269896,"United States","Florida"
830,"New York, New York, United States",40.7127281,-74.0060152,"United States","New York","New York, New York, United States",40.7127281,-74.0060152,"United States","New York"
831,"Great Neck, New York, United States",40.8006567,-73.7284647,"United States","New York","Greenwich, Connecticut, United States",41.0264862,-73.6284598,"United States","Connecticut"
832,"Worcester, Massachusetts, United States",42.2625621,-71.8018877,"United States","Massachusetts","Keene, New Hampshire, United States",42.933597,-72.2784264,"United States","New Hampshire"
836,"Dromineer, County Tipperary, Ireland",52.9243713,-8.2765168,"Ireland",NA,"San Francisco, California, United States",37.7792588,-122.4193286,"United States","California"
837,"Dromineer, County Tipperary, Ireland",52.9243713,-8.2765168,"Ireland",NA,"San Francisco, California, United States",37.7792588,-122.4193286,"United States","California"
839,"Marina di Gioiosa Ionica, Calabria, Italy",38.3006628,16.3303619,"Italy",NA,"Saddle River, New Jersey, United States",41.0317637,-74.1020866,"United States","New Jersey"
842,"Albany, New York, United States",42.6511674,-73.754968,"United States","New York","Miamisburg, Ohio, United States",39.6428362,-84.2866083,"United States","Ohio"
843,"Tokyo, Japan",35.6768601,139.7638947,"Japan",NA,"Hong Kong, China",22.2793278,114.1628131,"China",NA
844,"New York, New York, United States",40.7127281,-74.0060152,"United States","New York","San Francisco, California, United States",37.7792588,-122.4193286,"United States","California"
849,"Lowell, Massachusetts, United States",42.6414437,-71.3085329,"United States","Massachusetts","McLean, Virginia, United States",38.9366853,-77.185843,"United States","Virginia"
850,"Mobile, Alabama, United States",30.6913462,-88.0437509,"United States","Alabama","Cupertino, California, United States",37.3228934,-122.0322895,"United States","California"
851,"Chicago, Illinois, United States",41.8755616,-87.6244212,"United States","Illinois","Bloomington, Indiana, United States",39.1670396,-86.5342881,"United States","Indiana"
852,"Evansville, Indiana, United States",37.970495,-87.5715641,"United States","Indiana","Bloomington, Indiana, United States",39.1670396,-86.5342881,"United States","Indiana"
854,"Glendale, California, United States",34.1469416,-118.2478471,"United States","California","Woodside, California, United States",37.4280637,-122.2507435,"United States","California"
855,"London, United Kingdom",51.4893335,-0.1440551,"United Kingdom",NA,"London, United Kingdom",51.4893335,-0.1440551,"United Kingdom",NA
856,"New York, New York, United States",40.7127281,-74.0060152,"United States","New York","Boca Raton, Florida, United States",26.3586885,-80.0830984,"United States","Florida"
858,"Culiacán, Sinaloa, Mexico",24.7978965,-107.393395,"Mexico",NA,"Culiacán, Sinaloa, Mexico",24.7978965,-107.393395,"Mexico",NA
859,"Culiacán, Sinaloa, Mexico",24.7978965,-107.393395,"Mexico",NA,"Culiacán, Sinaloa, Mexico",24.7978965,-107.393395,"Mexico",NA
863,"Nutley, New Jersey, United States",40.8223223,-74.1598663,"United States","New Jersey","Albuquerque, New Mexico, United States",35.0841034,-106.650985,"United States","New Mexico"
864,"Madrid, Spain",40.416782,-3.703507,"Spain",NA,"Madrid, Spain",40.416782,-3.703507,"Spain",NA
865,"Buenos Aires, Argentina",-34.6095579,-58.3887904,"Argentina",NA,"Buenos Aires, Argentina",-34.6095579,-58.3887904,"Argentina",NA
866,"Tel Aviv, Israel",32.0852997,34.7818064,"Israel",NA,"Tel Aviv, Israel",32.0852997,34.7818064,"Israel",NA
867,"Ghent, Belgium",51.0538286,3.7250121,"Belgium",NA,"Merelbeke, Belgium",50.9942924,3.7459119,"Belgium",NA
868,"Buffalo, New York, United States",42.8867166,-78.8783922,"United States","New York","San Francisco, California, United States",37.7792588,-122.4193286,"United States","California"
872,"Montreal, Quebec, Canada",45.5031824,-73.5698065,"Canada",NA,"Montreal, Quebec, Canada",45.5031824,-73.5698065,"Canada",NA
873,"Windsor, Ontario, Canada",42.2858536,-82.9780695,"Canada",NA,"Sydney, Australia",-33.8698439,151.2082848,"Australia",NA
875,"Dayton, Ohio, United States",39.77944,-84.199196,"United States","Ohio","Atlanta, Georgia, United States",33.7544657,-84.3898151,"United States","Georgia"
878,"Springfield, Ohio, United States",39.9234046,-83.810138,"United States","Ohio","San Francisco, California, United States",37.7792588,-122.4193286,"United States","California"
879,"Hazard, Kentucky, United States",37.2489635,-83.1933893,"United States","Kentucky","Tulsa, Oklahoma, United States",36.1563122,-95.9927516,"United States","Oklahoma"
880,"St. Louis, Missouri, United States",38.6280278,-90.1910154,"United States","Missouri","Houston, Texas, United States",29.7589382,-95.3676974,"United States","Texas"
881,"Savignano sul Panaro, Modena, Italy",44.4805382,11.0351093,"Italy",NA,"Modena, Italy",44.5384728,10.9359609,"Italy",NA
882,"Robbiate, Lecco, Italy",45.6911341,9.4413225,"Italy",NA,"Cernusco Lombardone, Italy",45.69286,9.4006975,"Italy",NA
884,"Chicago, Illinois, United States",41.8755616,-87.6244212,"United States","Illinois","Wilmette, Illinois, United States",42.0719906,-87.682691,"United States","Illinois"
885,"Sainte-Adresse, Seine-Maritime, France",49.5052482,0.0805655,"France",NA,"San Mateo, California, United States",37.496904,-122.3330573,"United States","California"
887,"Jászárokszállás, Hungary",47.6445417,19.9786517,"Hungary",NA,"Budapest, Hungary",47.4813896,19.1460941,"Hungary",NA
888,"Pittsburgh, Pennsylvania, United States",40.4416941,-79.9900861,"United States","Pennsylvania","Dallas, Texas, United States",32.7762719,-96.7968559,"United States","Texas"
889,"Castel Rigone, Perugia, Italy",43.1987748,12.2237811,"Italy",NA,"Solomeo, Italy",43.0830922,12.2772146,"Italy",NA
891,"Harbin, Heilongjiang, China",45.7593633,126.6276177,"China",NA,"Hong Kong, China",22.2793278,114.1628131,"China",NA
892,"Dongying, Shandong, China",37.4334738,118.6689349,"China",NA,"Dongying, Shandong, China",37.4334738,118.6689349,"China",NA
894,"Liushi, Yueqing, Zhejiang, China",27.9954859,120.9512428,"China",NA,"Wenzhou, Zhejiang, China",27.9963899,120.695345,"China",NA
897,"São Paulo, São Paulo, Brazil",-23.5506507,-46.6333824,"Brazil",NA,"São Paulo, São Paulo, Brazil",-23.5506507,-46.6333824,"Brazil",NA
898,"Wrocław, Poland",51.1089776,17.0326689,"Poland",NA,"Wrocław, Poland",51.1089776,17.0326689,"Poland",NA
902,"Shanghai, China",31.2323437,121.4691024,"China",NA,"Las Vegas, Nevada, United States",36.1674263,-115.1484131,"United States","Nevada"
903,"Yichang, Hubei, China",30.6941332,111.2803512,"China",NA,"Wuhan, Hubei, China",30.5951051,114.2999353,"China",NA
905,"Tunchang County, Hainan, China",19.341944,110.046667,"China",NA,"Hangzhou, Zhejiang, China",30.2489634,120.2052342,"China",NA
906,"Wuhan, Hunan, China",25.4929768,113.65195,"China",NA,"Changsha, Hunan, China",28.1450774,113.2384362,"China",NA
909,"New York, New York, United States",40.7127281,-74.0060152,"United States","New York","Greenwich, Connecticut, United States",41.0264862,-73.6284598,"United States","Connecticut"
913,"Bikaner, Rajasthan, India",28.0159286,73.3171367,"India",NA,"Mumbai, Maharashtra, India",19.054999,72.8692035,"India",NA
914,"Hardinxveld-Giessendam, Netherlands",51.838624,4.8246104,"Netherlands",NA,"Gorinchem, Netherlands",51.8296133,4.9738743,"Netherlands",NA
916,"Redlands, California, United States",34.0550328,-117.1827445,"United States","California","Redlands, California, United States",34.0550328,-117.1827445,"United States","California"
918,"Kano, Nigeria",11.9939978,8.5219738,"Nigeria",NA,"Lagos, Nigeria",6.4550575,3.3941795,"Nigeria",NA
919,"Mumbai, Maharashtra, India",19.054999,72.8692035,"India",NA,"Mumbai, Maharashtra, India",19.054999,72.8692035,"India",NA
920,"Butler, Pennsylvania, United States",40.86108,-79.895197,"United States","Pennsylvania","Vienna, Virginia, United States",38.9013729,-77.2651762,"United States","Virginia"
922,"New York, New York, United States",40.7127281,-74.0060152,"United States","New York","Gladwyne, Pennsylvania, United States",40.0397304,-75.2791788,"United States","Pennsylvania"
924,"Neuilly-sur-Seine, Hauts-de-Seine, France",48.884683,2.2695658,"France",NA,"Paris, France",48.8588897,2.320041,"France",NA
925,"Boulogne-Billancourt, Hauts-de-Seine, France",48.8356649,2.240206,"France",NA,"Oise, France",49.4120546,2.4064878,"France",NA
927,"Neuilly-sur-Seine, Hauts-de-Seine, France",48.884683,2.2695658,"France",NA,"Paris, France",48.8588897,2.320041,"France",NA
928,"Neuilly-sur-Seine, Hauts-de-Seine, France",48.884683,2.2695658,"France",NA,"Paris, France",48.8588897,2.320041,"France",NA
930,"Barcelona, Spain",41.3825802,2.177073,"Spain",NA,"Madrid, Spain",40.416782,-3.703507,"Spain",NA
932,"Beverly Hills, California, United States",34.0696501,-118.3963062,"United States","California","Beverly Hills, California, United States",34.0696501,-118.3963062,"United States","California"
933,"Moscow, Russia",55.625578,37.6063916,"Russia",NA,"Moscow, Russia",55.625578,37.6063916,"Russia",NA
940,"Canandaigua, New York, United States",42.850682,-77.3191454,"United States","New York","Dallas, Texas, United States",32.7762719,-96.7968559,"United States","Texas"
941,"Omaha, Nebraska, United States",41.2587459,-95.9383758,"United States","Nebraska","Omaha, Nebraska, United States",41.2587459,-95.9383758,"United States","Nebraska"
942,"Brookline, Massachusetts, United States",42.332918,-71.1187829,"United States","Massachusetts","Newton, Massachusetts, United States",42.3370414,-71.2092214,"United States","Massachusetts"
943,"New York, New York, United States",40.7127281,-74.0060152,"United States","New York","Henderson, Nevada, United States",36.0319602,-114.9822716,"United States","Nevada"
944,"Plymouth, Devon, United Kingdom",50.4323453,-3.7065512,"United Kingdom",NA,"Plymouth, Devon, United Kingdom",50.4323453,-3.7065512,"United Kingdom",NA
945,"Manchester, United Kingdom",53.4794892,-2.2451148,"United Kingdom",NA,"Carlisle, United Kingdom",54.8948478,-2.9362311,"United Kingdom",NA
949,"Belo Horizonte, Minas Gerais, Brazil",-19.9227318,-43.9450948,"Brazil",NA,"São Paulo, São Paulo, Brazil",-23.5506507,-46.6333824,"Brazil",NA
950,"Salvador, Bahia, Brazil",-12.9822499,-38.4812772,"Brazil",NA,"Salvador, Bahia, Brazil",-12.9822499,-38.4812772,"Brazil",NA
956,"Amsterdam, Netherlands",52.3730796,4.8924534,"Netherlands",NA,"London, United Kingdom",51.4893335,-0.1440551,"United Kingdom",NA
961,"São Paulo, São Paulo, Brazil",-23.5506507,-46.6333824,"Brazil",NA,"São Paulo, São Paulo, Brazil",-23.5506507,-46.6333824,"Brazil",NA
962,"Nice, France",43.7009358,7.2683912,"France",NA,"Paris, France",48.8588897,2.320041,"France",NA
966,"The Hague, Netherlands",52.0749456,4.2696802,"Netherlands",NA,"Blaricum, Netherlands",52.2725049,5.2441379,"Netherlands",NA
969,"São Paulo, São Paulo, Brazil",-23.5506507,-46.6333824,"Brazil",NA,"São Paulo, São Paulo, Brazil",-23.5506507,-46.6333824,"Brazil",NA
976,"Rio de Janeiro, Rio de Janeiro, Brazil",-22.9110137,-43.2093727,"Brazil",NA,"Rio de Janeiro, Rio de Janeiro, Brazil",-22.9110137,-43.2093727,"Brazil",NA
977,"Goiânia, Goiás, Brazil",-16.680882,-49.2532691,"Brazil",NA,"São Paulo, São Paulo, Brazil",-23.5506507,-46.6333824,"Brazil",NA
978,"Neuilly-sur-Seine, Hauts-de-Seine, France",48.884683,2.2695658,"France",NA,"Geneva, Switzerland",46.2017559,6.1466014,"Switzerland",NA
980,"Rogers, Arkansas, United States",36.334857,-94.1193816,"United States","Arkansas","Dallas, Texas, United States",32.7762719,-96.7968559,"United States","Texas"
981,"Youngstown, Ohio, United States",41.1035786,-80.6520161,"United States","Ohio","Tampa, Florida, United States",27.9477595,-82.458444,"United States","Florida"
982,"Youngstown, Ohio, United States",41.1035786,-80.6520161,"United States","Ohio","Youngstown, Ohio, United States",41.1035786,-80.6520161,"United States","Ohio"
989,"Essen, Germany",51.4582235,7.0158171,"Germany",NA,"Essen, Germany",51.4582235,7.0158171,"Germany",NA
991,"Los Angeles, California, United States",34.0536909,-118.242766,"United States","California","Austin, Texas, United States",30.2711286,-97.7436995,"United States","Texas"
994,"Madrid, Spain",40.416782,-3.703507,"Spain",NA,"Madrid, Spain",40.416782,-3.703507,"Spain",NA
998,"Borgo Valsugana, Trentino, Italy",46.0533463,11.4566004,"Italy",NA,"Muttontown, New York, United States",40.8239883,-73.5476252,"United States","New York"
1000,"Milan, Italy",45.4641943,9.1896346,"Italy",NA,"Milan, Italy",45.4641943,9.1896346,"Italy",NA
1001,"Milan, Italy",45.4641943,9.1896346,"Italy",NA,"Milan, Italy",45.4641943,9.1896346,"Italy",NA
1002,"Segrate, Milan, Italy",45.4907352,9.2948204,"Italy",NA,"London, United Kingdom",51.4893335,-0.1440551,"United Kingdom",NA
1006,"Houston, Texas, United States",29.7589382,-95.3676974,"United States","Texas","Austin, Texas, United States",30.2711286,-97.7436995,"United States","Texas"
1007,"Sant'Elpidio a Mare, Fermo, Italy",43.2347405,13.6878517,"Italy",NA,"Casette D'ete, Italy",43.2566333,13.6846163,"Italy",NA
1008,"Sant'Elpidio a Mare, Fermo, Italy",43.2347405,13.6878517,"Italy",NA,"Sant'Elpidio a Mare, Fermo, Italy",43.2347405,13.6878517,"Italy",NA
1009,"Treviso, Treviso, Italy",45.6658505,12.2455414,"Italy",NA,"Treviso, Italy",45.8066913,12.2063158,"Italy",NA
1012,"Moscow, Russia",55.625578,37.6063916,"Russia",NA,"Moscow, Russia",55.625578,37.6063916,"Russia",NA
1013,"Turin, Italy",45.0677551,7.6824892,"Italy",NA,"Torino, Italy",45.0677551,7.6824892,"Italy",NA
1014,"Shaodong, Hunan, China",27.1972513,111.8459833,"China",NA,"Changsha, Hunan, China",28.1450774,113.2384362,"China",NA
1017,"Zhongshan, Guangdong, China",22.5197073,113.3872302,"China",NA,"Zhongshan, Guangdong, China",22.5197073,113.3872302,"China",NA
1018,"Annonay, Ardèche, France",45.2399639,4.6675475,"France",NA,"Lyon, France",45.7578137,4.8320114,"France",NA
1019,"Dzerzhinsk, Nizhny Novgorod Oblast, Russia",56.2382157,43.4617405,"Russia",NA,"Moscow, Russia",55.625578,37.6063916,"Russia",NA
1021,"Indore, Madhya Pradesh, India",22.7203616,75.8681996,"India",NA,"Surat, India",21.2094892,72.8317058,"India",NA
1022,"Boston, Massachusetts, United States",42.3554334,-71.060511,"United States","Massachusetts","Delray Beach, Florida, United States",26.4614625,-80.0728201,"United States","Florida"
1025,"Sudbury, Ontario, Canada",46.49272,-80.991211,"Canada",NA,"Sagard, Quebec, Canada",48.0697913,-70.1036022,"Canada",NA
1027,"Macroom, County Cork, Ireland",51.9049705,-8.9599195,"Ireland",NA,"Dublin, Ireland",53.3493795,-6.2605593,"Ireland",NA
1028,"London, United Kingdom",51.4893335,-0.1440551,"United Kingdom",NA,"London, United Kingdom",51.4893335,-0.1440551,"United Kingdom",NA
1029,"Commercy, Meuse, France",48.763203,5.5914753,"France",NA,"Paris, France",48.8588897,2.320041,"France",NA
1030,"Turin, Italy",45.0677551,7.6824892,"Italy",NA,"Roquebrune-Cap-Martin, France",43.7641047,7.4565697,"France",NA
1031,"Grand Rapids, Michigan, United States",42.9632425,-85.6678639,"United States","Michigan","Holland, Michigan, United States",42.7876022,-86.1090828,"United States","Michigan"
1032,"Ipembe, Tanzania",-3.982037,33.6094568,"Tanzania",NA,"Dar es Salaam, Tanzania",-6.8160837,39.2803583,"Tanzania",NA
1034,"Amritsar, Punjab, India",31.6356659,74.8787496,"India",NA,"New Delhi, India",28.6419258,77.2217499,"India",NA
1035,"Mumbai, Maharashtra, India",19.054999,72.8692035,"India",NA,"Mumbai, Maharashtra, India",19.054999,72.8692035,"India",NA
1038,"Nouméa, New Caledonia, France",-22.2745264,166.442419,"France",NA,"Nice, France",43.7009358,7.2683912,"France",NA
1040,"Ixelles, Belgium",50.8331141,4.3668279,"Belgium",NA,"Anzere, Switzerland",46.2970711,7.3989488,"Switzerland",NA
1041,"Galgenen, Switzerland",47.1815904,8.8742411,"Switzerland",NA,"Zurich, Switzerland",47.3744489,8.5410422,"Switzerland",NA
1043,"San Francisco, California, United States",37.7792588,-122.4193286,"United States","California","New York, New York, United States",40.7127281,-74.0060152,"United States","New York"
1045,"New York, New York, United States",40.7127281,-74.0060152,"United States","New York","New York, New York, United States",40.7127281,-74.0060152,"United States","New York"
1046,"Baltimore, Maryland, United States",39.2908816,-76.610759,"United States","Maryland","North Salem, New York, United States",41.3348169,-73.5712374,"United States","New York"
1048,"Onești, Romania",46.2520269,26.770213,"Romania",NA,"New York, New York, United States",40.7127281,-74.0060152,"United States","New York"
1050,"Jinjiang, Fujian, China",24.784435,118.5477505,"China",NA,"Quanzhou, Fujian, China",25.1901863,118.338717,"China",NA
1051,"Quanzhou, Fujian, China",25.1901863,118.338717,"China",NA,"Quanzhou, Fujian, China",25.1901863,118.338717,"China",NA
1052,"Ningbo, Zhejiang, China",29.8622194,121.6203873,"China",NA,"Hangzhou, Zhejiang, China",30.2489634,120.2052342,"China",NA
1053,"Jinjiang, Fujian, China",24.784435,118.5477505,"China",NA,"Quanzhou, Fujian, China",25.1901863,118.338717,"China",NA
1056,"Essex, United Kingdom",51.7704679,0.4646698,"United Kingdom",NA,"Monaco, Monaco",43.7323492,7.4276832,"Monaco",NA
1057,"Safranbolu, Karabuk, Turkey",41.2456658,32.6929575,"Turkey",NA,"Istanbul, Turkey",41.006381,28.9758715,"Turkey",NA
1058,"Semarang, Central Java, Indonesia",-6.9903988,110.4229104,"Indonesia",NA,"Jakarta, Indonesia",-6.1754049,106.827168,"Indonesia",NA
1061,"St. Louis, Missouri, United States",38.6280278,-90.1910154,"United States","Missouri","Woodside, California, United States",37.4280637,-122.2507435,"United States","California"
1062,"Kelkit, Turkey",40.1255234,39.4359784,"Turkey",NA,"Istanbul, Turkey",41.006381,28.9758715,"Turkey",NA
1068,"Cleveland, Ohio, United States",41.4996574,-81.6936772,"United States","Ohio","Oyster Bay, New York, United States",40.7696568,-73.4998608,"United States","New York"
1069,"Bad Homburg, Germany",50.2363508,8.5980265,"Germany",NA,"San Francisco, California, United States",37.7792588,-122.4193286,"United States","California"
1071,"Polizzi Generosa, Sicily, Italy",37.8128186,13.9996828,"Italy",NA,"Milan, Italy",45.4641943,9.1896346,"Italy",NA
1072,"Dernbach, Germany",50.4565388,7.7885093,"Germany",NA,"Montabaur, Germany",50.4362219,7.8302494,"Germany",NA
1073,"Sofia, Bulgaria",42.6977028,23.3217359,"Bulgaria",NA,"London, United Kingdom",51.4893335,-0.1440551,"United Kingdom",NA
1074,"Sofia, Bulgaria",42.6977028,23.3217359,"Bulgaria",NA,"London, United Kingdom",51.4893335,-0.1440551,"United Kingdom",NA
1075,"Changsha, Hunan, China",28.1450774,113.2384362,"China",NA,"Zhuhai, Guangdong, China",22.273734,113.5721327,"China",NA
1079,"Bonn, Germany",50.7352621,7.1024635,"Germany",NA,"Potsdam, Germany",52.4009309,13.0591397,"Germany",NA
1080,"London, United Kingdom",51.4893335,-0.1440551,"United Kingdom",NA,"London, United Kingdom",51.4893335,-0.1440551,"United Kingdom",NA
1082,"Tombolo, Italy",45.6470275,11.8304219,"Italy",NA,"Tombolo, Italy",45.6470275,11.8304219,"Italy",NA
1083,"Bassano del Grappa, Vicenza, Italy",45.7669109,11.7343469,"Italy",NA,"Milan, Italy",45.4641943,9.1896346,"Italy",NA
1085,"Philadelphia, Pennsylvania, United States",39.9527237,-75.1635262,"United States","Pennsylvania","Paradise Valley, Arizona, United States",33.5324295,-111.9505123,"United States","Arizona"
1086,"Joplin, Missouri, United States",37.0841838,-94.5133385,"United States","Missouri","Dublin, Ireland",53.3493795,-6.2605593,"Ireland",NA
1087,"Bryn Mawr, Pennsylvania, United States",40.0238245,-75.3173407,"United States","Pennsylvania","Coatesville, Pennsylvania, United States",39.9831616,-75.8238355,"United States","Pennsylvania"
1088,"St. Louis, Missouri, United States",38.6280278,-90.1910154,"United States","Missouri","San Francisco, California, United States",37.7792588,-122.4193286,"United States","California"
1089,"Baku, Azerbaijan",40.3755885,49.8328009,"Azerbaijan",NA,"Luanda, Angola",-8.8272699,13.2439512,"Angola",NA
1090,"São Paulo, São Paulo, Brazil",-23.5506507,-46.6333824,"Brazil",NA,"São Paulo, São Paulo, Brazil",-23.5506507,-46.6333824,"Brazil",NA
1091,"Kutna Hora, Czechia",49.9486561,15.2681123,"Czechia",NA,"Prague, Czechia",50.0596288,14.4464593,"Czechia",NA
1092,"Linan, Zhejiang, China",30.2371364,119.7192631,"China",NA,"Hangzhou, Zhejiang, China",30.2489634,120.2052342,"China",NA
1093,"Lidingö, Sweden",59.3669445,18.1820897,"Sweden",NA,"Stockholm, Sweden",59.3251172,18.0710935,"Sweden",NA
1094,"Åkersberga, Sweden",59.4823516,18.2943981,"Sweden",NA,"Stockholm, Sweden",59.3251172,18.0710935,"Sweden",NA
1095,"Lidingö, Sweden",59.3669445,18.1820897,"Sweden",NA,"Stockholm, Sweden",59.3251172,18.0710935,"Sweden",NA
1096,"Stockholm, Sweden",59.3251172,18.0710935,"Sweden",NA,"Stockholm, Sweden",59.3251172,18.0710935,"Sweden",NA
1098,"Rome, Italy",41.8933203,12.4829321,"Italy",NA,"Monte Carlo, Monaco",43.7402961,7.426559,"Monaco",NA
1099,"Casablanca, Morocco",33.5945144,-7.6200284,"Morocco",NA,"Zermatt, Switzerland",46.0212076,7.749254,"Switzerland",NA
1100,"East Chicago, Indiana, United States",41.6397857,-87.4548466,"United States","Indiana","Atherton, California, United States",37.453773,-122.2058272,"United States","California"
1104,"Pittsburgh, Pennsylvania, United States",40.4416941,-79.9900861,"United States","Pennsylvania","New York, New York, United States",40.7127281,-74.0060152,"United States","New York"
1106,"Beijing, Beijing, China",39.9057136,116.3912972,"China",NA,"Tianjin, Tianjin, China",39.0844897,117.1956724,"China",NA
1107,"Hengshui, Hebei, China",37.7364305,115.6677229,"China",NA,"Hengshui, Hebei, China",37.7364305,115.6677229,"China",NA
1112,"Bhagalpur, Bihar, India",25.2861354,87.1304229,"India",NA,"New York, New York, United States",40.7127281,-74.0060152,"United States","New York"
1113,"New York, New York, United States",40.7127281,-74.0060152,"United States","New York","New York, New York, United States",40.7127281,-74.0060152,"United States","New York"
1115,"São Paulo, São Paulo, Brazil",-23.5506507,-46.6333824,"Brazil",NA,"Los Angeles, California, United States",34.0536909,-118.242766,"United States","California"
1116,"Columbia, Mississippi, United States",31.2518582,-89.8353099,"United States","Mississippi","Hattiesburg, Mississippi, United States",31.3271189,-89.2903392,"United States","Mississippi"
1117,"Columbia, Mississippi, United States",31.2518582,-89.8353099,"United States","Mississippi","Hattiesburg, Mississippi, United States",31.3271189,-89.2903392,"United States","Mississippi"
1118,"Cleveland, Ohio, United States",41.4996574,-81.6936772,"United States","Ohio","Incline Village, Nevada, United States",39.2501246,-119.951909,"United States","Nevada"
1119,"Oakland, California, United States",37.8044557,-122.271356,"United States","California","Clearwater, Florida, United States",27.9658533,-82.8001026,"United States","Florida"
1121,"Center, Texas, United States",31.7952814,-94.1803576,"United States","Texas","Houston, Texas, United States",29.7589382,-95.3676974,"United States","Texas"
1122,"Austin, Texas, United States",30.2711286,-97.7436995,"United States","Texas","Houston, Texas, United States",29.7589382,-95.3676974,"United States","Texas"
1123,"Philadelphia, Pennsylvania, United States",39.9527237,-75.1635262,"United States","Pennsylvania","Annapolis, Maryland, United States",38.9786401,-76.492786,"United States","Maryland"
1124,"Littlefield, Texas, United States",33.9189172,-102.332836,"United States","Texas","Midland, Texas, United States",31.83688,-102.0103767,"United States","Texas"
1125,"Saffron Walden, Essex, United Kingdom",52.021569,0.2411256,"United Kingdom",NA,"London, United Kingdom",51.4893335,-0.1440551,"United Kingdom",NA
1127,"St. Petersburg, Russia",59.938732,30.316229,"Russia",NA,"Dubai, United Arab Emirates",25.0742823,55.1885387,"United Arab Emirates",NA
1128,"Cromer, Norfolk, United Kingdom",52.9311367,1.3012758,"United Kingdom",NA,"Gloucestershire, United Kingdom",51.7643786,-2.1880662,"United Kingdom",NA
1129,"Makhachkala, Dagestan, Russia",42.9830241,47.5048717,"Russia",NA,"Moscow, Russia",55.625578,37.6063916,"Russia",NA
1131,"Freienbach, Switzerland",47.204411,8.7598816,"Switzerland",NA,"Wilen, Switzerland",47.451714,9.0341561,"Switzerland",NA
1132,"Tehran, Iran",35.6892523,51.3896004,"Iran",NA,"Denver, Colorado, United States",39.7392364,-104.984862,"United States","Colorado"
1133,"St Peter South Elmham, Suffolk, United Kingdom",52.4128833,1.4323995,"United Kingdom",NA,"London, United Kingdom",51.4893335,-0.1440551,"United Kingdom",NA
1134,"Athens, Greece",37.9755648,23.7348324,"Greece",NA,"Monaco, Monaco",43.7323492,7.4276832,"Monaco",NA
1135,"Istanbul, Turkey",41.006381,28.9758715,"Turkey",NA,"Istanbul, Turkey",41.006381,28.9758715,"Turkey",NA
1136,"Istanbul, Turkey",41.006381,28.9758715,"Turkey",NA,"Istanbul, Turkey",41.006381,28.9758715,"Turkey",NA
1137,"San Francisco, California, United States",37.7792588,-122.4193286,"United States","California","New York, New York, United States",40.7127281,-74.0060152,"United States","New York"
1138,"Paris, France",48.8588897,2.320041,"France",NA,"Paris, France",48.8588897,2.320041,"France",NA
1139,"Helena, Montana, United States",46.5927425,-112.036277,"United States","Montana","New York, New York, United States",40.7127281,-74.0060152,"United States","New York"
1140,"Bellingham, Washington, United States",48.7544012,-122.478836,"United States","Washington","Jackson, Wyoming, United States",43.479965,-110.761815,"United States","Wyoming"
1141,"Regina, Saskatchewan, Canada",50.4479733,-104.6158764,"Canada",NA,"St. Moritz, Switzerland",46.4978958,9.8392428,"Switzerland",NA
1143,"Oberstdorf, Germany",47.4104347,10.2774409,"Germany",NA,"Augsburg, Germany",48.3690341,10.8979522,"Germany",NA
1146,"Boston, Massachusetts, United States",42.3554334,-71.060511,"United States","Massachusetts","San Francisco, California, United States",37.7792588,-122.4193286,"United States","California"
1147,"New York, New York, United States",40.7127281,-74.0060152,"United States","New York","Westchester County, New York, United States",41.1763139,-73.7907554,"United States","New York"
1151,"Stockholm, Sweden",59.3251172,18.0710935,"Sweden",NA,"Stockholm, Sweden",59.3251172,18.0710935,"Sweden",NA
1152,"Baghdad, Iraq",33.3061701,44.3872213,"Iraq",NA,"Tel Aviv, Israel",32.0852997,34.7818064,"Israel",NA
1153,"San Juan, Puerto Rico, United States",18.384239,-66.05344,"United States","Puerto Rico","Charlotte, North Carolina, United States",35.2272086,-80.8430827,"United States","North Carolina"
1154,"Barcelona, Spain",41.3825802,2.177073,"Spain",NA,"Badalona, Spain",41.4493539,2.248254,"Spain",NA
1155,"New York, New York, United States",40.7127281,-74.0060152,"United States","New York","Turin, Italy",45.0677551,7.6824892,"Italy",NA
1156,"Merriwa, New South Wales, Australia",-32.1397152,150.3552042,"Australia",NA,"Surfers Paradise, Australia",-27.9989899,153.42398,"Australia",NA
1157,"Dunedin, New Zealand",-45.8740984,170.5035755,"New Zealand",NA,"Perth, Australia",-31.9558967,115.8605784,"Australia",NA
1158,"New York, New York, United States",40.7127281,-74.0060152,"United States","New York","Woodside, California, United States",37.4280637,-122.2507435,"United States","California"
1159,"Brighton, United Kingdom",50.8356838,-0.2939213,"United Kingdom",NA,"Hong Kong, China",22.2793278,114.1628131,"China",NA
1160,"Grand Ronde, Oregon, United States",45.060069,-123.6229392,"United States","Oregon","Redding, California, United States",40.5863563,-122.391675,"United States","California"
1161,"Chicago, Illinois, United States",41.8755616,-87.6244212,"United States","Illinois","Cardiff, Wales, United Kingdom",51.4816546,-3.1791934,"United Kingdom",NA
1164,"Vienna, Austria",48.2083537,16.3725042,"Austria",NA,"Lucerne, Switzerland",47.0505452,8.3054682,"Switzerland",NA
1166,"New York, New York, United States",40.7127281,-74.0060152,"United States","New York","New York, New York, United States",40.7127281,-74.0060152,"United States","New York"
1167,"Pittsburgh, Pennsylvania, United States",40.4416941,-79.9900861,"United States","Pennsylvania","St. Croix, U.S. Virgin Islands",17.729124,-64.7589156,"U.S. Virgin Islands",NA
1169,"Besni, Turkey",37.6910896,37.8622739,"Turkey",NA,"Istanbul, Turkey",41.006381,28.9758715,"Turkey",NA
1170,"Oak Ridge, Tennessee, United States",36.0103562,-84.2696449,"United States","Tennessee","Denver, Colorado, United States",39.7392364,-104.984862,"United States","Colorado"
1171,"Göteborg, Sweden",57.7072326,11.9670171,"Sweden",NA,"Göteborg, Sweden",57.7072326,11.9670171,"Sweden",NA
1172,"Yokohama, Kanagawa, Japan",35.4503381,139.6343802,"Japan",NA,"Yokohama, Kanagawa, Japan",35.4503381,139.6343802,"Japan",NA
1173,"Ashikaga, Tochigi, Japan",36.3400358,139.4488397,"Japan",NA,"Yokohama, Kanagawa, Japan",35.4503381,139.6343802,"Japan",NA
1175,"Porrerres, Mallorca, Spain",39.61362,3.02004,"Spain",NA,"Palma de Mallorca, Mallorca, Spain",39.5695818,2.6500745,"Spain",NA
1176,"Madrid, Spain",40.416782,-3.703507,"Spain",NA,"A Coruña, Spain",43.3709703,-8.3959425,"Spain",NA
1180,"Rio de Janeiro, Rio de Janeiro, Brazil",-22.9110137,-43.2093727,"Brazil",NA,"São Paulo, São Paulo, Brazil",-23.5506507,-46.6333824,"Brazil",NA
1181,"Buenos Aires, Argentina",-34.6095579,-58.3887904,"Argentina",NA,"Buenos Aires, Argentina",-34.6095579,-58.3887904,"Argentina",NA
1182,"Tel Aviv, Israel",32.0852997,34.7818064,"Israel",NA,"Indian Creek, Florida, United States",25.8771392,-80.1372166,"United States","Florida"
1183,"Northampton, Massachusetts, United States",42.3178989,-72.6311006,"United States","Massachusetts","McLean, Virginia, United States",38.9366853,-77.185843,"United States","Virginia"
1184,"Tulsa, Oklahoma, United States",36.1563122,-95.9927516,"United States","Oklahoma","Charleston, South Carolina, United States",32.7884363,-79.9399309,"United States","South Carolina"
1185,"Chisholm, Minnesota, United States",47.489926,-92.883528,"United States","Minnesota","New York, New York, United States",40.7127281,-74.0060152,"United States","New York"
1186,"Suzhou, Jiangsu, China",31.311123,120.6212881,"China",NA,"Suzhou, Jiangsu, China",31.311123,120.6212881,"China",NA
1189,"Beijing, Beijing, China",39.9057136,116.3912972,"China",NA,"Beijing, Beijing, China",39.9057136,116.3912972,"China",NA
1190,"San Jose, California, United States",37.3361663,-121.890591,"United States","California","Monte Vista, California, United States",33.5385813,-117.1289814,"United States","California"
1191,"Tongling, Anhui, China",30.9057603,117.6141351,"China",NA,"Shunde, Guangdong, China",22.8054891,113.2894243,"China",NA
1192,"Haozhou, Anhui, China",30.90641,119.40865,"China",NA,"Hulin, China",46.0140986,133.1530496,"China",NA
1196,"Timișoara, Romania",45.7538355,21.2257474,"Romania",NA,"New York, New York, United States",40.7127281,-74.0060152,"United States","New York"
1197,"Pedranopolis, São Paulo, Brazil",-20.249177,-50.1102463,"Brazil",NA,"Rio de Janeiro, Rio de Janeiro, Brazil",-22.9110137,-43.2093727,"Brazil",NA
1199,"Sydney, Australia",-33.8698439,151.2082848,"Australia",NA,"Sydney, Australia",-33.8698439,151.2082848,"Australia",NA
1202,"Haifa, Israel",32.8191218,34.9983856,"Israel",NA,"Tel Aviv, Israel",32.0852997,34.7818064,"Israel",NA
1203,"Philadelphia, Pennsylvania, United States",39.9527237,-75.1635262,"United States","Pennsylvania","Madison, Wisconsin, United States",43.07469,-89.3841663,"United States","Wisconsin"
1204,"Servières-le-Château, Corrèze, France",45.1321971,2.0229471,"France",NA,"Saint-Émilion, France",44.8946048,-0.1749547,"France",NA
1205,"Montreal, Quebec, Canada",45.5031824,-73.5698065,"Canada",NA,"Montreal, Quebec, Canada",45.5031824,-73.5698065,"Canada",NA
1206,"Haifa, Israel",32.8191218,34.9983856,"Israel",NA,"Tel Aviv, Israel",32.0852997,34.7818064,"Israel",NA
1208,"Prokopyevsk, Kemerovo, Russia",53.8879117,86.7492072,"Russia",NA,"Kemerovo, Russia",55.3550907,86.0871213,"Russia",NA
1210,"São Paulo, São Paulo, Brazil",-23.5506507,-46.6333824,"Brazil",NA,"São Paulo, São Paulo, Brazil",-23.5506507,-46.6333824,"Brazil",NA
1211,"São Paulo, São Paulo, Brazil",-23.5506507,-46.6333824,"Brazil",NA,"São Paulo, São Paulo, Brazil",-23.5506507,-46.6333824,"Brazil",NA
1215,"New York, New York, United States",40.7127281,-74.0060152,"United States","New York","New York, New York, United States",40.7127281,-74.0060152,"United States","New York"
1217,"Washington, District of Columbia, United States",38.8950368,-77.0365427,"United States","District of Columbia","Sarasota, Florida, United States",27.3365805,-82.5308545,"United States","Florida"
1218,"Pouso Redondo, Santa Catarina, Brazil",-27.2567443,-49.9331593,"Brazil",NA,"Curitiba, Paraná, Brazil",-25.4944375,-49.284271,"Brazil",NA
1219,"Bayamón, Puerto Rico, United States",18.3449582,-66.168374,"United States","Puerto Rico","Los Angeles, California, United States",34.0536909,-118.242766,"United States","California"
1224,"St. Michael, Barbados",13.1182985,-59.6015783,"Barbados",NA,"Los Angeles, California, United States",34.0536909,-118.242766,"United States","California"
1225,"Castelvetro di Modena, Modena, Italy",44.5034615,10.9432999,"Italy",NA,"Modena, Italy",44.5384728,10.9359609,"Italy",NA
1226,"Porto, Portugal",41.1502195,-8.6103497,"Portugal",NA,"London, United Kingdom",51.4893335,-0.1440551,"United Kingdom",NA
1227,"Farigliano, Cuneo, Italy",44.5120312,7.914245,"Italy",NA,"Brussels, Belgium",50.8465573,4.351697,"Belgium",NA
1229,"Las Vegas, Nevada, United States",36.1674263,-115.1484131,"United States","Nevada","Las Vegas, Nevada, United States",36.1674263,-115.1484131,"United States","Nevada"
1230,"Las Vegas, Nevada, United States",36.1674263,-115.1484131,"United States","Nevada","Las Vegas, Nevada, United States",36.1674263,-115.1484131,"United States","Nevada"
1231,"Galveston, Texas, United States",29.3872254,-94.992736,"United States","Texas","Houston, Texas, United States",29.7589382,-95.3676974,"United States","Texas"
1232,"Elektrostal, Russia",55.7498843,38.4254338,"Russia",NA,"Limassol, Cyprus",34.6852901,33.0332657,"Cyprus",NA
1233,"Saint-Étienne, Loire, France",45.4401467,4.3873058,"France",NA,"Paris, France",48.8588897,2.320041,"France",NA
1234,"Toronto, Ontario, Canada",43.6534817,-79.3839347,"Canada",NA,"Toronto, Ontario, Canada",43.6534817,-79.3839347,"Canada",NA
1236,"Stafstedt, Germany",54.1705498,9.6659973,"Germany",NA,"Hamburg, Germany",53.550341,10.000654,"Germany",NA
1237,"Hamburg, Germany",53.550341,10.000654,"Germany",NA,"Hamburg, Germany",53.550341,10.000654,"Germany",NA
1239,"Kryvyi Rih, Ukraine",47.9102734,33.3917703,"Ukraine",NA,"Moscow, Russia",55.625578,37.6063916,"Russia",NA
1240,"Yuzhno-Sakhalinsk, Sakhalin, Russia",46.9574273,142.727438,"Russia",NA,"Moscow, Russia",55.625578,37.6063916,"Russia",NA
1241,"Milwaukee, Wisconsin, United States",43.0386475,-87.9090751,"United States","Wisconsin","Palo Alto, California, United States",37.4443293,-122.1598465,"United States","California"
1243,"Houston, Texas, United States",29.7589382,-95.3676974,"United States","Texas","Houston, Texas, United States",29.7589382,-95.3676974,"United States","Texas"
1244,"Los Angeles, California, United States",34.0536909,-118.242766,"United States","California","New York, New York, United States",40.7127281,-74.0060152,"United States","New York"
1245,"Oakland, California, United States",37.8044557,-122.271356,"United States","California","New York, New York, United States",40.7127281,-74.0060152,"United States","New York"
1246,"Cambridge, Massachusetts, United States",42.3656347,-71.1040018,"United States","Massachusetts","Brookline, Massachusetts, United States",42.332918,-71.1187829,"United States","Massachusetts"
1247,"Cleveland, Ohio, United States",41.4996574,-81.6936772,"United States","Ohio","Grosse Pointe, Michigan, United States",42.3861485,-82.9118591,"United States","Michigan"
1251,"San Francisco, California, United States",37.7792588,-122.4193286,"United States","California","San Francisco, California, United States",37.7792588,-122.4193286,"United States","California"
1252,"San Francisco, California, United States",37.7792588,-122.4193286,"United States","California","San Francisco, California, United States",37.7792588,-122.4193286,"United States","California"
1253,"San Francisco, California, United States",37.7792588,-122.4193286,"United States","California","San Francisco, California, United States",37.7792588,-122.4193286,"United States","California"
1254,"San Francisco, California, United States",37.7792588,-122.4193286,"United States","California","San Francisco, California, United States",37.7792588,-122.4193286,"United States","California"
1255,"San Francisco, California, United States",37.7792588,-122.4193286,"United States","California","Dallas, Texas, United States",32.7762719,-96.7968559,"United States","Texas"
1256,"Allerød, Denmark",55.8707776,12.3556762,"Denmark",NA,"Los Angeles, California, United States",34.0536909,-118.242766,"United States","California"
1257,"Savigliano, Cuneo, Italy",44.644037,7.655929,"Italy",NA,"Monaco, Monaco",43.7323492,7.4276832,"Monaco",NA
1259,"Winnipeg, Manitoba, Canada",49.8955367,-97.1384584,"Canada",NA,"London, United Kingdom",51.4893335,-0.1440551,"United Kingdom",NA
1262,"St. Moritz, Switzerland",46.4978958,9.8392428,"Switzerland",NA,"St. Moritz, Switzerland",46.4978958,9.8392428,"Switzerland",NA
1263,"Berkeley, California, United States",37.8708393,-122.272863,"United States","California","Palm Beach, Florida, United States",26.6279798,-80.4494174,"United States","Florida"
1264,"Inca, Mallorca, Spain",39.720917,2.9937949,"Spain",NA,"Esporles, Spain",39.6692405,2.5775624,"Spain",NA
1267,"Austin, Texas, United States",30.2711286,-97.7436995,"United States","Texas","Las Vegas, Nevada, United States",36.1674263,-115.1484131,"United States","Nevada"
1268,"Houston, Texas, United States",29.7589382,-95.3676974,"United States","Texas","New York, New York, United States",40.7127281,-74.0060152,"United States","New York"
1270,"Antofagasta, Antofagasta, Chile",-23.6463741,-70.3980033,"Chile",NA,"Santiago, Chile",-33.4377756,-70.6504502,"Chile",NA
1273,"Pampa, Texas, United States",35.536297,-100.9601552,"United States","Texas","Dallas, Texas, United States",32.7762719,-96.7968559,"United States","Texas"
1274,"Austin, Texas, United States",30.2711286,-97.7436995,"United States","Texas","Los Angeles, California, United States",34.0536909,-118.242766,"United States","California"
1275,"Lyon, France",45.7578137,4.8320114,"France",NA,"London, United Kingdom",51.4893335,-0.1440551,"United Kingdom",NA
1276,"Tehran, Iran",35.6892523,51.3896004,"Iran",NA,"Truckee, California, United States",39.3279454,-120.1835765,"United States","California"
1277,"Perth, Australia",-31.9558967,115.8605784,"Australia",NA,"Perth, Australia",-31.9558967,115.8605784,"Australia",NA
1280,"Detroit, Michigan, United States",42.3315509,-83.046640300000007,"United States","Michigan","Farmington Hills, Michigan, United States",42.4853125,-83.3771553,"United States","Michigan"
1281,"Snyder, Texas, United States",32.7180803,-100.918231,"United States","Texas","El Paso, Texas, United States",31.7601164,-106.4870404,"United States","Texas"
1282,"Sydney, Australia",-33.8698439,151.2082848,"Australia",NA,"Melbourne, Australia",-37.8142454,144.9631732,"Australia",NA
1283,"Annonay, Ardèche, France",45.2399639,4.6675475,"France",NA,"Paris, France",48.8588897,2.320041,"France",NA
1284,"Daytona Beach, Florida, United States",29.2108147,-81.0228331,"United States","Florida","Daytona Beach, Florida, United States",29.2108147,-81.0228331,"United States","Florida"
1286,"Rio de Janeiro, Rio de Janeiro, Brazil",-22.9110137,-43.2093727,"Brazil",NA,"Los Angeles, California, United States",34.0536909,-118.242766,"United States","California"
1289,"Bryan, Texas, United States",30.6743643,-96.3699632,"United States","Texas","Houston, Texas, United States",29.7589382,-95.3676974,"United States","Texas"
1291,"Houston, Texas, United States",29.7589382,-95.3676974,"United States","Texas","Houston, Texas, United States",29.7589382,-95.3676974,"United States","Texas"
1293,"Eidsvoll, Akershus, Norway",60.4162965,11.2555442,"Norway",NA,"London, United Kingdom",51.4893335,-0.1440551,"United Kingdom",NA
1294,"Kitchener, Ontario, Canada",43.451291,-80.4927815,"Canada",NA,"Waterloo, Ontario, Canada",43.4652699,-80.5222961,"Canada",NA
1295,"Würzburg, Germany",49.7780356,9.9434769,"Germany",NA,"Rottendorf, Germany",49.7921073,10.0259501,"Germany",NA
1296,"Chicago, Illinois, United States",41.8755616,-87.6244212,"United States","Illinois","Bal Harbour, Florida, United States",25.8917613,-80.1269896,"United States","Florida"
1297,"Dallas, Texas, United States",32.7762719,-96.7968559,"United States","Texas","Seattle, Washington, United States",47.6038321,-122.330062,"United States","Washington"
1299,"Charleroi, Belgium",50.4116233,4.444528,"Belgium",NA,"Gerpinnes, Belgium",50.3471205,4.527683,"Belgium",NA
1300,"Zurich, Switzerland",47.3744489,8.5410422,"Switzerland",NA,"Küsnacht, Switzerland",47.3176276,8.5830859,"Switzerland",NA
1301,"São Paulo, São Paulo, Brazil",-23.5506507,-46.6333824,"Brazil",NA,"São Paulo, São Paulo, Brazil",-23.5506507,-46.6333824,"Brazil",NA
1304,"Lviv, Ukraine",49.841952,24.0315921,"Ukraine",NA,"Moscow, Russia",55.625578,37.6063916,"Russia",NA
1305,"San Diego, California, United States",32.7174202,-117.162772,"United States","California","Houston, Texas, United States",29.7589382,-95.3676974,"United States","Texas"
1306,"San Diego, California, United States",32.7174202,-117.162772,"United States","California","Houston, Texas, United States",29.7589382,-95.3676974,"United States","Texas"
1307,"Chicago, Illinois, United States",41.8755616,-87.6244212,"United States","Illinois","Singapore, Singapore",1.357107,103.8194992,"Singapore",NA
1308,"Contra Costa County, California, United States",37.9034806,-121.9175345,"United States","California","Belvedere, California, United States",37.8663951,-122.462699,"United States","California"
1310,"York, Pennsylvania, United States",39.962493,-76.7276989,"United States","Pennsylvania","Los Angeles, California, United States",34.0536909,-118.242766,"United States","California"
1311,"Seattle, Washington, United States",47.6038321,-122.330062,"United States","Washington","Seattle, Washington, United States",47.6038321,-122.330062,"United States","Washington"
1312,"Nashville, Tennessee, United States",36.1622767,-86.7742984,"United States","Tennessee","Nashville, Tennessee, United States",36.1622767,-86.7742984,"United States","Tennessee"
1314,"Tula, Tula Oblast, Russia",54.1930321,37.61754,"Russia",NA,"Moscow, Russia",55.625578,37.6063916,"Russia",NA
1315,"Philadelphia, Pennsylvania, United States",39.9527237,-75.1635262,"United States","Pennsylvania","Miami Beach, Florida, United States",25.7929198,-80.1353006,"United States","Florida"
1317,"Zixi County, Jiangxi, China",27.7468758,116.9895813,"China",NA,"Nanping, China",27.3856975,118.0753196,"China",NA
1320,"Dongyang, Zhejiang, China",29.2924528,120.2372669,"China",NA,"Hangzhou, Zhejiang, China",30.2489634,120.2052342,"China",NA
1321,"Ningbo, Zhejiang, China",29.8622194,121.6203873,"China",NA,"Ningbo, Zhejiang, China",29.8622194,121.6203873,"China",NA
1322,"Sabae, Fukui, Japan",35.9565096,136.1843593,"Japan",NA,"Tokyo, Japan",35.6768601,139.7638947,"Japan",NA
1325,"Asahikawa, Hokkaido, Japan",43.770625,142.3649743,"Japan",NA,"Tokyo, Japan",35.6768601,139.7638947,"Japan",NA
1328,"Kobe, Hyōgo, Japan",34.6932379,135.1943764,"Japan",NA,"Osaka, Japan",34.6937569,135.5014539,"Japan",NA
1329,"Hong Kong, China",22.2793278,114.1628131,"China",NA,"Hong Kong, China",22.2793278,114.1628131,"China",NA
1330,"Hong Kong, China",22.2793278,114.1628131,"China",NA,"Hong Kong, China",22.2793278,114.1628131,"China",NA
1332,"Jerusalem, Israel",31.7788472,35.2257856,"Israel",NA,"London, United Kingdom",51.4893335,-0.1440551,"United Kingdom",NA
1333,"Milan, Italy",45.4641943,9.1896346,"Italy",NA,"Milan, Italy",45.4641943,9.1896346,"Italy",NA
1334,"New York, New York, United States",40.7127281,-74.0060152,"United States","New York","Greenwich, Connecticut, United States",41.0264862,-73.6284598,"United States","Connecticut"
1335,"Mission, British Columbia, Canada",49.1589351,-122.283583,"Canada",NA,"Vancouver, British Columbia, Canada",49.2608724,-123.113952,"Canada",NA
1336,"Uccle, Belgium",50.8035441,4.3338445,"Belgium",NA,"Brussels, Belgium",50.8465573,4.351697,"Belgium",NA
1337,"Khachkoi, Georgia",41.7024764,43.9688945,"Georgia",NA,"Moscow, Russia",55.625578,37.6063916,"Russia",NA
1338,"Sochi, Russia",43.5854823,39.723109,"Russia",NA,"Krasnodar, Russia",45.0351532,38.9772396,"Russia",NA
1339,"Barcelona, Spain",41.3825802,2.177073,"Spain",NA,"Barcelona, Spain",41.3825802,2.177073,"Spain",NA
1340,"Barcelona, Spain",41.3825802,2.177073,"Spain",NA,"Barcelona, Spain",41.3825802,2.177073,"Spain",NA
1343,"Buenos Aires, Argentina",-34.6095579,-58.3887904,"Argentina",NA,"Buenos Aires, Argentina",-34.6095579,-58.3887904,"Argentina",NA
1346,"Melbourne, Australia",-37.8142454,144.9631732,"Australia",NA,"Melbourne, Australia",-37.8142454,144.9631732,"Australia",NA
1347,"Grasse, Alpes-Maritimes, France",43.6589011,6.9239103,"France",NA,"London, United Kingdom",51.4893335,-0.1440551,"United Kingdom",NA
1348,"Kolkata, West Bengal, India",22.5726459,88.3638953,"India",NA,"Miami, Florida, United States",25.7741728,-80.19362,"United States","Florida"
1349,"New York, New York, United States",40.7127281,-74.0060152,"United States","New York","Baar, Switzerland",47.1951976,8.5253985,"Switzerland",NA
1350,"Baden, Aargau, Switzerland",47.4736827,8.3086822,"Switzerland",NA,"Zug, Switzerland",47.1486137,8.5539378,"Switzerland",NA
1354,"Langzhong, Sichuan, China",31.5899565,106.0812814,"China",NA,"Shanghai, China",31.2323437,121.4691024,"China",NA
1356,"Changde, Hunan, China",29.034552,111.6928724,"China",NA,"Changsha, Hunan, China",28.1450774,113.2384362,"China",NA
1359,"Moscow, Russia",55.625578,37.6063916,"Russia",NA,"Worcester, Massachusetts, United States",42.2625621,-71.8018877,"United States","Massachusetts"
1361,"Milan, Italy",45.4641943,9.1896346,"Italy",NA,"Milan, Italy",45.4641943,9.1896346,"Italy",NA
1369,"São Paulo, São Paulo, Brazil",-23.5506507,-46.6333824,"Brazil",NA,"São Paulo, São Paulo, Brazil",-23.5506507,-46.6333824,"Brazil",NA
1373,"Portland, Oregon, United States",45.5202471,-122.674194,"United States","Oregon","Pleasanton, California, United States",37.6624312,-121.8746789,"United States","California"
1375,"Seattle, Washington, United States",47.6038321,-122.330062,"United States","Washington","Medina, Washington, United States",47.620548,-122.2264453,"United States","Washington"
1376,"Budapest, Hungary",47.4813896,19.1460941,"Hungary",NA,"Budapest, Hungary",47.4813896,19.1460941,"Hungary",NA
1377,"Bulandshahar, Uttar Pradesh, India",28.5242541,77.5995188,"India",NA,"New Delhi, India",28.6419258,77.2217499,"India",NA
1378,"Steinfurt, Germany",52.138683,7.3678356,"Germany",NA,"Espelkamp, Germany",52.3778041,8.6157377,"Germany",NA
1380,"Aligarh, Uttar Pradesh, India",27.8761073,78.1358153,"India",NA,"New Delhi, India",28.6419258,77.2217499,"India",NA
1382,"Atlanta, Georgia, United States",33.7544657,-84.3898151,"United States","Georgia","Austin, Texas, United States",30.2711286,-97.7436995,"United States","Texas"
1383,"New York, New York, United States",40.7127281,-74.0060152,"United States","New York","Beverly Hills, California, United States",34.0696501,-118.3963062,"United States","California"
1384,"Rohtak, Haryana, India",28.9010899,76.5801935,"India",NA,"Mumbai, Maharashtra, India",19.054999,72.8692035,"India",NA
1385,"Dornbirn, Austria",47.4136351,9.7423762,"Austria",NA,"Geneva, Switzerland",46.2017559,6.1466014,"Switzerland",NA
1391,"Nanjing, Jiangsu, China",32.0438284,118.7788631,"China",NA,"Langfang, Hebei, China",39.5302055,116.6926134,"China",NA
1396,"Moscow, Russia",55.625578,37.6063916,"Russia",NA,"London, United Kingdom",51.4893335,-0.1440551,"United Kingdom",NA
1397,"Cologne, Germany",50.938361,6.959974,"Germany",NA,"Zurich, Switzerland",47.3744489,8.5410422,"Switzerland",NA
1398,"London, United Kingdom",51.4893335,-0.1440551,"United Kingdom",NA,"Monaco, Monaco",43.7323492,7.4276832,"Monaco",NA
1399,"New York, New York, United States",40.7127281,-74.0060152,"United States","New York","Liberty, New York, United States",41.8012088,-74.7466262,"United States","New York"
1400,"Tel Aviv, Israel",32.0852997,34.7818064,"Israel",NA,"Bnei Brak, Israel",32.0873899,34.8324376,"Israel",NA
1401,"Los Angeles, California, United States",34.0536909,-118.242766,"United States","California","San Francisco, California, United States",37.7792588,-122.4193286,"United States","California"
1405,"Detroit, Michigan, United States",42.3315509,-83.046640300000007,"United States","Michigan","Franklin, Michigan, United States",42.5222567,-83.3060432,"United States","Michigan"
1406,"Burlington, Ontario, Canada",43.3248924,-79.7966835,"Canada",NA,"Toronto, Ontario, Canada",43.6534817,-79.3839347,"Canada",NA
1407,"Cali, Colombia",3.4108435,-76.5812127,"Colombia",NA,"Panama City, Panama",8.9714493,-79.5341802,"Panama",NA
1408,"London, United Kingdom",51.4893335,-0.1440551,"United Kingdom",NA,"Durham, North Carolina, United States",35.996653,-78.9018053,"United States","North Carolina"
1409,"Sanoe-myeon, Jeongeup-si, Jeollabuk-do, South Korea",35.62585,127.05879,"South Korea",NA,"Seoul, South Korea",37.5666791,126.9782914,"South Korea",NA
1410,"Sainte-Livrade-sur-Lot, Lot-et-Garonne, France",44.4033,0.59892,"France",NA,"Pujols, France",44.8082356,-0.0312502,"France",NA
1411,"Milan, Italy",45.4641943,9.1896346,"Italy",NA,"Milan, Italy",45.4641943,9.1896346,"Italy",NA
1412,"St. Petersburg, Russia",59.938732,30.316229,"Russia",NA,"London, United Kingdom",51.4893335,-0.1440551,"United Kingdom",NA
1414,"Seattle, Washington, United States",47.6038321,-122.330062,"United States","Washington","Seattle, Washington, United States",47.6038321,-122.330062,"United States","Washington"
1416,"Johannesburg, South Africa",-26.205,28.049722,"South Africa",NA,"Ruschlikon, Switzerland",47.307465,8.5546421,"Switzerland",NA
1419,"Rochester, New York, United States",43.157285,-77.615214,"United States","New York","Palm Beach, Florida, United States",26.6279798,-80.4494174,"United States","Florida"
1420,"Rochester, New York, United States",43.157285,-77.615214,"United States","New York","Chicago, Illinois, United States",41.8755616,-87.6244212,"United States","Illinois"
1421,"Rochester, New York, United States",43.157285,-77.615214,"United States","New York","Beverly Hills, California, United States",34.0696501,-118.3963062,"United States","California"
1422,"Rochester, New York, United States",43.157285,-77.615214,"United States","New York","Bethesda, Maryland, United States",38.9812726,-77.1233587,"United States","Maryland"
1423,"Rochester, New York, United States",43.157285,-77.615214,"United States","New York","Rochester, New York, United States",43.157285,-77.615214,"United States","New York"
1424,"Rochester, New York, United States",43.157285,-77.615214,"United States","New York","Palm Beach, Florida, United States",26.6279798,-80.4494174,"United States","Florida"
1425,"Rochester, New York, United States",43.157285,-77.615214,"United States","New York","Palm Beach, Florida, United States",26.6279798,-80.4494174,"United States","Florida"
1426,"Vienna, Austria",48.2083537,16.3725042,"Austria",NA,"Velden am Wörther See, Austria",46.6151882,14.0450583,"Austria",NA
1427,"Singapore, Singapore",1.357107,103.8194992,"Singapore",NA,"Kuala Lumpur, Malaysia",3.1526589,101.7022205,"Malaysia",NA
1429,"Jeerota, Rajasthan, India",26.298763,76.6488647,"India",NA,"Mumbai, Maharashtra, India",19.054999,72.8692035,"India",NA
1430,"Saguenay, Québec, Canada",48.405959,-71.069183,"Canada",NA,"Westmount, Ontario, Canada",45.4856917,-73.596562,"Canada",NA
1431,"Mumbai, Maharashtra, India",19.054999,72.8692035,"India",NA,"Mumbai, Maharashtra, India",19.054999,72.8692035,"India",NA
1434,"Kolkata, West Bengal, India",22.5726459,88.3638953,"India",NA,"Mumbai, Maharashtra, India",19.054999,72.8692035,"India",NA
1435,"Kolkata, West Bengal, India",22.5726459,88.3638953,"India",NA,"Kolkata, West Bengal, India",22.5726459,88.3638953,"India",NA
1436,"Kolkata, West Bengal, India",22.5726459,88.3638953,"India",NA,"Mumbai, Maharashtra, India",19.054999,72.8692035,"India",NA
1437,"Kolkata, West Bengal, India",22.5726459,88.3638953,"India",NA,"Kolkata, West Bengal, India",22.5726459,88.3638953,"India",NA
1438,"Kolkata, West Bengal, India",22.5726459,88.3638953,"India",NA,"Kolkata, West Bengal, India",22.5726459,88.3638953,"India",NA
1439,"Hissar, Haryana, India",29.813025,76.4776537,"India",NA,"Mumbai, Maharashtra, India",19.054999,72.8692035,"India",NA
1440,"Vienna, Austria",48.2083537,16.3725042,"Austria",NA,"Vienna, Austria",48.2083537,16.3725042,"Austria",NA
1441,"Freeport, Texas, United States",28.9496782,-95.3461433,"United States","Texas","Fort Worth, Texas, United States",32.753177,-97.3327459,"United States","Texas"
1442,"Singapore, Singapore",1.357107,103.8194992,"Singapore",NA,"Singapore, Singapore",1.357107,103.8194992,"Singapore",NA
1443,"Fuqing, Fujian, China",25.6301525,119.3756376,"China",NA,"Singapore, Singapore",1.357107,103.8194992,"Singapore",NA
1445,"Xiamen, Fujian, China",24.5438732,118.0768065,"China",NA,"Manila, Philippines",14.5904492,120.9803621,"Philippines",NA
1446,"Manila, Philippines",14.5904492,120.9803621,"Philippines",NA,"Manila, Philippines",14.5904492,120.9803621,"Philippines",NA
1448,"Toronto, Ontario, Canada",43.6534817,-79.3839347,"Canada",NA,"North York, Ontario, Canada",43.7543217,-79.4491057,"Canada",NA
1449,"New York, New York, United States",40.7127281,-74.0060152,"United States","New York","New York, New York, United States",40.7127281,-74.0060152,"United States","New York"
1453,"New York, New York, United States",40.7127281,-74.0060152,"United States","New York","New York, New York, United States",40.7127281,-74.0060152,"United States","New York"
1454,"New Orleans, Louisiana, United States",29.9559145,-90.0730259,"United States","Louisiana","New Orleans, Louisiana, United States",29.9559145,-90.0730259,"United States","Louisiana"
1455,"San Antonio, Texas, United States",29.4246002,-98.4951405,"United States","Texas","San Antonio, Texas, United States",29.4246002,-98.4951405,"United States","Texas"
1456,"Amsterdam, Netherlands",52.3730796,4.8924534,"Netherlands",NA,"Amsterdam, Netherlands",52.3730796,4.8924534,"Netherlands",NA
1457,"Rochester, New York, United States",43.157285,-77.615214,"United States","New York","Naples, Florida, United States",26.1421976,-81.7942944,"United States","Florida"
1458,"New York, New York, United States",40.7127281,-74.0060152,"United States","New York","New York, New York, United States",40.7127281,-74.0060152,"United States","New York"
1459,"New York, New York, United States",40.7127281,-74.0060152,"United States","New York","New York, New York, United States",40.7127281,-74.0060152,"United States","New York"
1463,"Monterrey, Nuevo León, Mexico",25.6802019,-100.315258,"Mexico",NA,"Monterrey, Nuevo León, Mexico",25.6802019,-100.315258,"Mexico",NA
1467,"Salisbury, North Carolina, United States",35.6709727,-80.4742261,"United States","North Carolina","Cary, North Carolina, United States",35.7882893,-78.7812081,"United States","North Carolina"
1468,"Thiruvanathapuram, Kerala, India",8.4696062,76.9973646,"India",NA,"Bengaluru, Karnataka, India",12.9767936,77.590082,"India",NA
1469,"Moscow, Russia",55.625578,37.6063916,"Russia",NA,"Moscow, Russia",55.625578,37.6063916,"Russia",NA
1472,"Nazareth, Israel",32.7046364,35.2971854,"Israel",NA,"Beverly Hills, California, United States",34.0696501,-118.3963062,"United States","California"
1473,"Nazareth, Israel",32.7046364,35.2971854,"Israel",NA,"Beverly Hills, California, United States",34.0696501,-118.3963062,"United States","California"
1475,"New York, New York, United States",40.7127281,-74.0060152,"United States","New York","Rye, New York, United States",40.9821371,-73.6840902,"United States","New York"
1477,"New Taipei City, Taiwan",25.063267,121.45788,"Taiwan",NA,"Taipei, Taiwan",25.0375198,121.5636796,"Taiwan",NA
1480,"Detroit, Michigan, United States",42.3315509,-83.046640300000007,"United States","Michigan","Chicago, Illinois, United States",41.8755616,-87.6244212,"United States","Illinois"
1481,"Salvador, Bahia, Brazil",-12.9822499,-38.4812772,"Brazil",NA,"Salvador, Bahia, Brazil",-12.9822499,-38.4812772,"Brazil",NA
1482,"Vienna, Austria",48.2083537,16.3725042,"Austria",NA,"Vienna, Austria",48.2083537,16.3725042,"Austria",NA
1483,"London, United Kingdom",51.4893335,-0.1440551,"United Kingdom",NA,"Gstaad, Switzerland",46.4721619,7.288748,"Switzerland",NA
1484,"Chicago, Illinois, United States",41.8755616,-87.6244212,"United States","Illinois","Skokie, Illinois, United States",42.0262972,-87.7521069,"United States","Illinois"
1485,"New Orleans, Louisiana, United States",29.9559145,-90.0730259,"United States","Louisiana","Baton Rouge, Louisiana, United States",30.4494155,-91.1869659,"United States","Louisiana"
1486,"San Diego, California, United States",32.7174202,-117.162772,"United States","California","Kauai, Hawaii, United States",22.0503838,-159.5588624,"United States","Hawaii"
1487,"East London, South Africa",-33.0191604,27.8998573,"South Africa",NA,"Hamilton, Bermuda",32.2942679,-64.7853167,"Bermuda",NA
1488,"Highland Park, Illinois, United States",42.1836719,-87.7993245,"United States","Illinois","New York, New York, United States",40.7127281,-74.0060152,"United States","New York"
1489,"Boston, Massachusetts, United States",42.3554334,-71.060511,"United States","Massachusetts","London, United Kingdom",51.4893335,-0.1440551,"United Kingdom",NA
1490,"London, United Kingdom",51.4893335,-0.1440551,"United Kingdom",NA,"London, United Kingdom",51.4893335,-0.1440551,"United Kingdom",NA
1491,"Croydon, United Kingdom",51.3713049,-0.101957,"United Kingdom",NA,"London, United Kingdom",51.4893335,-0.1440551,"United Kingdom",NA
1493,"Emporia, Kansas, United States",38.4040054,-96.181623,"United States","Kansas","Oklahoma City, Oklahoma, United States",35.4729886,-97.5170536,"United States","Oklahoma"
1497,"New York, New York, United States",40.7127281,-74.0060152,"United States","New York","Gladwyne, Pennsylvania, United States",40.0397304,-75.2791788,"United States","Pennsylvania"
1498,"Worcester, Massachusetts, United States",42.2625621,-71.8018877,"United States","Massachusetts","Palm Beach, Florida, United States",26.6279798,-80.4494174,"United States","Florida"
1499,"Farroupilha, Rio Grande do Sul, Brazil",-29.22647,-51.3468188,"Brazil",NA,"Porto Alegre, Rio Grande do Sul, Brazil",-30.0324999,-51.2303767,"Brazil",NA
1500,"Farroupilha, Rio Grande do Sul, Brazil",-29.22647,-51.3468188,"Brazil",NA,"São Paulo, São Paulo, Brazil",-23.5506507,-46.6333824,"Brazil",NA
1501,"Chicago, Illinois, United States",41.8755616,-87.6244212,"United States","Illinois","Chicago, Illinois, United States",41.8755616,-87.6244212,"United States","Illinois"
1502,"Basel, Switzerland",47.5581077,7.5878261,"Switzerland",NA,"Basel, Switzerland",47.5581077,7.5878261,"Switzerland",NA
1503,"Kebraty, Russia",60.3670034,54.2149431,"Russia",NA,"Moscow, Russia",55.625578,37.6063916,"Russia",NA
1504,"Daytona Beach, Florida, United States",29.2108147,-81.0228331,"United States","Florida","Miami, Florida, United States",25.7741728,-80.19362,"United States","Florida"
1505,"Zaporizhzhia, Ukraine",47.8507859,35.1182867,"Ukraine",NA,"Moscow, Russia",55.625578,37.6063916,"Russia",NA
1508,"Basel, Switzerland",47.5581077,7.5878261,"Switzerland",NA,"Liestal, Switzerland",47.4839723,7.7347783,"Switzerland",NA
1509,"Phoenix, Arizona, United States",33.4484367,-112.074141,"United States","Arizona","Laguna Beach, California, United States",33.5426975,-117.785366,"United States","California"
1510,"Middletown, Ohio, United States",39.516644,-84.4041725,"United States","Ohio","Laguna Beach, California, United States",33.5426975,-117.785366,"United States","California"
1511,"Los Angeles, California, United States",34.0536909,-118.242766,"United States","California","Chico, California, United States",39.7284945,-121.8374777,"United States","California"
1514,"Northampton, Massachusetts, United States",42.3178989,-72.6311006,"United States","Massachusetts","Portola Valley, California, United States",37.3736298,-122.219047,"United States","California"
1515,"Bolshevo, Russia",55.9261494,37.8612364,"Russia",NA,"Tula, Tula Oblast, Russia",54.1930321,37.61754,"Russia",NA
1519,"Rhyl, United Kingdom",53.3207425,-3.4907258,"United Kingdom",NA,"Stanton, Isle of Man, United Kingdom",54.12027432,-4.571023524,"United Kingdom",NA
1523,"Arhavi, Artvin, Turkey",41.3520702,41.3093534,"Turkey",NA,"Istanbul, Turkey",41.006381,28.9758715,"Turkey",NA
1524,"Amherst, New York, United States",42.9783924,-78.7997616,"United States","New York","Los Angeles, California, United States",34.0536909,-118.242766,"United States","California"
1525,"Paphos, Cyprus",34.7743988,32.4231586,"Cyprus",NA,"Nicosia, Cyprus",35.1746503,33.3638783,"Cyprus",NA
1526,"Dongyang, Zhejiang, China",29.2924528,120.2372669,"China",NA,"Shanghai, China",31.2323437,121.4691024,"China",NA
1529,"Shen County, Shandong, China",35.9035059,115.4894807,"China",NA,"Beijing, Beijing, China",39.9057136,116.3912972,"China",NA
1530,"Linchuan, Jiangxi, China",27.8735302,116.381776,"China",NA,"Nanchang, Jiangxi, China",28.6472124,116.0348483,"China",NA
1531,"Kunming, Yunnan, China",25.0363006,102.7086139,"China",NA,"Kunming, Yunnan, China",25.0363006,102.7086139,"China",NA
1532,"Guangzhou, Guangdong, China",23.1301964,113.2592945,"China",NA,"Hong Kong, China",22.2793278,114.1628131,"China",NA
1541,"Baku, Azerbaijan",40.3755885,49.8328009,"Azerbaijan",NA,"Istanbul, Turkey",41.006381,28.9758715,"Turkey",NA
1542,"Lobnya, Russia",56.0104473,37.4670831,"Russia",NA,"Moscow, Russia",55.625578,37.6063916,"Russia",NA
1543,"Kamennyi Kliuch, Kemerovo Oblast, Russia",54.1037,86.1422,"Russia",NA,"Beau Vallon, Mahe, Seychelles",-4.609263673,55.43587302,"Seychelles",NA
1544,"Brescia, Brescia, Italy",45.5398022,10.2200214,"Italy",NA,"Brescia, Italy",45.7795805,10.425873,"Italy",NA
1545,"Los Angeles, California, United States",34.0536909,-118.242766,"United States","California","Lexington, Kentucky, United States",38.0464066,-84.4970393,"United States","Kentucky"
1546,"Akmolinsk, Kazakhstan",51.1282205,71.4306682,"Kazakhstan",NA,"Moscow, Russia",55.625578,37.6063916,"Russia",NA
1547,"Moscow, Russia",55.625578,37.6063916,"Russia",NA,"Moscow, Russia",55.625578,37.6063916,"Russia",NA
1548,"Astana, Kazakhstan",51.1159933,71.4677059,"Kazakhstan",NA,"Moscow, Russia",55.625578,37.6063916,"Russia",NA
1549,"La Tuna, Sinaloa, Mexico",26.3883192,-108.1875101,"Mexico",NA,"Sinaloa State, Mexico",25,-107.499998,"Mexico",NA
1558,"Boulogne-Billancourt, Hauts-de-Seine, France",48.8356649,2.240206,"France",NA,"Paris, France",48.8588897,2.320041,"France",NA
1560,"Zurich, Switzerland",47.3744489,8.5410422,"Switzerland",NA,"Zurich, Switzerland",47.3744489,8.5410422,"Switzerland",NA
1562,"Oslo, Norway",59.9133301,10.7389701,"Norway",NA,"Oslo, Norway",59.9133301,10.7389701,"Norway",NA
1563,"Nittedal, Norway",60.0804543,10.8566109,"Norway",NA,"Lucerne, Switzerland",47.0505452,8.3054682,"Switzerland",NA
1564,"Buffalo, New York, United States",42.8867166,-78.8783922,"United States","New York","Erie, Pennsylvania, United States",42.1294712,-80.0852695,"United States","Pennsylvania"
1566,"Solna, Sweden",59.366667,18.016667,"Sweden",NA,"Stockholm, Sweden",59.3251172,18.0710935,"Sweden",NA
1568,"Athens, Greece",37.9755648,23.7348324,"Greece",NA,"Monte Carlo, Monaco",43.7402961,7.426559,"Monaco",NA
1569,"London, United Kingdom",51.4893335,-0.1440551,"United Kingdom",NA,"Monaco, Monaco",43.7323492,7.4276832,"Monaco",NA
1570,"Athens, Greece",37.9755648,23.7348324,"Greece",NA,"Monte Carlo, Monaco",43.7402961,7.426559,"Monaco",NA
1574,"Kansas City, Kansas, United States",39.1134562,-94.626497,"United States","Kansas","Mission Hills, Kansas, United States",39.0177834,-94.6169014,"United States","Kansas"
1579,"Springfield, Massachusetts, United States",42.1018764,-72.5886727,"United States","Massachusetts","Paradise Valley, Arizona, United States",33.5324295,-111.9505123,"United States","Arizona"
1584,"Vilnius, Lithuania",54.6870458,25.2829111,"Lithuania",NA,"Mumbai, Maharashtra, India",19.054999,72.8692035,"India",NA
1585,"Lexington, Oklahoma, United States",35.0147945,-97.3355835,"United States","Oklahoma","Oklahoma City, Oklahoma, United States",35.4729886,-97.5170536,"United States","Oklahoma"
1586,"Sacheon, South Korea",35.003468,128.064562,"South Korea",NA,"Kyoto, Kyoto, Japan",34.9846076,135.7584303,"Japan",NA
1587,"Yancheng, Jiangsu, China",33.349559,120.1577019,"China",NA,"Beijing, Beijing, China",39.9057136,116.3912972,"China",NA
1592,"Brusque, Santa Catarina, Brazil",-27.0964628,-48.9136323,"Brazil",NA,"Brusque, Santa Catarina, Brazil",-27.0964628,-48.9136323,"Brazil",NA
1593,"Santiago Tianguistengo, Estado de México, Mexico",19.2071189,-99.5797844,"Mexico",NA,"Mexico City, Mexico",19.3207722,-99.1514678,"Mexico",NA
1594,"Los Angeles, California, United States",34.0536909,-118.242766,"United States","California","Malibu, California, United States",34.035591,-118.689423,"United States","California"
1595,"Milwaukee, Wisconsin, United States",43.0386475,-87.9090751,"United States","Wisconsin","Portola Valley, California, United States",37.3736298,-122.219047,"United States","California"
1596,"Edmonton, Alberta, Canada",53.5462055,-113.491241,"Canada",NA,"Vancouver, British Columbia, Canada",49.2608724,-123.113952,"Canada",NA
1597,"New York, New York, United States",40.7127281,-74.0060152,"United States","New York","Hillsborough, California, United States",37.557252,-122.362529,"United States","California"
1598,"Xianyang, Shaanxi, China",34.3323227,108.7128495,"China",NA,"Shenzhen, Guangdong, China",22.5445741,114.0545429,"China",NA
1599,"Bochum, Germany",51.4818111,7.2196635,"Germany",NA,"Luzerne, Switzerland",46.3894161,6.9257811,"Switzerland",NA
1602,"Oxford, United Kingdom",51.7520131,-1.2578499,"United Kingdom",NA,"London, United Kingdom",51.4893335,-0.1440551,"United Kingdom",NA
1604,"Clitheroe, United Kingdom",53.8717465,-2.3926783,"United Kingdom",NA,"Bristol, United Kingdom",51.4538022,-2.5972985,"United Kingdom",NA
1608,"Mexico City, Mexico",19.3207722,-99.1514678,"Mexico",NA,"Mexico City, Mexico",19.3207722,-99.1514678,"Mexico",NA
1609,"Chevy Chase, Maryland, United States",38.9813699,-77.0849245,"United States","Maryland","Miami, Florida, United States",25.7741728,-80.19362,"United States","Florida"
1610,"Houston, Texas, United States",29.7589382,-95.3676974,"United States","Texas","Houston, Texas, United States",29.7589382,-95.3676974,"United States","Texas"
1611,"Auckland, New Zealand",-36.852095,174.7631803,"New Zealand",NA,"Auckland, New Zealand",-36.852095,174.7631803,"New Zealand",NA
1612,"Kudus, Central Java, Indonesia",-6.7978494,110.8679109,"Indonesia",NA,"Kudus, Central Java, Indonesia",-6.7978494,110.8679109,"Indonesia",NA
1613,"Springwood, New South Wales, Australia",-33.7017613,150.5655467,"Australia",NA,"Sydney, Australia",-33.8698439,151.2082848,"Australia",NA
1615,"Durkova, Slovakia",49.2401287,20.8715217,"Slovakia",NA,"Bratislava, Slovakia",48.1516988,17.1093063,"Slovakia",NA
1616,"Szar, Hungary",47.4787964,18.5185002,"Hungary",NA,"Guelph, Ontario, Canada",43.5460516,-80.2493276,"Canada",NA
1617,"Knoxville, Tennessee, United States",35.9603948,-83.9210261,"United States","Tennessee","Knoxville, Tennessee, United States",35.9603948,-83.9210261,"United States","Tennessee"
1618,"Knoxville, Tennessee, United States",35.9603948,-83.9210261,"United States","Tennessee","Knoxville, Tennessee, United States",35.9603948,-83.9210261,"United States","Tennessee"
1619,"Boston, Massachusetts, United States",42.3554334,-71.060511,"United States","Massachusetts","Santa Cruz, California, United States",37.050096,-121.99059,"United States","California"
1620,"Kayseri, Turkey",38.7219011,35.4873214,"Turkey",NA,"Istanbul, Turkey",41.006381,28.9758715,"Turkey",NA
1621,"Tacoma, Washington, United States",47.2455013,-122.438329,"United States","Washington","Munich, Germany",48.1371079,11.5753822,"Germany",NA
1623,"Tacoma, Washington, United States",47.2455013,-122.438329,"United States","Washington","Berlin, Germany",52.5173885,13.3951309,"Germany",NA
1624,"Harbin, Heilongjiang, China",45.7593633,126.6276177,"China",NA,"London, United Kingdom",51.4893335,-0.1440551,"United Kingdom",NA
1627,"Beirut, Lebanon",33.8892265,35.5025585,"Lebanon",NA,"Biel, Switzerland",47.1402077,7.2439029,"Switzerland",NA
1628,"Ingomar, Pennsylvania, United States",40.580901,-80.0608902,"United States","Pennsylvania","Philadelphia, Pennsylvania, United States",39.9527237,-75.1635262,"United States","Pennsylvania"
1631,"Jinhua, Zhejiang, China",29.1080344,119.6486487,"China",NA,"Beijing, Beijing, China",39.9057136,116.3912972,"China",NA
1632,"Anqing, Anhui, China",30.6592336,116.6302585,"China",NA,"Dongguan, Guangdong, China",23.0183568,113.7452332,"China",NA
1633,"Shunde, Guangdong, China",22.8054891,113.2894243,"China",NA,"Foshan, Guangdong, China",23.0239788,113.1159558,"China",NA
1634,"Huangshi, Hubei, China",30.2024971,115.0334144,"China",NA,"Guangzhou, Guangdong, China",23.1301964,113.2592945,"China",NA
1640,"Fuzhou, Jiangxi, China",27.502232,116.415177,"China",NA,"Shenzhen, Guangdong, China",22.5445741,114.0545429,"China",NA
1641,"Haicheng, Liaoning, China",40.8522995,122.7477959,"China",NA,"Haicheng, Liaoning, China",40.8522995,122.7477959,"China",NA
1643,"Dallas, Texas, United States",32.7762719,-96.7968559,"United States","Texas","Dallas, Texas, United States",32.7762719,-96.7968559,"United States","Texas"
1644,"Los Angeles, California, United States",34.0536909,-118.242766,"United States","California","Los Angeles, California, United States",34.0536909,-118.242766,"United States","California"
1646,"Washington, District of Columbia, United States",38.8950368,-77.0365427,"United States","District of Columbia","New York, New York, United States",40.7127281,-74.0060152,"United States","New York"
1648,"Washington, District of Columbia, United States",38.8950368,-77.0365427,"United States","District of Columbia","San Francisco, California, United States",37.7792588,-122.4193286,"United States","California"
1649,"San Francisco, California, United States",37.7792588,-122.4193286,"United States","California","San Francisco, California, United States",37.7792588,-122.4193286,"United States","California"
1650,"Kaiserslautern, Germany",49.4432174,7.7689951,"Germany",NA,"Weinheim, Germany",49.5462349,8.6717458,"Germany",NA
1651,"Chikmagalur, Karnataka, India",13.318014,75.7738743,"India",NA,"Bengaluru, Karnataka, India",12.9767936,77.590082,"India",NA
1654,"Quantico, Virginia, United States",38.5218802,-77.2911023,"United States","Virginia","Bangkok, Thailand",13.7524938,100.4935089,"Thailand",NA
1657,"Washington, District of Columbia, United States",38.8950368,-77.0365427,"United States","District of Columbia","Jupiter Island, Florida, United States",27.03419,-80.1035822,"United States","Florida"
1658,"Essen, Germany",51.4582235,7.0158171,"Germany",NA,"Neuss, Germany",51.1981778,6.6916476,"Germany",NA
1659,"Reykjavik, Iceland",64.145981,-21.9422367,"Iceland",NA,"Copenhagen, Denmark",55.6867243,12.5700724,"Denmark",NA
1662,"Güsen, Germany",52.34293,11.9799789,"Germany",NA,"Grebenhain, Germany",50.4926419,9.3353109,"Germany",NA
1665,"Mondovi, Wisconsin, United States",44.5678717,-91.6706955,"United States","Wisconsin","Afton, Wisconsin, United States",42.6039009,-89.0712225,"United States","Wisconsin"
1667,"Dusseldorf, Germany",51.2254018,6.7763137,"Germany",NA,"London, United Kingdom",51.4893335,-0.1440551,"United Kingdom",NA
1668,"Toronto, Ontario, Canada",43.6534817,-79.3839347,"Canada",NA,"Toronto, Ontario, Canada",43.6534817,-79.3839347,"Canada",NA
1669,"Quincy, Illinois, United States",39.9356016,-91.4098727,"United States","Illinois","Boca Raton, Florida, United States",26.3586885,-80.0830984,"United States","Florida"
1671,"Kirkkonummi, Finland",60.1217382,24.4406146,"Finland",NA,"Kirkkonummi, Finland",60.1217382,24.4406146,"Finland",NA
1673,"Helsinki, Finland",60.1698897,24.9384719,"Finland",NA,"Helsinki, Finland",60.1698897,24.9384719,"Finland",NA
1674,"Kirkkonummi, Finland",60.1217382,24.4406146,"Finland",NA,"Helsinki, Finland",60.1698897,24.9384719,"Finland",NA
1676,"Doña María, Andalusia, Spain",37.1351695,-2.7121612,"Spain",NA,"Matadepera, Spain",41.6012311,2.0275199,"Spain",NA
1677,"Tuxpan, Veracruz, Mexico",20.9298337,-97.3936617,"Mexico",NA,"Mexico City, Mexico",19.3207722,-99.1514678,"Mexico",NA
1678,"Valencia, Spain",39.4697065,-0.3763353,"Spain",NA,"Valencia, Spain",39.4697065,-0.3763353,"Spain",NA
1679,"Rio de Janeiro, Rio de Janeiro, Brazil",-22.9110137,-43.2093727,"Brazil",NA,"São Paulo, São Paulo, Brazil",-23.5506507,-46.6333824,"Brazil",NA
1692,"Houston, Texas, United States",29.7589382,-95.3676974,"United States","Texas","Houston, Texas, United States",29.7589382,-95.3676974,"United States","Texas"
1693,"New York, New York, United States",40.7127281,-74.0060152,"United States","New York","New York, New York, United States",40.7127281,-74.0060152,"United States","New York"
1695,"New York, New York, United States",40.7127281,-74.0060152,"United States","New York","Middletown, Rhode Island, United States",41.5456578,-71.2914388,"United States","Rhode Island"
1699,"Dallas, Texas, United States",32.7762719,-96.7968559,"United States","Texas","Los Angeles, California, United States",34.0536909,-118.242766,"United States","California"
1700,"Baghdad, Iraq",33.3061701,44.3872213,"Iraq",NA,"Seattle, Washington, United States",47.6038321,-122.330062,"United States","Washington"
1701,"Berkeley, California, United States",37.8708393,-122.272863,"United States","California","Seattle, Washington, United States",47.6038321,-122.330062,"United States","Washington"
1706,"Harbin, Heilongjiang, China",45.7593633,126.6276177,"China",NA,"London, United Kingdom",51.4893335,-0.1440551,"United Kingdom",NA
1707,"Mumbai, Maharashtra, India",19.054999,72.8692035,"India",NA,"Mumbai, Maharashtra, India",19.054999,72.8692035,"India",NA
1708,"Mumbai, Maharashtra, India",19.054999,72.8692035,"India",NA,"Mumbai, Maharashtra, India",19.054999,72.8692035,"India",NA
1712,"Kearney, Nebraska, United States",40.4906216,-98.9472344,"United States","Nebraska","Kearney, Nebraska, United States",40.4906216,-98.9472344,"United States","Nebraska"
1714,"Hong Kong, China",22.2793278,114.1628131,"China",NA,"Hong Kong, China",22.2793278,114.1628131,"China",NA
1715,"Macau, Macau SAR China",22.15781845,113.5603524,"Macau SAR China",NA,"Hong Kong, China",22.2793278,114.1628131,"China",NA
1716,"Hong Kong, China",22.2793278,114.1628131,"China",NA,"Hong Kong, China",22.2793278,114.1628131,"China",NA
1718,"Bích Khê, Quảng Trị Province, Vietnam",16.76667,107.2,"Vietnam",NA,"Westlake Village, California, United States",34.1460234,-118.8061794,"United States","California"
1719,"Lima, Peru",-12.0459808,-77.0305912,"Peru",NA,"Lima, Peru",-12.0459808,-77.0305912,"Peru",NA
1720,"San Luis Obispo, California, United States",35.3540209,-120.375716,"United States","California","San Francisco, California, United States",37.7792588,-122.4193286,"United States","California"
1722,"Palo Alto, California, United States",37.4443293,-122.1598465,"United States","California","Palo Alto, California, United States",37.4443293,-122.1598465,"United States","California"
1723,"Washington, Missouri, United States",37.9559513,-90.879099,"United States","Missouri","Naples, Florida, United States",26.1421976,-81.7942944,"United States","Florida"
1725,"Addlestone, Surrey, United Kingdom",51.3711193,-0.4895776,"United Kingdom",NA,"London, United Kingdom",51.4893335,-0.1440551,"United Kingdom",NA
1726,"Lille, Nord, France",50.6365654,3.0635282,"France",NA,"Lille, Nord, France",50.6365654,3.0635282,"France",NA
1727,"Smithfield, North Carolina, United States",35.5111996,-78.346102,"United States","North Carolina","Raleigh, North Carolina, United States",35.7803977,-78.6390989,"United States","North Carolina"
1729,"Milan, Italy",45.4641943,9.1896346,"Italy",NA,"Milan, Italy",45.4641943,9.1896346,"Italy",NA
1731,"Sanshanzhen, Fuqing, Fujian, China",25.53475,119.51675,"China",NA,"Hong Kong, China",22.2793278,114.1628131,"China",NA
1733,"Jeonju, South Korea",35.8237631,127.1472805,"South Korea",NA,"Seoul, South Korea",37.5666791,126.9782914,"South Korea",NA
1736,"Putian, Fujian, China",25.4965882,118.8500963,"China",NA,"Putian, Fujian, China",25.4965882,118.8500963,"China",NA
1737,"Wenzhou, Zhejiang, China",27.9963899,120.695345,"China",NA,"Guangzhou, Guangdong, China",23.1301964,113.2592945,"China",NA
1738,"Heidelberg, Germany",49.4093582,8.694724,"Germany",NA,"Walldorf, Germany",49.3038134,8.6433518,"Germany",NA
1739,"Salina, Kansas, United States",38.8402805,-97.6114237,"United States","Kansas","Phoenix, Arizona, United States",33.4484367,-112.074141,"United States","Arizona"
1740,"Aleppo, Syria",36.19924,37.1637253,"Syria",NA,"São Paulo, São Paulo, Brazil",-23.5506507,-46.6333824,"Brazil",NA
1741,"Zack, Arkansas, United States",35.9586859,-92.6662753,"United States","Arkansas","Fort Worth, Texas, United States",32.753177,-97.3327459,"United States","Texas"
1742,"New York, New York, United States",40.7127281,-74.0060152,"United States","New York","Boston, Massachusetts, United States",42.3554334,-71.060511,"United States","Massachusetts"
1744,"Wenzhou, Zhejiang, China",27.9963899,120.695345,"China",NA,"Hangzhou, Zhejiang, China",30.2489634,120.2052342,"China",NA
1745,"Acton, Massachusetts, United States",42.4850931,-71.43284,"United States","Massachusetts","San Francisco, California, United States",37.7792588,-122.4193286,"United States","California"
1746,"London, United Kingdom",51.4893335,-0.1440551,"United Kingdom",NA,"Geneva, Switzerland",46.2017559,6.1466014,"Switzerland",NA
1747,"Philadelphia, Pennsylvania, United States",39.9527237,-75.1635262,"United States","Pennsylvania","Key West, Florida, United States",24.5548262,-81.8020722,"United States","Florida"
1750,"Leqing, Zhejiang, China",28.11941,120.96121,"China",NA,"Wenzhou, Zhejiang, China",27.9963899,120.695345,"China",NA
1751,"Huzhou, Zhejiang, China",30.8942995,120.0851114,"China",NA,"Shanghai, China",31.2323437,121.4691024,"China",NA
1753,"Baoding, Hebei, China",38.8579735,115.490696,"China",NA,"Beijing, Beijing, China",39.9057136,116.3912972,"China",NA
1756,"Jinhua, Zhejiang, China",29.1080344,119.6486487,"China",NA,"Jinhua, Zhejiang, China",29.1080344,119.6486487,"China",NA
1758,"Jingzhou, Hubei, China",30.3375612,112.2337264,"China",NA,"Hangzhou, Zhejiang, China",30.2489634,120.2052342,"China",NA
1759,"Taizhou, Jiangsu, China",32.4579729,119.9181174,"China",NA,"Shanghai, China",31.2323437,121.4691024,"China",NA
1760,"Taizhou, Zhejiang, China",28.6581723,121.4163876,"China",NA,"Taizhou, Zhejiang, China",28.6581723,121.4163876,"China",NA
1763,"Lishui, Zhejiang, China",28.4704064,119.9184297,"China",NA,"Hangzhou, Zhejiang, China",30.2489634,120.2052342,"China",NA
1764,"Lishui, Zhejiang, China",28.4704064,119.9184297,"China",NA,"Hangzhou, Zhejiang, China",30.2489634,120.2052342,"China",NA
1766,"Shantou, Guangdong, China",23.3563921,116.6775856,"China",NA,"Shantou, Guangdong, China",23.3563921,116.6775856,"China",NA
1767,"Puning, Guangdong, China",23.3000453,116.160937,"China",NA,"Shenzhen, Guangdong, China",22.5445741,114.0545429,"China",NA
1768,"Hangzhou, Zhejiang, China",30.2489634,120.2052342,"China",NA,"Shanghai, China",31.2323437,121.4691024,"China",NA
1769,"Hong Kong, China",22.2793278,114.1628131,"China",NA,"Hong Kong, China",22.2793278,114.1628131,"China",NA
1771,"Tainan, Taiwan",22.9912348,120.184982,"Taiwan",NA,"Los Altos, California, United States",37.3790629,-122.116578,"United States","California"
1774,"Shanghai, China",31.2323437,121.4691024,"China",NA,"Shanghai, China",31.2323437,121.4691024,"China",NA
1777,"Jieyang, Guangdong, China",23.553156,116.3680354,"China",NA,"Shenzhen, Guangdong, China",22.5445741,114.0545429,"China",NA
1783,"Yongxiu County, Jiujiang City, Jiangxi, China",29.12813,115.65707,"China",NA,"Shenzhen, Guangdong, China",22.5445741,114.0545429,"China",NA
1784,"Huilai County, Jieyang City, Guangdong, China",23.0325965,116.225746,"China",NA,"Shenzhen, Guangdong, China",22.5445741,114.0545429,"China",NA
1788,"Jinjiang, Fujian, China",24.784435,118.5477505,"China",NA,"Jinjiang, Fujian, China",24.784435,118.5477505,"China",NA
1789,"Guangzhou, Guangdong, China",23.1301964,113.2592945,"China",NA,"Guangzhou, Guangdong, China",23.1301964,113.2592945,"China",NA
1790,"Heyuan, Guangdong, China",23.746777,114.6954482,"China",NA,"Shenzhen, Guangdong, China",22.5445741,114.0545429,"China",NA
1794,"Chongyi, Jiangxi, China",25.6722465,114.2416614,"China",NA,"Ganzhou, China",25.703866,115.348216,"China",NA
1795,"Shantou, Guangdong, China",23.3563921,116.6775856,"China",NA,"Shantou, Guangdong, China",23.3563921,116.6775856,"China",NA
1797,"Jieyang, Guangdong, China",23.553156,116.3680354,"China",NA,"Shenzhen, Guangdong, China",22.5445741,114.0545429,"China",NA
1798,"Saint Paul, Minnesota, United States",44.9497487,-93.0931028,"United States","Minnesota","Saint Paul, Minnesota, United States",44.9497487,-93.0931028,"United States","Minnesota"
1800,"Gotebo, Oklahoma, United States",35.0684118,-98.8702646,"United States","Oklahoma","Lexington, Kentucky, United States",38.0464066,-84.4970393,"United States","Kentucky"
1801,"San Diego, California, United States",32.7174202,-117.162772,"United States","California","Jackson, Wyoming, United States",43.479965,-110.761815,"United States","Wyoming"
1804,"Weinan, Shaanxi, China",34.5169112,109.4643291,"China",NA,"Beijing, Beijing, China",39.9057136,116.3912972,"China",NA
1805,"Houlin, Anhai, Jinjiang, Fujian, China",24.81978,118.57415,"China",NA,"Jinjiang, Fujian, China",24.784435,118.5477505,"China",NA
1806,"Evergreen Park, Illinois, United States",41.720136,-87.7013258,"United States","Illinois","Fort Lauderdale, Florida, United States",26.1223084,-80.1433786,"United States","Florida"
1807,"Princeton, New Jersey, United States",40.3496953,-74.6597376,"United States","New Jersey","Chicago, Illinois, United States",41.8755616,-87.6244212,"United States","Illinois"
1808,"Stockholm, Sweden",59.3251172,18.0710935,"Sweden",NA,"Lucerne, Switzerland",47.0505452,8.3054682,"Switzerland",NA
1810,"Dallas, Texas, United States",32.7762719,-96.7968559,"United States","Texas","Dallas, Texas, United States",32.7762719,-96.7968559,"United States","Texas"
1811,"Dallas, Texas, United States",32.7762719,-96.7968559,"United States","Texas","Dallas, Texas, United States",32.7762719,-96.7968559,"United States","Texas"
1812,"Dallas, Texas, United States",32.7762719,-96.7968559,"United States","Texas","Leawood, Kansas, United States",38.966673,-94.6169012,"United States","Kansas"
1813,"New York, New York, United States",40.7127281,-74.0060152,"United States","New York","Dallas, Texas, United States",32.7762719,-96.7968559,"United States","Texas"
1814,"El Dorado, Arkansas, United States",33.2115087,-92.6650144,"United States","Arkansas","Dallas, Texas, United States",32.7762719,-96.7968559,"United States","Texas"
1815,"Heber Springs, Arkansas, United States",35.4976958,-92.0324875,"United States","Arkansas","Fayetteville, Arkansas, United States",36.0625843,-94.1574328,"United States","Arkansas"
1818,"Pingyi, Shandong, China",35.5177818,117.6097303,"China",NA,"Beijing, Beijing, China",39.9057136,116.3912972,"China",NA
1820,"South Hwanghae Province, North Korea",38.2,125.53333,"North Korea",NA,"Seoul, South Korea",37.5666791,126.9782914,"South Korea",NA
1822,"Antwerp, Belgium",51.2211097,4.3997081,"Belgium",NA,"Kent, United Kingdom",51.2070749,0.7210362,"United Kingdom",NA
1823,"Yilan, Taiwan",24.7519538,121.7533344,"Taiwan",NA,"Taoyuan, Taiwan",24.9929995,121.3010003,"Taiwan",NA
1824,"Pingtung, Taiwan",22.6828017,120.487928,"Taiwan",NA,"Taipei, Taiwan",25.0375198,121.5636796,"Taiwan",NA
1826,"Fergana, Uzbekistan",40.3983651,71.7875574,"Uzbekistan",NA,"Almaty, Kazakhstan",43.2363924,76.9457275,"Kazakhstan",NA
1827,"Wadi Halfa, Sudan",21.8005,31.350737,"Sudan",NA,"London, United Kingdom",51.4893335,-0.1440551,"United Kingdom",NA
1828,"New York, New York, United States",40.7127281,-74.0060152,"United States","New York","Indian Creek, Florida, United States",25.8771392,-80.1372166,"United States","Florida"
1830,"Palma Campania, Naples, Italy",40.8674331,14.5499642,"Italy",NA,"Rome, Italy",41.8933203,12.4829321,"Italy",NA
1831,"Rio de Janeiro, Rio de Janeiro, Brazil",-22.9110137,-43.2093727,"Brazil",NA,"São Paulo, São Paulo, Brazil",-23.5506507,-46.6333824,"Brazil",NA
1833,"Darende, Malatya, Turkey",38.5587614,37.4904835,"Turkey",NA,"Ankara, Turkey",39.9207759,32.8540497,"Turkey",NA
1834,"Qırmızı Qəsəbə, Quba, Azerbaijan",41.3706547,48.5163558,"Azerbaijan",NA,"Moscow, Russia",55.625578,37.6063916,"Russia",NA
1835,"Dearborn, Michigan, United States",42.3222599,-83.1763145,"United States","Michigan","Bingham Farms, Michigan, United States",42.515868,-83.2732643,"United States","Michigan"
1839,"Kagoshima, Japan",31.521587,130.5474077,"Japan",NA,"Kyoto, Kyoto, Japan",34.9846076,135.7584303,"Japan",NA
1840,"Casula, New South Wales, Australia",-33.9522222,150.8952778,"Australia",NA,"Sydney, Australia",-33.8698439,151.2082848,"Australia",NA
1841,"Charleston, South Carolina, United States",32.7884363,-79.9399309,"United States","South Carolina","Nashville, Tennessee, United States",36.1622767,-86.7742984,"United States","Tennessee"
1842,"Stalinsk, Russia",53.7575903,87.1358494,"Russia",NA,"Zug, Switzerland",47.1486137,8.5539378,"Switzerland",NA
1843,"Beirut, Lebanon",33.8892265,35.5025585,"Lebanon",NA,"Los Angeles, California, United States",34.0536909,-118.242766,"United States","California"
1844,"Lincolnwood, Illinois, United States",42.0055985,-87.735572,"United States","Illinois","Carmel, Indiana, United States",39.9784186,-86.1283681,"United States","Indiana"
1845,"Saint John, New Brunswick, Canada",45.2787992,-66.0585188,"Canada",NA,"Saint John, New Brunswick, Canada",45.2787992,-66.0585188,"Canada",NA
1846,"Saint John, New Brunswick, Canada",45.2787992,-66.0585188,"Canada",NA,"Saint John, New Brunswick, Canada",45.2787992,-66.0585188,"Canada",NA
1848,"Union, New Jersey, United States",40.6652251,-74.3045277,"United States","New Jersey","Easton, Pennsylvania, United States",40.6916081,-75.2099866,"United States","Pennsylvania"
1849,"Detroit, Michigan, United States",42.3315509,-83.046640300000007,"United States","Michigan","Chicago, Illinois, United States",41.8755616,-87.6244212,"United States","Illinois"
1850,"Detroit, Michigan, United States",42.3315509,-83.046640300000007,"United States","Michigan","Bloomfield Hills, Michigan, United States",42.583645,-83.2454883,"United States","Michigan"
1855,"Tokyo, Japan",35.6768601,139.7638947,"Japan",NA,"Tokyo, Japan",35.6768601,139.7638947,"Japan",NA
1857,"Tokyo, Japan",35.6768601,139.7638947,"Japan",NA,"Tokyo, Japan",35.6768601,139.7638947,"Japan",NA
1858,"Chorvila, Georgia",42.2829805,43.4126963,"Georgia",NA,"Tbilisi, Georgia",41.6934591,44.8014495,"Georgia",NA
1860,"Toronto, Ontario, Canada",43.6534817,-79.3839347,"Canada",NA,"Toronto, Ontario, Canada",43.6534817,-79.3839347,"Canada",NA
1861,"San Francisco, California, United States",37.7792588,-122.4193286,"United States","California","Geyserville, California, United States",38.707687,-122.902496,"United States","California"
1862,"Wellington, New Zealand",-41.2887953,174.7772114,"New Zealand",NA,"Wellington, New Zealand",-41.2887953,174.7772114,"New Zealand",NA
1863,"Buffalo, New York, United States",42.8867166,-78.8783922,"United States","New York","East Aurora, New York, United States",42.7689141,-78.6177611,"United States","New York"
1865,"New Bedford, Massachusetts, United States",41.6362152,-70.934205,"United States","Massachusetts","La Jolla, California, United States",32.8458529,-117.2575702,"United States","California"
1866,"Providence, Rhode Island, United States",41.8239891,-71.4128343,"United States","Rhode Island","Greenwich, Connecticut, United States",41.0264862,-73.6284598,"United States","Connecticut"
1867,"New York, New York, United States",40.7127281,-74.0060152,"United States","New York","Locust Valley, New York, United States",40.8775225,-73.5723052,"United States","New York"
1869,"Kuwait City, Kuwait",29.3796532,47.9734174,"Kuwait",NA,"Dubai, United Arab Emirates",25.0742823,55.1885387,"United Arab Emirates",NA
1883,"Bellevue, Washington, United States",47.6144219,-122.192337,"United States","Washington","New York, New York, United States",40.7127281,-74.0060152,"United States","New York"
1891,"Houston, Texas, United States",29.7589382,-95.3676974,"United States","Texas","Houston, Texas, United States",29.7589382,-95.3676974,"United States","Texas"
1893,"Wyandotte, Michigan, United States",42.200409,-83.1506436,"United States","Michigan","New York, New York, United States",40.7127281,-74.0060152,"United States","New York"
1894,"Sandusky, Ohio, United States",41.2951563,-83.1555438,"United States","Ohio","St. Petersburg, Florida, United States",27.7700475,-82.6359078,"United States","Florida"
1895,"Akron, Ohio, United States",41.083064,-81.518485,"United States","Ohio","Los Angeles, California, United States",34.0536909,-118.242766,"United States","California"
1896,"Los Angeles, California, United States",34.0536909,-118.242766,"United States","California","San Juan Islands, Washington, United States",48.537089,-123.0907204,"United States","Washington"
1897,"Berlin, Germany",52.5173885,13.3951309,"Germany",NA,"Montreal, Quebec, Canada",45.5031824,-73.5698065,"Canada",NA
1898,"Iloilo City, Philippines",10.6932884,122.5732604,"Philippines",NA,"Manila, Philippines",14.5904492,120.9803621,"Philippines",NA
1902,"Lakeland, Florida, United States",28.0394654,-81.9498042,"United States","Florida","Tampa, Florida, United States",27.9477595,-82.458444,"United States","Florida"
1903,"Lakeland, Florida, United States",28.0394654,-81.9498042,"United States","Florida","Lakeland, Florida, United States",28.0394654,-81.9498042,"United States","Florida"
1904,"Los Angeles, California, United States",34.0536909,-118.242766,"United States","California","Hidden Hills, California, United States",34.164091,-118.657837,"United States","California"
1907,"Hyderabad, Telangana, India",17.360589,78.4740613,"India",NA,"Mumbai, Maharashtra, India",19.054999,72.8692035,"India",NA
1909,"Dangtu County, Anhui, China",31.4644184,118.6400257,"China",NA,"Nanjing, Jiangsu, China",32.0438284,118.7788631,"China",NA
1910,"Shantou, Guangdong, China",23.3563921,116.6775856,"China",NA,"Hong Kong, China",22.2793278,114.1628131,"China",NA
1911,"Zhongning County, Zhongwei City, Ningxia, China",37.3457259,105.6424745,"China",NA,"Yinchuan, China",38.4852037,106.2261926,"China",NA
1914,"Weihai, Shandong, China",37.5120997,122.1152599,"China",NA,"Weifang, Shandong, China",36.7071591,119.1557441,"China",NA
1915,"Shidao, Weihai, Shandong, China",36.9731983,122.5264459,"China",NA,"Weifang, Shandong, China",36.7071591,119.1557441,"China",NA
1918,"Zhaoqing, Guangdong, China",23.0501661,112.4603629,"China",NA,"Guangzhou, Guangdong, China",23.1301964,113.2592945,"China",NA
1919,"Shanghai, China",31.2323437,121.4691024,"China",NA,"Shanghai, China",31.2323437,121.4691024,"China",NA
1922,"Qixia County, Yantai City, Shandong, China",37.21696,120.8153,"China",NA,"Anshun, Guizhou, China",26.254911,105.9437773,"China",NA
1924,"Dalian, Liaoning, China",39.740278000000004,122.255833,"China",NA,"Shenzhen, Guangdong, China",22.5445741,114.0545429,"China",NA
1925,"Chongqing, Chongqing, China",30.8101669,108.4034084,"China",NA,"Chongqing, China",30.05518,107.8748712,"China",NA
1926,"Zhoushan, Zhejiang, China",29.9873344,122.2030363,"China",NA,"Shanghai, China",31.2323437,121.4691024,"China",NA
1927,"Nantong, Jiangsu, China",31.9827896,120.8904588,"China",NA,"Shanghai, China",31.2323437,121.4691024,"China",NA
1929,"Bangkok, Thailand",13.7524938,100.4935089,"Thailand",NA,"Bangkok, Thailand",13.7524938,100.4935089,"Thailand",NA
1933,"Shanghai, China",31.2323437,121.4691024,"China",NA,"Shanghai, China",31.2323437,121.4691024,"China",NA
1935,"Tinsukia, Assam, India",27.4879722,95.3601855,"India",NA,"Hisar, India",29.2396596,75.8174505,"India",NA
1942,"New York, New York, United States",40.7127281,-74.0060152,"United States","New York","Stockholm, Sweden",59.3251172,18.0710935,"Sweden",NA
1943,"Hickory, Mississippi, United States",32.3176442,-89.0256113,"United States","Mississippi","Palm Beach, Florida, United States",26.6279798,-80.4494174,"United States","Florida"
1946,"Boston, Massachusetts, United States",42.3554334,-71.060511,"United States","Massachusetts","Boston, Massachusetts, United States",42.3554334,-71.060511,"United States","Massachusetts"
1949,"Montclair, New Jersey, United States",40.8164458,-74.2210643,"United States","New Jersey","Palm Beach, Florida, United States",26.6279798,-80.4494174,"United States","Florida"
1950,"New York, New York, United States",40.7127281,-74.0060152,"United States","New York","Burlingame, California, United States",37.5780965,-122.3473099,"United States","California"
1953,"Racine, Wisconsin, United States",42.7313756,-87.7834769,"United States","Wisconsin","Racine, Wisconsin, United States",42.7313756,-87.7834769,"United States","Wisconsin"
1957,"Lansing, Michigan, United States",42.7338254,-84.5546295,"United States","Michigan","Los Angeles, California, United States",34.0536909,-118.242766,"United States","California"
1959,"Racine, Wisconsin, United States",42.7313756,-87.7834769,"United States","Wisconsin","Racine, Wisconsin, United States",42.7313756,-87.7834769,"United States","Wisconsin"
1961,"McDonald, Tennessee, United States",35.1129959,-84.9826284,"United States","Tennessee","Chattanooga, Tennessee, United States",35.0457219,-85.3094883,"United States","Tennessee"
1962,"Los Angeles, California, United States",34.0536909,-118.242766,"United States","California","Dallas, Texas, United States",32.7762719,-96.7968559,"United States","Texas"
1963,"Lethbridge, Alberta, Canada",49.6945782,-112.8331033,"Canada",NA,"Fort Worth, Texas, United States",32.753177,-97.3327459,"United States","Texas"
1964,"Lethbridge, Alberta, Canada",49.6945782,-112.8331033,"Canada",NA,"Fort Worth, Texas, United States",32.753177,-97.3327459,"United States","Texas"
1965,"Fairfax, Virginia, United States",38.8462236,-77.3063733,"United States","Virginia","Palm Beach, Florida, United States",26.6279798,-80.4494174,"United States","Florida"
1966,"Memphis, Tennessee, United States",35.1460249,-90.0517638,"United States","Tennessee","Palm Beach, Florida, United States",26.6279798,-80.4494174,"United States","Florida"
1967,"Kuddby, Sweden",58.5280467,16.4759731,"Sweden",NA,"Stockholm, Sweden",59.3251172,18.0710935,"Sweden",NA
1968,"Sea Cliff, New York, United States",40.849566,-73.6471225,"United States","New York","New York, New York, United States",40.7127281,-74.0060152,"United States","New York"
1969,"New York, New York, United States",40.7127281,-74.0060152,"United States","New York","Jupiter, Florida, United States",26.9342246,-80.0942087,"United States","Florida"
1970,"Beckley, West Virginia, United States",37.7781702,-81.1881557,"United States","West Virginia","Los Angeles, California, United States",34.0536909,-118.242766,"United States","California"
1971,"A Coruña, Spain",43.3709703,-8.3959425,"Spain",NA,"A Coruña, Spain",43.3709703,-8.3959425,"Spain",NA
1973,"Bangkok, Thailand",13.7524938,100.4935089,"Thailand",NA,"Bangkok, Thailand",13.7524938,100.4935089,"Thailand",NA
1976,"Annonay, Ardèche, France",45.2399639,4.6675475,"France",NA,"Singapore, Singapore",1.357107,103.8194992,"Singapore",NA
1977,"Ribeirão Preto, São Paulo, Brazil",-21.1776315,-47.8100983,"Brazil",NA,"São Paulo, São Paulo, Brazil",-23.5506507,-46.6333824,"Brazil",NA
1978,"Cieszyn, Poland",49.7488623,18.6334308,"Poland",NA,"Cieszyn, Poland",49.7488623,18.6334308,"Poland",NA
1979,"Chicago, Illinois, United States",41.8755616,-87.6244212,"United States","Illinois","Winnetka, Illinois, United States",42.1080703,-87.7365286,"United States","Illinois"
1980,"Charleston, West Virginia, United States",38.3505995,-81.6332812,"United States","West Virginia","Lewisburg, West Virginia, United States",37.8017879,-80.4456303,"United States","West Virginia"
1982,"Chicago, Illinois, United States",41.8755616,-87.6244212,"United States","Illinois","Greenwich, Connecticut, United States",41.0264862,-73.6284598,"United States","Connecticut"
1983,"Hong Kong, China",22.2793278,114.1628131,"China",NA,"Hong Kong, China",22.2793278,114.1628131,"China",NA
1985,"Benoni, South Africa",-26.1930356,28.308237599999998,"South Africa",NA,"Beit Yanay, Israel",32.381011,34.864268,"Israel",NA
1986,"Tulsa, Oklahoma, United States",36.1563122,-95.9927516,"United States","Oklahoma","Tulsa, Oklahoma, United States",36.1563122,-95.9927516,"United States","Oklahoma"
1988,"Los Angeles, California, United States",34.0536909,-118.242766,"United States","California","Los Angeles, California, United States",34.0536909,-118.242766,"United States","California"
1991,"Thrissur, Kerala, India",10.5270099,76.214621,"India",NA,"Thrissur, Kerala, India",10.5270099,76.214621,"India",NA
1992,"Pune, Maharashtra, India",18.5213738,73.8545071,"India",NA,"Pune, Maharashtra, India",18.5213738,73.8545071,"India",NA
1996,"Mecca, Saudi Arabia",21.420847,39.826869,"Saudi Arabia",NA,"Jeddah, Saudi Arabia",21.5504432,39.1742363,"Saudi Arabia",NA
1997,"Yekaterinburg, Russia",56.8382071,60.6007886,"Russia",NA,"Moscow, Russia",55.625578,37.6063916,"Russia",NA
1998,"Mumbai, Maharashtra, India",19.054999,72.8692035,"India",NA,"Mumbai, Maharashtra, India",19.054999,72.8692035,"India",NA
2001,"Agunnaryd, Sweden",56.749574,14.146603,"Sweden",NA,"London, United Kingdom",51.4893335,-0.1440551,"United Kingdom",NA
2002,"Stenbrohult, Sweden",57.3160415,13.6443522,"Sweden",NA,"London, United Kingdom",51.4893335,-0.1440551,"United Kingdom",NA
2003,"Agunnaryd, Sweden",56.749574,14.146603,"Sweden",NA,"Tervuren, Belgium",50.8241883,4.5138824,"Belgium",NA
2004,"Hong Kong, China",22.2793278,114.1628131,"China",NA,"Hong Kong, China",22.2793278,114.1628131,"China",NA
2006,"Bangkok, Thailand",13.7524938,100.4935089,"Thailand",NA,"Bangkok, Thailand",13.7524938,100.4935089,"Thailand",NA
2007,"Shitkhala, Kabardino-Balkarian Republic, Russia",43.5575,43.79306,"Russia",NA,"Moscow, Russia",55.625578,37.6063916,"Russia",NA
2009,"Moscow, Russia",55.625578,37.6063916,"Russia",NA,"Herzliya, Israel",32.1656255,34.846902300000004,"Israel",NA
2010,"Sialkot, Pakistan",32.4935378,74.5411575,"Pakistan",NA,"New Delhi, India",28.6419258,77.2217499,"India",NA
2012,"Zhushan, Nantou, Taiwan",23.7579721,120.6727749,"Taiwan",NA,"Leawood, Kansas, United States",38.966673,-94.6169012,"United States","Kansas"
2014,"New York, New York, United States",40.7127281,-74.0060152,"United States","New York","New York, New York, United States",40.7127281,-74.0060152,"United States","New York"
2016,"Amritsar, Punjab, India",31.6356659,74.8787496,"India",NA,"Phoenix, Arizona, United States",33.4484367,-112.074141,"United States","Arizona"
2017,"New Delhi, India",28.6419258,77.2217499,"India",NA,"Mumbai, Maharashtra, India",19.054999,72.8692035,"India",NA
2021,"Tarsus, Mersin, Turkey",36.9164834,34.895149,"Turkey",NA,"Istanbul, Turkey",41.006381,28.9758715,"Turkey",NA
2022,"Tashir, Armenia",41.1213636,44.2841667,"Armenia",NA,"Moscow, Russia",55.625578,37.6063916,"Russia",NA
2024,"Los Angeles, California, United States",34.0536909,-118.242766,"United States","California","Hidden Hills, California, United States",34.164091,-118.657837,"United States","California"
2031,"New York, New York, United States",40.7127281,-74.0060152,"United States","New York","Lyman, New Hampshire, United States",44.2540031,-71.9502687,"United States","New Hampshire"
2034,"Minoh, Osaka, Japan",34.8269554,135.4704617,"Japan",NA,"Tokyo, Japan",35.6768601,139.7638947,"Japan",NA
2035,"Novorossiysk, Russia",44.7239578,37.7690711,"Russia",NA,"Moscow, Russia",55.625578,37.6063916,"Russia",NA
2037,"Grevenbroich, Germany",51.0862467,6.5848937,"Germany",NA,"Haderslev, Denmark",55.2500715,9.4997871,"Denmark",NA
2038,"Simbhaoli, Uttar Pradesh, India",28.7642822,77.9857178,"India",NA,"Dubai, United Arab Emirates",25.0742823,55.1885387,"United Arab Emirates",NA
2041,"Voznesens'k, Ukraine",47.5679582,31.3338636,"Ukraine",NA,"Moscow, Russia",55.625578,37.6063916,"Russia",NA
2042,"Edmonton, Alberta, Canada",53.5462055,-113.491241,"Canada",NA,"Edmonton, Alberta, Canada",53.5462055,-113.491241,"Canada",NA
2046,"Los Angeles, California, United States",34.0536909,-118.242766,"United States","California","Malibu, California, United States",34.035591,-118.689423,"United States","California"
2047,"St. Louis, Missouri, United States",38.6280278,-90.1910154,"United States","Missouri","St. Louis, Missouri, United States",38.6280278,-90.1910154,"United States","Missouri"
2048,"Los Angeles, California, United States",34.0536909,-118.242766,"United States","California","Santa Monica, California, United States",34.0194704,-118.491227,"United States","California"
2051,"Maoming, Guangdong, China",21.6656961,110.9209511,"China",NA,"Guangzhou, Guangdong, China",23.1301964,113.2592945,"China",NA
2052,"Maoming, Guangdong, China",21.6656961,110.9209511,"China",NA,"Guangzhou, Guangdong, China",23.1301964,113.2592945,"China",NA
2053,"Maoming, Guangdong, China",21.6656961,110.9209511,"China",NA,"Guangzhou, Guangdong, China",23.1301964,113.2592945,"China",NA
2054,"Wenzhou, Zhejiang, China",27.9963899,120.695345,"China",NA,"Shanghai, China",31.2323437,121.4691024,"China",NA
2055,"Penglaizhen, Anxi County, Fujian, China",25.13222,118.09139,"China",NA,"Xiamen, Fujian, China",24.5438732,118.0768065,"China",NA
2056,"Ya'an, Sichuan, China",29.8931184,102.7416508,"China",NA,"Chengdu, Sichuan, China",30.659867,104.063315,"China",NA
2061,"Bowling Green, Kentucky, United States",36.9929203,-86.4428677,"United States","Kentucky","Franklin, Tennessee, United States",35.925206,-86.8689419,"United States","Tennessee"
2062,"Česká Lípa, Czechia",50.6865452,14.5372974,"Czechia",NA,"Prague, Czechia",50.0596288,14.4464593,"Czechia",NA
2063,"Prague, Czechia",50.0596288,14.4464593,"Czechia",NA,"Prague, Czechia",50.0596288,14.4464593,"Czechia",NA
2064,"Milwaukee, Wisconsin, United States",43.0386475,-87.9090751,"United States","Wisconsin","Oconomowoc, Wisconsin, United States",43.1116731,-88.4992659,"United States","Wisconsin"
2065,"Elizabeth, New Jersey, United States",40.6639916,-74.2107006,"United States","New Jersey","Short Hills, New Jersey, United States",40.7381585,-74.3377392,"United States","New Jersey"
2067,"Princeton, West Virginia, United States",37.366328,-81.1026607,"United States","West Virginia","Paradise Valley, Arizona, United States",33.5324295,-111.9505123,"United States","Arizona"
2068,"Honolulu, Hawaii, United States",21.304547,-157.855676,"United States","Hawaii","Atlanta, Georgia, United States",33.7544657,-84.3898151,"United States","Georgia"
2069,"Derbent, Dagestan, Russia",42.057858,48.2887648,"Russia",NA,"Moscow, Russia",55.625578,37.6063916,"Russia",NA
2071,"Vladikavkaz, Russia",43.024593,44.68211,"Russia",NA,"Moscow, Russia",55.625578,37.6063916,"Russia",NA
2072,"Detroit, Michigan, United States",42.3315509,-83.046640300000007,"United States","Michigan","Chicago, Illinois, United States",41.8755616,-87.6244212,"United States","Illinois"
2074,"Moscow, Russia",55.625578,37.6063916,"Russia",NA,"Moscow, Russia",55.625578,37.6063916,"Russia",NA
2075,"Kolkata, West Bengal, India",22.5726459,88.3638953,"India",NA,"New Delhi, India",28.6419258,77.2217499,"India",NA
2076,"Isfahan, Iran",32.6707877,51.6650002,"Iran",NA,"London, United Kingdom",51.4893335,-0.1440551,"United Kingdom",NA
2077,"Kyiv, Ukraine",50.4500336,30.5241361,"Ukraine",NA,"Moscow, Russia",55.625578,37.6063916,"Russia",NA
2078,"Dhaka, Bangladesh",23.7643863,90.3890144,"Bangladesh",NA,"Singapore, Singapore",1.357107,103.8194992,"Singapore",NA
2079,"Lahore, Pakistan",31.5656822,74.3141829,"Pakistan",NA,"Naples, Florida, United States",26.1421976,-81.7942944,"United States","Florida"
2080,"Petropavl, Kazakhstan",54.8668104,69.1334984,"Kazakhstan",NA,"Moscow, Russia",55.625578,37.6063916,"Russia",NA
2083,"Mumbai, Maharashtra, India",19.054999,72.8692035,"India",NA,"Mumbai, Maharashtra, India",19.054999,72.8692035,"India",NA
2084,"New Delhi, India",28.6419258,77.2217499,"India",NA,"Portola Valley, California, United States",37.3736298,-122.219047,"United States","California"
2087,"Shiraz, Iran",29.6060218,52.5378041,"Iran",NA,"Irvine, California, United States",33.6856969,-117.825981,"United States","California"
2089,"İzmir, Turkey",38.23166,27.02997,"Turkey",NA,"La Jolla, California, United States",32.8458529,-117.2575702,"United States","California"
2091,"Seoul, South Korea",37.5666791,126.9782914,"South Korea",NA,"Seoul, South Korea",37.5666791,126.9782914,"South Korea",NA
2093,"Donghae, Gangwon-do, South Korea",37.5245142,129.1146302,"South Korea",NA,"Seoul, South Korea",37.5666791,126.9782914,"South Korea",NA
2094,"Seoul, South Korea",37.5666791,126.9782914,"South Korea",NA,"Seoul, South Korea",37.5666791,126.9782914,"South Korea",NA
2097,"Yureo-myeonm, Boseong-gun, Jeollanam-do, South Korea",34.86274,127.20139,"South Korea",NA,"Seoul, South Korea",37.5666791,126.9782914,"South Korea",NA
2098,"Damyang-gun, Jeollanam-do, South Korea",35.320878,126.9883238,"South Korea",NA,"Seoul, South Korea",37.5666791,126.9782914,"South Korea",NA
2099,"Almaty, Kazakhstan",43.2363924,76.9457275,"Kazakhstan",NA,"Almaty, Kazakhstan",43.2363924,76.9457275,"Kazakhstan",NA
2101,"Changwon, Gyeongsangnam-do, South Korea",35.227956,128.6818586,"South Korea",NA,"Seoul, South Korea",37.5666791,126.9782914,"South Korea",NA
2102,"Seoul, South Korea",37.5666791,126.9782914,"South Korea",NA,"Seoul, South Korea",37.5666791,126.9782914,"South Korea",NA
2103,"Seoul, South Korea",37.5666791,126.9782914,"South Korea",NA,"Seoul, South Korea",37.5666791,126.9782914,"South Korea",NA
2106,"Wando, Jeollanam-do, South Korea",34.3110373,126.7553933,"South Korea",NA,"Anyang, South Korea",37.3938528,126.9570605,"South Korea",NA
2110,"Moscow, Russia",55.625578,37.6063916,"Russia",NA,"Moscow, Russia",55.625578,37.6063916,"Russia",NA
2111,"Myrzakent, Kazakhstan",40.6654425,68.5499388,"Kazakhstan",NA,"Almaty, Kazakhstan",43.2363924,76.9457275,"Kazakhstan",NA
2112,"Philadelphia, Pennsylvania, United States",39.9527237,-75.1635262,"United States","Pennsylvania","New York, New York, United States",40.7127281,-74.0060152,"United States","New York"
2115,"Cape Girardeau, Missouri, United States",37.304731,-89.5176418,"United States","Missouri","Houston, Texas, United States",29.7589382,-95.3676974,"United States","Texas"
2116,"Yantai, Shandong, China",37.461928,121.4425255,"China",NA,"Beijing, Beijing, China",39.9057136,116.3912972,"China",NA
2122,"Istanbul, Turkey",41.006381,28.9758715,"Turkey",NA,"Istanbul, Turkey",41.006381,28.9758715,"Turkey",NA
2123,"Ankara, Turkey",39.9207759,32.8540497,"Turkey",NA,"Istanbul, Turkey",41.006381,28.9758715,"Turkey",NA
2126,"Pleasanton, California, United States",37.6624312,-121.8746789,"United States","California","Manalapan, Florida, United States",26.5692364,-80.0447635,"United States","Florida"
2127,"Billund, Denmark",55.7247018,9.1195835,"Denmark",NA,"Billund, Denmark",55.7247018,9.1195835,"Denmark",NA
2128,"Billund, Denmark",55.7247018,9.1195835,"Denmark",NA,"Billund, Denmark",55.7247018,9.1195835,"Denmark",NA
2129,"Billund, Denmark",55.7247018,9.1195835,"Denmark",NA,"Billund, Denmark",55.7247018,9.1195835,"Denmark",NA
2130,"Billund, Denmark",55.7247018,9.1195835,"Denmark",NA,"Billund, Denmark",55.7247018,9.1195835,"Denmark",NA
2131,"Doncaster, United Kingdom",53.5227681,-1.1335312,"United Kingdom",NA,"Doncaster, United Kingdom",53.5227681,-1.1335312,"United Kingdom",NA
2132,"Potchefstroom, South Africa",-26.707778,27.095833,"South Africa",NA,"Ezulwini, Eswatini",-26.4018193,31.178316,"Eswatini",NA
2133,"Rostov-on-Don, Russia",47.2610441,39.7249086,"Russia",NA,"Rostov-on-Don, Russia",47.2610441,39.7249086,"Russia",NA
2135,"New York, New York, United States",40.7127281,-74.0060152,"United States","New York","Chestnut Hill, Massachusetts, United States",42.3234735,-71.1639159,"United States","Massachusetts"
2136,"Bad Homburg, Germany",50.2363508,8.5980265,"Germany",NA,"Bad Homburg, Germany",50.2363508,8.5980265,"Germany",NA
2137,"Munich, Germany",48.1371079,11.5753822,"Germany",NA,"Barueri, Brazil",-23.5112184,-46.8764612,"Brazil",NA
2138,"Herrenberg, Germany",48.5963819,8.8702368,"Germany",NA,"Munich, Germany",48.1371079,11.5753822,"Germany",NA
2139,"Detroit, Michigan, United States",42.3315509,-83.046640300000007,"United States","Michigan","New York, New York, United States",40.7127281,-74.0060152,"United States","New York"
2140,"Chemnitz, Germany",50.8323531,12.918914,"Germany",NA,"Palm Beach, Florida, United States",26.6279798,-80.4494174,"United States","Florida"
2141,"Moscow, Russia",55.625578,37.6063916,"Russia",NA,"Moscow, Russia",55.625578,37.6063916,"Russia",NA
2143,"Bad Hersfeld, Germany",50.8604177,9.6767709,"Germany",NA,"Brunswick, Germany",52.2646577,10.5236066,"Germany",NA
2144,"Moscow, Russia",55.625578,37.6063916,"Russia",NA,"London, United Kingdom",51.4893335,-0.1440551,"United Kingdom",NA
2152,"Portland, Oregon, United States",45.5202471,-122.674194,"United States","Oregon","Hillsboro, Oregon, United States",45.5228939,-122.989827,"United States","Oregon"
2153,"Tokyo, Japan",35.6768601,139.7638947,"Japan",NA,"Tokyo, Japan",35.6768601,139.7638947,"Japan",NA
2156,"Istanbul, Turkey",41.006381,28.9758715,"Turkey",NA,"Istanbul, Turkey",41.006381,28.9758715,"Turkey",NA
2157,"Ankara, Turkey",39.9207759,32.8540497,"Turkey",NA,"Istanbul, Turkey",41.006381,28.9758715,"Turkey",NA
2158,"Ankara, Turkey",39.9207759,32.8540497,"Turkey",NA,"Istanbul, Turkey",41.006381,28.9758715,"Turkey",NA
2160,"Kiel, Germany",54.3227085,10.135555,"Germany",NA,"Berlin, Germany",52.5173885,13.3951309,"Germany",NA
2161,"Wichita, Kansas, United States",37.6922361,-97.3375448,"United States","Kansas","Wichita, Kansas, United States",37.6922361,-97.3375448,"United States","Kansas"
2163,"Des Moines, Iowa, United States",41.5868654,-93.6249494,"United States","Iowa","New York, New York, United States",40.7127281,-74.0060152,"United States","New York"
2164,"Wichita, Kansas, United States",37.6922361,-97.3375448,"United States","Kansas","Palm Beach, Florida, United States",26.6279798,-80.4494174,"United States","Florida"
2165,"Cincinnati, Ohio, United States",39.1014537,-84.5124602,"United States","Ohio","Newton, Massachusetts, United States",42.3370414,-71.2092214,"United States","Massachusetts"
2167,"Zhdanov, Ukraine",47.09514,37.54131,"Ukraine",NA,"Moscow, Russia",55.625578,37.6063916,"Russia",NA
2168,"St. Petersburg, Russia",59.938732,30.316229,"Russia",NA,"Moscow, Russia",55.625578,37.6063916,"Russia",NA
2171,"Kohler, Wisconsin, United States",43.7391616,-87.7817541,"United States","Wisconsin","Kohler, Wisconsin, United States",43.7391616,-87.7817541,"United States","Wisconsin"
2173,"St. Petersburg, Russia",59.938732,30.316229,"Russia",NA,"Moscow, Russia",55.625578,37.6063916,"Russia",NA
2174,"Dnipro, Ukraine",51.5567163,30.6121981,"Ukraine",NA,"Kyiv, Ukraine",50.4500336,30.5241361,"Ukraine",NA
2175,"Hodonin, Czechia",48.8563914,17.1234655,"Czechia",NA,"Verbier, Switzerland",46.0961011,7.2286765,"Switzerland",NA
2176,"Ozersk, Chelyabinsk, Russia",55.76046,60.705101,"Russia",NA,"Moscow, Russia",55.625578,37.6063916,"Russia",NA
2177,"Armavir, Russia",44.9993585,41.1294061,"Russia",NA,"Vienna, Austria",48.2083537,16.3725042,"Austria",NA
2179,"Busan, South Korea",35.1799528,129.0752365,"South Korea",NA,"Seoul, South Korea",37.5666791,126.9782914,"South Korea",NA
2180,"Jinju, Gyeongsangnam-do, South Korea",35.1803459,128.1079953,"South Korea",NA,"Seoul, South Korea",37.5666791,126.9782914,"South Korea",NA
2181,"Busan, South Korea",35.1799528,129.0752365,"South Korea",NA,"Seoul, South Korea",37.5666791,126.9782914,"South Korea",NA
2184,"Seoul, South Korea",37.5666791,126.9782914,"South Korea",NA,"Seoul, South Korea",37.5666791,126.9782914,"South Korea",NA
2185,"Lukang Township, Changhua, Taiwan",24.055092,120.431341,"Taiwan",NA,"Taipei, Taiwan",25.0375198,121.5636796,"Taiwan",NA
2186,"Lukang Township, Changhua, Taiwan",24.055092,120.431341,"Taiwan",NA,"Taipei, Taiwan",25.0375198,121.5636796,"Taiwan",NA
2189,"Lukang Township, Changhua, Taiwan",24.055092,120.431341,"Taiwan",NA,"Taipei, Taiwan",25.0375198,121.5636796,"Taiwan",NA
2192,"Madrid, Spain",40.416782,-3.703507,"Spain",NA,"Madrid, Spain",40.416782,-3.703507,"Spain",NA
2193,"Madrid, Spain",40.416782,-3.703507,"Spain",NA,"Madrid, Spain",40.416782,-3.703507,"Spain",NA
2195,"Long Island, New York, United States",40.8514971,-73.0994297,"United States","New York","New York, New York, United States",40.7127281,-74.0060152,"United States","New York"
2198,"Katerynopil, Ukraine",48.94329,30.9723848,"Ukraine",NA,"Kyiv, Ukraine",50.4500336,30.5241361,"Ukraine",NA
2199,"Sillamäe, Estonia",59.4034594,27.7291939,"Estonia",NA,"Moscow, Russia",55.625578,37.6063916,"Russia",NA
2200,"Mumbai, Maharashtra, India",19.054999,72.8692035,"India",NA,"Mumbai, Maharashtra, India",19.054999,72.8692035,"India",NA
2201,"Mumbai, Maharashtra, India",19.054999,72.8692035,"India",NA,"Mumbai, Maharashtra, India",19.054999,72.8692035,"India",NA
2203,"Kyiv, Ukraine",50.4500336,30.5241361,"Ukraine",NA,"Atherton, California, United States",37.453773,-122.2058272,"United States","California"
2204,"St. Petersburg, Russia",59.938732,30.316229,"Russia",NA,"St. Petersburg, Russia",59.938732,30.316229,"Russia",NA
2205,"New York, New York, United States",40.7127281,-74.0060152,"United States","New York","New York, New York, United States",40.7127281,-74.0060152,"United States","New York"
2206,"Verkhnyaya Pyshma, Sverdlovsk, Russia",56.9724682,60.5738926,"Russia",NA,"Verkhnyaya Pyshma, Sverdlovsk, Russia",56.9724682,60.5738926,"Russia",NA
2207,"Cheremkhovo, Russia",53.1372718,103.089532,"Russia",NA,"Moscow, Russia",55.625578,37.6063916,"Russia",NA
2208,"Osaka, Japan",34.6937569,135.5014539,"Japan",NA,"Tokyo, Japan",35.6768601,139.7638947,"Japan",NA
2210,"Brookline, Massachusetts, United States",42.332918,-71.1187829,"United States","Massachusetts","Brookline, Massachusetts, United States",42.332918,-71.1187829,"United States","Massachusetts"
2211,"Tel Aviv, Israel",32.0852997,34.7818064,"Israel",NA,"Tel Aviv, Israel",32.0852997,34.7818064,"Israel",NA
2212,"Chicago, Illinois, United States",41.8755616,-87.6244212,"United States","Illinois","Highland Park, Illinois, United States",42.1836719,-87.7993245,"United States","Illinois"
2215,"Tulsa, Oklahoma, United States",36.1563122,-95.9927516,"United States","Oklahoma","New York, New York, United States",40.7127281,-74.0060152,"United States","New York"
2217,"Brno, Czechia",49.1922443,16.6113382,"Czechia",NA,"Prague, Czechia",50.0596288,14.4464593,"Czechia",NA
2218,"Berlin, Germany",52.5173885,13.3951309,"Germany",NA,"Berlin, Germany",52.5173885,13.3951309,"Germany",NA
2220,"La Paz, Bolivia",-16.4955455,-68.1336229,"Bolivia",NA,"Sao Jose dos Pinhais, Brazil",-25.533816,-49.2072163,"Brazil",NA
2221,"Madurai, Madras, India",13.0597356,80.1740473,"India",NA,"Chennai, Tamil Nadu, India",13.0836939,80.270186,"India",NA
2222,"Kuala Lumpur, Malaysia",3.1526589,101.7022205,"Malaysia",NA,"Kuala Lumpur, Malaysia",3.1526589,101.7022205,"Malaysia",NA
2223,"Chernogolovka, Moscow Oblast, Russia",56.0061165,38.3835224,"Russia",NA,"Moscow, Russia",55.625578,37.6063916,"Russia",NA
2225,"Columbia, Missouri, United States",38.951883,-92.3337366,"United States","Missouri","Electra, Texas, United States",34.0320855,-98.9163686,"United States","Texas"
2227,"Bergisch-Gladbach, Germany",50.9929303,7.1277379,"Germany",NA,"Bergisch-Gladbach, Germany",50.9929303,7.1277379,"Germany",NA
2228,"Bykovo, Arkhangelsk, Russia",61.1480784,38.9682853,"Russia",NA,"Limassol, Cyprus",34.6852901,33.0332657,"Cyprus",NA
2231,"Prague, Czechia",50.0596288,14.4464593,"Czechia",NA,"Prague, Czechia",50.0596288,14.4464593,"Czechia",NA
2232,"Malatya, Turkey",38.3487153,38.3190674,"Turkey",NA,"Istanbul, Turkey",41.006381,28.9758715,"Turkey",NA
2234,"Kirovgrad, Russia",57.4264892,60.0664537,"Russia",NA,"Moscow, Russia",55.625578,37.6063916,"Russia",NA
2235,"Hamburg, Germany",53.550341,10.000654,"Germany",NA,"Schindellegi, Switzerland",47.175612,8.7112027,"Switzerland",NA
2236,"Poznan, Poland",52.4006632,16.9197326,"Poland",NA,"London, United Kingdom",51.4893335,-0.1440551,"United Kingdom",NA
2238,"Poznan, Poland",52.4006632,16.9197326,"Poland",NA,"Warsaw, Poland",52.2333742,21.0711489,"Poland",NA
2239,"Almaty, Kazakhstan",43.2363924,76.9457275,"Kazakhstan",NA,"Almaty, Kazakhstan",43.2363924,76.9457275,"Kazakhstan",NA
2240,"Temirtau, Kazakhstan",50.0587825,72.9535681,"Kazakhstan",NA,"Almaty, Kazakhstan",43.2363924,76.9457275,"Kazakhstan",NA
2241,"Novosibirsk, Russia",54.9678145,82.9515989,"Russia",NA,"Grimisuat, Switzerland",46.2606742,7.385846,"Switzerland",NA
2242,"Singapore, Singapore",1.357107,103.8194992,"Singapore",NA,"Singapore, Singapore",1.357107,103.8194992,"Singapore",NA
2243,"Tōmi, Nagano, Japan",36.3594225,138.3305353,"Japan",NA,"Tokyo, Japan",35.6768601,139.7638947,"Japan",NA
2245,"Mersing, Johor, Malaysia",2.4298532,103.835494,"Malaysia",NA,"Singapore, Singapore",1.357107,103.8194992,"Singapore",NA
2246,"Johor Bahru, Malaysia",1.4581986,103.7649059,"Malaysia",NA,"Hong Kong, China",22.2793278,114.1628131,"China",NA
2247,"Joetsu, Niigata, Japan",37.1478816,138.2359501,"Japan",NA,"Osaka, Japan",34.6937569,135.5014539,"Japan",NA
2249,"New York, New York, United States",40.7127281,-74.0060152,"United States","New York","Palm Beach, Florida, United States",26.6279798,-80.4494174,"United States","Florida"
2251,"Livingston, New Jersey, United States",40.7959335,-74.3148713,"United States","New Jersey","New York, New York, United States",40.7127281,-74.0060152,"United States","New York"
2253,"Kirov, Russia",58.6035661,49.6666241,"Russia",NA,"Paris, France",48.8588897,2.320041,"France",NA
2254,"Perm, Russia",58.0108531,56.2318528,"Russia",NA,"Moscow, Russia",55.625578,37.6063916,"Russia",NA
2255,"Rogachevo, Moscow Oblast, Russia",56.4013275,38.2361469,"Russia",NA,"Moscow, Russia",55.625578,37.6063916,"Russia",NA
2256,"Seoul, South Korea",37.5666791,126.9782914,"South Korea",NA,"Seoul, South Korea",37.5666791,126.9782914,"South Korea",NA
2257,"Jakarta, Indonesia",-6.1754049,106.827168,"Indonesia",NA,"Singapore, Singapore",1.357107,103.8194992,"Singapore",NA
2268,"Hong Kong, China",22.2793278,114.1628131,"China",NA,"Hong Kong, China",22.2793278,114.1628131,"China",NA
2271,"Hong Kong, China",22.2793278,114.1628131,"China",NA,"Hong Kong, China",22.2793278,114.1628131,"China",NA
2272,"Macau, Macau SAR China",22.15781845,113.5603524,"Macau SAR China",NA,"Hong Kong, China",22.2793278,114.1628131,"China",NA
2274,"Guangzhou, Guangdong, China",23.1301964,113.2592945,"China",NA,"Hong Kong, China",22.2793278,114.1628131,"China",NA
2276,"Orimattila, Finland",60.805137,25.733355799999998,"Finland",NA,"Helsinki, Finland",60.1698897,24.9384719,"Finland",NA
2277,"New Bedford, Massachusetts, United States",41.6362152,-70.934205,"United States","Massachusetts","Atherton, California, United States",37.453773,-122.2058272,"United States","California"
2280,"Quanzhou, Fujian, China",25.1901863,118.338717,"China",NA,"Quanzhou, Fujian, China",25.1901863,118.338717,"China",NA
2282,"Hangzhou, Zhejiang, China",30.2489634,120.2052342,"China",NA,"Shanghai, China",31.2323437,121.4691024,"China",NA
2287,"Beijing, Beijing, China",39.9057136,116.3912972,"China",NA,"Beijing, Beijing, China",39.9057136,116.3912972,"China",NA
2288,"Pune, Maharashtra, India",18.5213738,73.8545071,"India",NA,"New Delhi, India",28.6419258,77.2217499,"India",NA
2290,"Quebec City, Quebec, Canada",46.8137431,-71.2084061,"Canada",NA,"Montreal, Quebec, Canada",45.5031824,-73.5698065,"Canada",NA
2292,"Shanghai, China",31.2323437,121.4691024,"China",NA,"Taipei, Taiwan",25.0375198,121.5636796,"Taiwan",NA
2294,"Huian, Fujian, China",25.0606368,118.7096977,"China",NA,"Xiamen, Fujian, China",24.5438732,118.0768065,"China",NA
2295,"Hong Kong, China",22.2793278,114.1628131,"China",NA,"Hong Kong, China",22.2793278,114.1628131,"China",NA
2297,"Roslyn, New York, United States",40.7998227,-73.6509621,"United States","New York","Miami Beach, Florida, United States",25.7929198,-80.1353006,"United States","Florida"
2301,"Lerici, La Spezia, Italy",44.0736073,9.9099135,"Italy",NA,"Fiesole, Italy",43.8066689,11.2930735,"Italy",NA
2303,"Krumbach, Germany",48.2430587,10.3631004,"Germany",NA,"Gräfelfing, Germany",48.118889,11.428889,"Germany",NA
2304,"Albany, New York, United States",42.6511674,-73.754968,"United States","New York","Boston, Massachusetts, United States",42.3554334,-71.060511,"United States","Massachusetts"
2306,"Nottingham, Nottinghamshire, United Kingdom",52.9534193,-1.1496461,"United Kingdom",NA,"Nottinghamshire, United Kingdom",53.1459288,-1.0214971,"United Kingdom",NA
2309,"Roslyn Heights, New York, United States",40.7766105,-73.6339769,"United States","New York","Sands Point, New York, United States",40.8517669,-73.718742,"United States","New York"
2310,"Bristol, United Kingdom",51.4538022,-2.5972985,"United Kingdom",NA,"St. Peter Port, Channel Islands",49.4578405,-2.5349672,"Channel Islands",NA
2311,"Kashan, Iran",33.9876533,51.4428856,"Iran",NA,"Los Angeles, California, United States",34.0536909,-118.242766,"United States","California"
2312,"Mexico City, Mexico",19.3207722,-99.1514678,"Mexico",NA,"Mexico City, Mexico",19.3207722,-99.1514678,"Mexico",NA
2314,"San Francisco, California, United States",37.7792588,-122.4193286,"United States","California","San Francisco, California, United States",37.7792588,-122.4193286,"United States","California"
2316,"Marrakech, Morocco",31.6258257,-7.9891608,"Morocco",NA,"New York, New York, United States",40.7127281,-74.0060152,"United States","New York"
2318,"Bourdeaux, Drôme, France",44.5867879,5.1342966,"France",NA,"Lyon, France",45.7578137,4.8320114,"France",NA
2320,"Athens, Greece",37.9755648,23.7348324,"Greece",NA,"Athens, Greece",37.9755648,23.7348324,"Greece",NA
2321,"Athens, Greece",37.9755648,23.7348324,"Greece",NA,"Geneva, Switzerland",46.2017559,6.1466014,"Switzerland",NA
2322,"Hong Kong, China",22.2793278,114.1628131,"China",NA,"Hong Kong, China",22.2793278,114.1628131,"China",NA
2323,"Hong Kong, China",22.2793278,114.1628131,"China",NA,"Hong Kong, China",22.2793278,114.1628131,"China",NA
2324,"Hong Kong, China",22.2793278,114.1628131,"China",NA,"Stanford, California, United States",37.427467,-122.1702445,"United States","California"
2326,"Beijing, Beijing, China",39.9057136,116.3912972,"China",NA,"Hong Kong, China",22.2793278,114.1628131,"China",NA
2327,"New York, New York, United States",40.7127281,-74.0060152,"United States","New York","Atherton, California, United States",37.453773,-122.2058272,"United States","California"
2328,"New York, New York, United States",40.7127281,-74.0060152,"United States","New York","New York, New York, United States",40.7127281,-74.0060152,"United States","New York"
2329,"New York, New York, United States",40.7127281,-74.0060152,"United States","New York","New York, New York, United States",40.7127281,-74.0060152,"United States","New York"
2330,"New York, New York, United States",40.7127281,-74.0060152,"United States","New York","New York, New York, United States",40.7127281,-74.0060152,"United States","New York"
2331,"New York, New York, United States",40.7127281,-74.0060152,"United States","New York","New York, New York, United States",40.7127281,-74.0060152,"United States","New York"
2332,"New York, New York, United States",40.7127281,-74.0060152,"United States","New York","New York, New York, United States",40.7127281,-74.0060152,"United States","New York"
2333,"New York, New York, United States",40.7127281,-74.0060152,"United States","New York","Lake Worth, Florida, United States",26.615891,-80.0691435,"United States","Florida"
2334,"Stuttgart, Germany",48.7784485,9.1800132,"Germany",NA,"Boston, Massachusetts, United States",42.3554334,-71.060511,"United States","Massachusetts"
2335,"New York, New York, United States",40.7127281,-74.0060152,"United States","New York","New York, New York, United States",40.7127281,-74.0060152,"United States","New York"
2337,"Chicago, Illinois, United States",41.8755616,-87.6244212,"United States","Illinois","Highland Park, Illinois, United States",42.1836719,-87.7993245,"United States","Illinois"
2339,"Hong Kong, China",22.2793278,114.1628131,"China",NA,"Hong Kong, China",22.2793278,114.1628131,"China",NA
2340,"Detroit, Michigan, United States",42.3315509,-83.046640300000007,"United States","Michigan","San Francisco, California, United States",37.7792588,-122.4193286,"United States","California"
2342,"Dora, Cyprus",34.7806411,32.7381299,"Cyprus",NA,"London, United Kingdom",51.4893335,-0.1440551,"United Kingdom",NA
2343,"Istanbul, Turkey",41.006381,28.9758715,"Turkey",NA,"Waterloo, Ontario, Canada",43.4652699,-80.5222961,"Canada",NA
2344,"Cléder, Finistère, France",48.6612675,-4.1039679,"France",NA,"Paris, France",48.8588897,2.320041,"France",NA
2345,"Stellenbosch, South Africa",-33.934444,18.869167,"South Africa",NA,"Stellenbosch, South Africa",-33.934444,18.869167,"South Africa",NA
2346,"Santos, São Paulo, Brazil",-23.9335988,-46.3286399,"Brazil",NA,"São Paulo, São Paulo, Brazil",-23.5506507,-46.6333824,"Brazil",NA
2349,"Tourcoing, Nord, France",50.7235038,3.1605714,"France",NA,"Lille, Nord, France",50.6365654,3.0635282,"France",NA
2352,"Suncheon, South Korea",34.9505457,127.4872992,"South Korea",NA,"Seoul, South Korea",37.5666791,126.9782914,"South Korea",NA
2356,"Kuala Lumpur, Malaysia",3.1526589,101.7022205,"Malaysia",NA,"Jeram, Malaysia",3.2263502,101.315088,"Malaysia",NA
2361,"Seoul, South Korea",37.5666791,126.9782914,"South Korea",NA,"Seoul, South Korea",37.5666791,126.9782914,"South Korea",NA
2362,"Seoul, South Korea",37.5666791,126.9782914,"South Korea",NA,"Seoul, South Korea",37.5666791,126.9782914,"South Korea",NA
2363,"Seoul, South Korea",37.5666791,126.9782914,"South Korea",NA,"Seoul, South Korea",37.5666791,126.9782914,"South Korea",NA
2364,"Daegu, South Korea",35.8713,128.6018,"South Korea",NA,"Seoul, South Korea",37.5666791,126.9782914,"South Korea",NA
2365,"Uiryeong-gun, Gyeongsangnam-do, South Korea",35.322003,128.2617827,"South Korea",NA,"Seoul, South Korea",37.5666791,126.9782914,"South Korea",NA
2367,"Busan, South Korea",35.1799528,129.0752365,"South Korea",NA,"Seoul, South Korea",37.5666791,126.9782914,"South Korea",NA
2368,"Seoul, South Korea",37.5666791,126.9782914,"South Korea",NA,"Seoul, South Korea",37.5666791,126.9782914,"South Korea",NA
2369,"Chungju, Chungcheongbuk-do, South Korea",36.9907334,127.9259891,"South Korea",NA,"Seoul, South Korea",37.5666791,126.9782914,"South Korea",NA
2372,"Quanzhou, Fujian, China",25.1901863,118.338717,"China",NA,"Hong Kong, China",22.2793278,114.1628131,"China",NA
2373,"Macau, Macau SAR China",22.15781845,113.5603524,"Macau SAR China",NA,"Hong Kong, China",22.2793278,114.1628131,"China",NA
2374,"Seoul, South Korea",37.5666791,126.9782914,"South Korea",NA,"Seoul, South Korea",37.5666791,126.9782914,"South Korea",NA
2375,"Qionghai, Hainan, China",19.2592373,110.4703445,"China",NA,"Hong Kong, China",22.2793278,114.1628131,"China",NA
2376,"Hong Kong, China",22.2793278,114.1628131,"China",NA,"Hong Kong, China",22.2793278,114.1628131,"China",NA
2378,"Shunde, Guangdong, China",22.8054891,113.2894243,"China",NA,"Hong Kong, China",22.2793278,114.1628131,"China",NA
2379,"Bangkok, Thailand",13.7524938,100.4935089,"Thailand",NA,"Austin, Texas, United States",30.2711286,-97.7436995,"United States","Texas"
2380,"Washington, District of Columbia, United States",38.8950368,-77.0365427,"United States","District of Columbia","New York, New York, United States",40.7127281,-74.0060152,"United States","New York"
2381,"Port Antonio, Jamaica",18.175168,-76.4474201,"Jamaica",NA,"Burlington, Ontario, Canada",43.3248924,-79.7966835,"Canada",NA
2382,"Detroit, Michigan, United States",42.3315509,-83.046640300000007,"United States","Michigan","Glencoe, Illinois, United States",42.1350268,-87.7581188,"United States","Illinois"
2383,"New York, New York, United States",40.7127281,-74.0060152,"United States","New York","New York, New York, United States",40.7127281,-74.0060152,"United States","New York"
2390,"Stuttgart, Germany",48.7784485,9.1800132,"Germany",NA,"Schwieberdingen, Germany",48.8749991,9.0778484,"Germany",NA
2391,"Stuttgart, Germany",48.7784485,9.1800132,"Germany",NA,"Berlin, Germany",52.5173885,13.3951309,"Germany",NA
2392,"Wilmington, Ohio, United States",39.4453393,-83.8285375,"United States","Ohio","Berlin, Germany",52.5173885,13.3951309,"Germany",NA
2394,"Graz, Austria",47.0708678,15.4382786,"Austria",NA,"Graz, Austria",47.0708678,15.4382786,"Austria",NA
2395,"Rio de Janeiro, Rio de Janeiro, Brazil",-22.9110137,-43.2093727,"Brazil",NA,"Zurich, Switzerland",47.3744489,8.5410422,"Switzerland",NA
2397,"Bei'an, Heilongjiang, China",48.1392776,127.151802,"China",NA,"Beijing, Beijing, China",39.9057136,116.3912972,"China",NA
2401,"Genoa, Liguria, Italy",44.40726,8.9338624,"Italy",NA,"Atherton, California, United States",37.453773,-122.2058272,"United States","California"
2402,"Guangzhou, Guangdong, China",23.1301964,113.2592945,"China",NA,"Hong Kong, China",22.2793278,114.1628131,"China",NA
2403,"Hong Kong, China",22.2793278,114.1628131,"China",NA,"Hong Kong, China",22.2793278,114.1628131,"China",NA
2404,"New York, New York, United States",40.7127281,-74.0060152,"United States","New York","Potomac, Maryland, United States",39.0180508,-77.1956331,"United States","Maryland"
2406,"Denver, Colorado, United States",39.7392364,-104.984862,"United States","Colorado","Indian Hills, Colorado, United States",39.6244808,-105.2432398,"United States","Colorado"
2407,"Besançon, Doubs, France",47.2380222,6.0243622,"France",NA,"New York, New York, United States",40.7127281,-74.0060152,"United States","New York"
2408,"Washington, District of Columbia, United States",38.8950368,-77.0365427,"United States","District of Columbia","Chevy Chase, Maryland, United States",38.9813699,-77.0849245,"United States","Maryland"
2409,"Washington, District of Columbia, United States",38.8950368,-77.0365427,"United States","District of Columbia","Chevy Chase, Maryland, United States",38.9813699,-77.0849245,"United States","Maryland"
2411,"New York, New York, United States",40.7127281,-74.0060152,"United States","New York","Cleveland, Ohio, United States",41.4996574,-81.6936772,"United States","Ohio"
2412,"New York, New York, United States",40.7127281,-74.0060152,"United States","New York","Cleveland, Ohio, United States",41.4996574,-81.6936772,"United States","Ohio"
2413,"New York, New York, United States",40.7127281,-74.0060152,"United States","New York","Cleveland, Ohio, United States",41.4996574,-81.6936772,"United States","Ohio"
2414,"Derbent, Dagestan, Russia",42.057858,48.2887648,"Russia",NA,"Moscow, Russia",55.625578,37.6063916,"Russia",NA
2415,"Kyiv, Ukraine",50.4500336,30.5241361,"Ukraine",NA,"San Francisco, California, United States",37.7792588,-122.4193286,"United States","California"
2416,"Tashkent, Uzbekistan",41.3123363,69.2787079,"Uzbekistan",NA,"London, United Kingdom",51.4893335,-0.1440551,"United Kingdom",NA
2417,"Chicago, Illinois, United States",41.8755616,-87.6244212,"United States","Illinois","Glenview, Illinois, United States",42.0700662,-87.8114044,"United States","Illinois"
2420,"Seattle, Washington, United States",47.6038321,-122.330062,"United States","Washington","Hillsborough, California, United States",37.557252,-122.362529,"United States","California"
2422,"Brunswick, Melbourne, Australia",-37.7664715,144.9613103,"Australia",NA,"Melbourne, Australia",-37.8142454,144.9631732,"Australia",NA
2425,"London, United Kingdom",51.4893335,-0.1440551,"United Kingdom",NA,"London, United Kingdom",51.4893335,-0.1440551,"United Kingdom",NA
2428,"Chaozhou, Guangdong, China",23.656593,116.6204223,"China",NA,"Hong Kong, China",22.2793278,114.1628131,"China",NA
2429,"Hong Kong, China",22.2793278,114.1628131,"China",NA,"Hong Kong, China",22.2793278,114.1628131,"China",NA
2432,"Renshou, Sichuan, China",29.9811089,104.2204271,"China",NA,"Shenzhen, Guangdong, China",22.5445741,114.0545429,"China",NA
2434,"Xiaoshan, Zhejiang, China",30.1861821,120.2597528,"China",NA,"Hangzhou, Zhejiang, China",30.2489634,120.2052342,"China",NA
2436,"Pingdingshan, Henan, China",33.7419956,113.3002154,"China",NA,"Ruzhou, China",34.1678145,112.8392579,"China",NA
2437,"Linruzhen, Henan, China",34.2672929,112.6189028,"China",NA,"Ruzhou, China",34.1678145,112.8392579,"China",NA
2438,"Tonghua, Jilin, China",42.123889,125.848333,"China",NA,"Beijing, Beijing, China",39.9057136,116.3912972,"China",NA
2444,"Nanyang, Henan, China",33.0010496,112.5292693,"China",NA,"Fushun, China",41.8011658,124.7459491,"China",NA
2445,"Laizhou, Shandong, China",37.1773133,119.9370943,"China",NA,"Laizhou, Shandong, China",37.1773133,119.9370943,"China",NA
2447,"Yulin, Guangxi, China",22.4199189,110.2143149,"China",NA,"Beijing, Beijing, China",39.9057136,116.3912972,"China",NA
2449,"Wenzhou, Zhejiang, China",27.9963899,120.695345,"China",NA,"Shanghai, China",31.2323437,121.4691024,"China",NA
2453,"Heyuan, Guangdong, China",23.746777,114.6954482,"China",NA,"Beijing, Beijing, China",39.9057136,116.3912972,"China",NA
2455,"Jining, Shandong, China",35.4125047,116.5849266,"China",NA,"Yanzhou, China",36.602796,109.4873978,"China",NA
2461,"Cangzhou, Hebei, China",38.3042796,116.8511597,"China",NA,"Tianjin, Tianjin, China",39.0844897,117.1956724,"China",NA
2463,"Meishan, Sichuan, China",29.9866838,103.7790009,"China",NA,"Changsha, Hunan, China",28.1450774,113.2384362,"China",NA
2464,"Fengcheng, Jiangxi, China",28.1407202,115.8470525,"China",NA,"Xinyu, China",27.853572,114.8867147,"China",NA
2469,"Yangquan, Shanxi, China",38.0935972,113.5265601,"China",NA,"Beijing, Beijing, China",39.9057136,116.3912972,"China",NA
2473,"Taizhou, Zhejiang, China",28.6581723,121.4163876,"China",NA,"Hangzhou, Zhejiang, China",30.2489634,120.2052342,"China",NA
2475,"Hong Kong, China",22.2793278,114.1628131,"China",NA,"Guangzhou, Guangdong, China",23.1301964,113.2592945,"China",NA
2478,"Changde, Hunan, China",29.034552,111.6928724,"China",NA,"Beijing, Beijing, China",39.9057136,116.3912972,"China",NA
2479,"Chengdu, Sichuan, China",30.659867,104.063315,"China",NA,"Shanghai, China",31.2323437,121.4691024,"China",NA
2482,"Taizhou, Zhejiang, China",28.6581723,121.4163876,"China",NA,"Taizhou, Zhejiang, China",28.6581723,121.4163876,"China",NA
2483,"Tianjin, Tianjin, China",39.0844897,117.1956724,"China",NA,"Singapore, Singapore",1.357107,103.8194992,"Singapore",NA
2486,"Foshan, Guangdong, China",23.0239788,113.1159558,"China",NA,"Foshan, Guangdong, China",23.0239788,113.1159558,"China",NA
2487,"Nanchang, Jiangxi, China",28.6472124,116.0348483,"China",NA,"Nanchang, Jiangxi, China",28.6472124,116.0348483,"China",NA
2488,"Changsha, Hunan, China",28.1450774,113.2384362,"China",NA,"Shenzhen, Guangdong, China",22.5445741,114.0545429,"China",NA
2489,"Yangjiang, Guangdong, China",22.0958223,111.7831393,"China",NA,"Shenzhen, Guangdong, China",22.5445741,114.0545429,"China",NA
2490,"Wenxi, Shanxi, China",35.390079,111.307578,"China",NA,"Wenxi, Shanxi, China",35.390079,111.307578,"China",NA
2491,"Tongcheng, Anhui, China",31.0382269,116.9689629,"China",NA,"Hefei, Anhui, China",31.8665676,117.281428,"China",NA
2492,"Xuchang, Henan, China",34.147778,113.714722,"China",NA,"Xi'an, Shaanxi, China",34.261004,108.9423363,"China",NA
2497,"Huazhou, Guangdong, China",21.8302699,110.5300134,"China",NA,"Xi'an, Shaanxi, China",38.1904931,116.1191021,"China",NA
2498,"Linshu County, Shandong, China",34.9137378,118.6343077,"China",NA,"Linyi, China",35.1032403,118.3506988,"China",NA
2499,"Zhuqi Township, Chiayi County, Taiwan",23.5227654,120.5507086,"Taiwan",NA,"San Jose, California, United States",37.3361663,-121.890591,"United States","California"
2501,"Linhai, Zhejiang, China",28.8616886,121.1402223,"China",NA,"Shenzhen, Guangdong, China",22.5445741,114.0545429,"China",NA
2502,"Quanjiao County, Chuzhou, Anhui, China",32.0881937,118.2687495,"China",NA,"Nanjing, Jiangsu, China",32.0438284,118.7788631,"China",NA
2503,"Yangzhou, Jiangsu, China",32.3968554,119.4077658,"China",NA,"Yangzhou, Jiangsu, China",32.3968554,119.4077658,"China",NA
2506,"Zhuhai, Guangdong, China",22.273734,113.5721327,"China",NA,"Zhuhai, Guangdong, China",22.273734,113.5721327,"China",NA
2507,"Lianyuan, Hunan, China",27.738153,111.7776649,"China",NA,"Changsha, Hunan, China",28.1450774,113.2384362,"China",NA
2509,"Langqi, Fuzhou, China",26.0861662,119.5732149,"China",NA,"Fuzhou, Fujian, China",26.0774954,119.2918215,"China",NA
2512,"Shunde District, Foshan, Guangdong, China",22.83056,113.21556,"China",NA,"Foshan, Guangdong, China",23.0239788,113.1159558,"China",NA
2514,"Arlington Heights, Illinois, United States",42.0811563,-87.9802164,"United States","Illinois","Key Largo, Florida, United States",25.091338,-80.4677741,"United States","Florida"
2515,"New York, New York, United States",40.7127281,-74.0060152,"United States","New York","Monsey, New York, United States",41.117991,-74.0594324,"United States","New York"
2518,"Minneapolis, Minnesota, United States",44.9772995,-93.2654692,"United States","Minnesota","Austin, Texas, United States",30.2711286,-97.7436995,"United States","Texas"
2521,"Alameda, California, United States",37.6090291,-121.899142,"United States","California","Greenwich, Connecticut, United States",41.0264862,-73.6284598,"United States","Connecticut"
2522,"Gimpo, Gyeonggi-do, South Korea",37.6155683,126.71577980000001,"South Korea",NA,"Seoul, South Korea",37.5666791,126.9782914,"South Korea",NA
2524,"Kepong, Kuala Lumpur, Malaysia",3.2140294,101.634842,"Malaysia",NA,"Kuala Lumpur, Malaysia",3.1526589,101.7022205,"Malaysia",NA
2526,"Samarinda, East Kalimantan, Indonesia",-0.5017804,117.1393089,"Indonesia",NA,"Jakarta, Indonesia",-6.1754049,106.827168,"Indonesia",NA
2528,"Putian, Fujian, China",25.4965882,118.8500963,"China",NA,"Singapore, Singapore",1.357107,103.8194992,"Singapore",NA
2529,"Singapore, Singapore",1.357107,103.8194992,"Singapore",NA,"Singapore, Singapore",1.357107,103.8194992,"Singapore",NA
2531,"Titi, Negeri Sembilan, Malaysia",2.9974971,102.0765586,"Malaysia",NA,"Kuala Lumpur, Malaysia",3.1526589,101.7022205,"Malaysia",NA
2532,"Zhangzhou, Fujian, China",24.2388257,117.4524304,"China",NA,"Xiamen, Fujian, China",24.5438732,118.0768065,"China",NA
2533,"Zhangzhou, Fujian, China",24.2388257,117.4524304,"China",NA,"Xiamen, Fujian, China",24.5438732,118.0768065,"China",NA
2537,"New Taipei City, Taiwan",25.063267,121.45788,"Taiwan",NA,"Taipei, Taiwan",25.0375198,121.5636796,"Taiwan",NA
2539,"Yilan, Taiwan",24.7519538,121.7533344,"Taiwan",NA,"Taipei, Taiwan",25.0375198,121.5636796,"Taiwan",NA
2540,"Jinjiang, Fujian, China",24.784435,118.5477505,"China",NA,"Hong Kong, China",22.2793278,114.1628131,"China",NA
2541,"Fuzhou, Fujian, China",26.0774954,119.2918215,"China",NA,"Beijing, Beijing, China",39.9057136,116.3912972,"China",NA
2542,"Linjiawan'Gounan Village, Linyi, Shandong, China",35.1522,118.566,"China",NA,"Linyi, China",35.1032403,118.3506988,"China",NA
2546,"New Taipei City, Taiwan",25.063267,121.45788,"Taiwan",NA,"Taipei, Taiwan",25.0375198,121.5636796,"Taiwan",NA
2547,"New Taipei City, Taiwan",25.063267,121.45788,"Taiwan",NA,"Taipei, Taiwan",25.0375198,121.5636796,"Taiwan",NA
2548,"Shanwei, Guangdong, China",23.0123639,115.5099937,"China",NA,"Shenzhen, Guangdong, China",22.5445741,114.0545429,"China",NA
2549,"Kaohsiung, Taiwan",22.6203348,120.3120375,"Taiwan",NA,"Taichung, Taiwan",24.163162,120.6478282,"Taiwan",NA
2550,"Taipei, Taiwan",25.0375198,121.5636796,"Taiwan",NA,"Taipei, Taiwan",25.0375198,121.5636796,"Taiwan",NA
2551,"Hong Kong, China",22.2793278,114.1628131,"China",NA,"Hong Kong, China",22.2793278,114.1628131,"China",NA
2553,"Fuzhou, Fujian, China",26.0774954,119.2918215,"China",NA,"Shanghai, China",31.2323437,121.4691024,"China",NA
2554,"Fuzhou, Jiangxi, China",27.502232,116.415177,"China",NA,"Shanghai, China",31.2323437,121.4691024,"China",NA
2556,"New York, New York, United States",40.7127281,-74.0060152,"United States","New York","Palm Beach, Florida, United States",26.6279798,-80.4494174,"United States","Florida"
2558,"Norrköping, Sweden",58.5909124,16.1903511,"Sweden",NA,"Stockholm, Sweden",59.3251172,18.0710935,"Sweden",NA
2559,"Dayton, Ohio, United States",39.77944,-84.199196,"United States","Ohio","Cincinnati, Ohio, United States",39.1014537,-84.5124602,"United States","Ohio"
2561,"Basel, Switzerland",47.5581077,7.5878261,"Switzerland",NA,"Bangkok, Thailand",13.7524938,100.4935089,"Thailand",NA
2562,"Ramsey, Minnesota, United States",45.0165728,-93.0949501,"United States","Minnesota","New York, New York, United States",40.7127281,-74.0060152,"United States","New York"
2563,"Ivanovo, Russia",56.9956855,40.9812104,"Russia",NA,"Moscow, Russia",55.625578,37.6063916,"Russia",NA
2567,"St. Petersburg, Russia",59.938732,30.316229,"Russia",NA,"Dubai, United Arab Emirates",25.0742823,55.1885387,"United Arab Emirates",NA
2568,"Novoleninsky, Russia",50.8954,35.7765,"Russia",NA,"St. Petersburg, Russia",59.938732,30.316229,"Russia",NA
2570,"Macau, Macau SAR China",22.15781845,113.5603524,"Macau SAR China",NA,"Hong Kong, China",22.2793278,114.1628131,"China",NA
2571,"Xinjin County, Sichuan, China",30.4157345,103.8068584,"China",NA,"Chengdu, Sichuan, China",30.659867,104.063315,"China",NA
2572,"Xinjin County, Sichuan, China",30.4157345,103.8068584,"China",NA,"Shanghai, China",31.2323437,121.4691024,"China",NA
2575,"Handan, Hebei, China",36.6107711,114.4857072,"China",NA,"Beijing, Beijing, China",39.9057136,116.3912972,"China",NA
2576,"Yingcheng, Hubei, China",30.9333642,113.5664812,"China",NA,"Wuhan, Hubei, China",30.5951051,114.2999353,"China",NA
2577,"Wuhan, Hubei, China",30.5951051,114.2999353,"China",NA,"Chengdu, Sichuan, China",30.659867,104.063315,"China",NA
2578,"Shifang, Sichuan, China",31.2539014,104.0048204,"China",NA,"Chengdu, Sichuan, China",30.659867,104.063315,"China",NA
2579,"Qiqihar, Heilongjiang, China",47.7363891,124.6567611,"China",NA,"Anshan, Liaoning, China",40.822222,122.8275,"China",NA
2581,"Yantai, Shandong, China",37.461928,121.4425255,"China",NA,"Yantai, Shandong, China",37.461928,121.4425255,"China",NA
2583,"Guangrao County, Dongying, Shandong, China",37.0486917,118.4129962,"China",NA,"Dongying, Shandong, China",37.4334738,118.6689349,"China",NA
2584,"Huangpi, Wuhan, Hubei, China",31.0567528,114.3820173,"China",NA,"Chengdu, Sichuan, China",30.659867,104.063315,"China",NA
2585,"Meishan, Sichuan, China",29.9866838,103.7790009,"China",NA,"Chengdu, Sichuan, China",30.659867,104.063315,"China",NA
2587,"Guiyang, Guizhou, China",26.6499922,106.6246178,"China",NA,"Beijing, Beijing, China",39.9057136,116.3912972,"China",NA
2595,"Suqian, Jiangsu, China",33.9644701,118.2696994,"China",NA,"Beijing, Beijing, China",39.9057136,116.3912972,"China",NA
2596,"Xi'an, Shaanxi, China",34.2423181,108.8856319,"China",NA,"Shenzhen, Guangdong, China",22.5445741,114.0545429,"China",NA
2599,"Ningxiang, Hunan, China",28.1404226,112.3652444,"China",NA,"Shanghai, China",31.2323437,121.4691024,"China",NA
2604,"Liaocheng, Shandong, China",36.4441808,115.9642007,"China",NA,"Liaocheng, Shandong, China",36.4441808,115.9642007,"China",NA
2608,"Baixiangzhen, Yueyang County, Hunan, China",29.32472,113.302,"China",NA,"Beijing, Beijing, China",39.9057136,116.3912972,"China",NA
2609,"Tangshan, Hebei, China",39.6295951,118.1738712,"China",NA,"Beijing, Beijing, China",39.9057136,116.3912972,"China",NA
2612,"Xingning, Guangdong, China",24.2579216,115.7531534,"China",NA,"Guangzhou, Guangdong, China",23.1301964,113.2592945,"China",NA
2613,"Liaoyang, Liaoning, China",41.2742898,123.1695757,"China",NA,"Liaoyang, Liaoning, China",41.2742898,123.1695757,"China",NA
2614,"Fuzhou, Jiangxi, China",27.502232,116.415177,"China",NA,"Shenzhen, Guangdong, China",22.5445741,114.0545429,"China",NA
2616,"London, United Kingdom",51.4893335,-0.1440551,"United Kingdom",NA,"London, United Kingdom",51.4893335,-0.1440551,"United Kingdom",NA
2617,"London, United Kingdom",51.4893335,-0.1440551,"United Kingdom",NA,"London, United Kingdom",51.4893335,-0.1440551,"United Kingdom",NA
2619,"Madrid, Spain",40.416782,-3.703507,"Spain",NA,"Madrid, Spain",40.416782,-3.703507,"Spain",NA
2620,"Hong Kong, China",22.2793278,114.1628131,"China",NA,"Hong Kong, China",22.2793278,114.1628131,"China",NA
2623,"Hong Kong, China",22.2793278,114.1628131,"China",NA,"Hong Kong, China",22.2793278,114.1628131,"China",NA
2624,"Chongqing, Chongqing, China",30.8101669,108.4034084,"China",NA,"Chongqing, China",30.05518,107.8748712,"China",NA
2625,"Fanyu, Guangdong, China",22.9480063,113.3508906,"China",NA,"Hong Kong, China",22.2793278,114.1628131,"China",NA
2627,"Jodhpur, Rajasthan, India",26.2967719,73.0351433,"India",NA,"Mumbai, Maharashtra, India",19.054999,72.8692035,"India",NA
2628,"Santa Monica, California, United States",34.0194704,-118.491227,"United States","California","New York, New York, United States",40.7127281,-74.0060152,"United States","New York"
2630,"Kolkata, West Bengal, India",22.5726459,88.3638953,"India",NA,"Bangkok, Thailand",13.7524938,100.4935089,"Thailand",NA
2631,"Kolkata, West Bengal, India",22.5726459,88.3638953,"India",NA,"London, United Kingdom",51.4893335,-0.1440551,"United Kingdom",NA
2632,"Moscow, Russia",55.625578,37.6063916,"Russia",NA,"Paphos, Cyprus",34.7743988,32.4231586,"Cyprus",NA
2633,"Hrodna, Belarus",53.6834599,23.8342648,"Belarus",NA,"Moscow, Russia",55.625578,37.6063916,"Russia",NA
2634,"Batumi, Georgia",41.6241427,41.6249897,"Georgia",NA,"Almaty, Kazakhstan",43.2363924,76.9457275,"Kazakhstan",NA
2636,"Singapore, Singapore",1.357107,103.8194992,"Singapore",NA,"Singapore, Singapore",1.357107,103.8194992,"Singapore",NA
2638,"Fuente Álamo de Murcia, Spain",37.7212132,-1.172989,"Spain",NA,"Marbella, Spain",36.508976,-4.88562,"Spain",NA
2639,"Sololá, Guatemala",14.7039412,-91.282818,"Guatemala",NA,"Guatemala City, Guatemala",14.6416142,-90.5132836,"Guatemala",NA
2640,"Las Tres Villas, Almería, Spain",37.157904,-2.7157771,"Spain",NA,"Madrid, Spain",40.416782,-3.703507,"Spain",NA
2641,"Dalton, Georgia, United States",34.7691867,-84.9702475,"United States","Georgia","Chattanooga, Tennessee, United States",35.0457219,-85.3094883,"United States","Tennessee"
2642,"Marieholm, Sweden",55.8641443,13.1515333,"Sweden",NA,"Stockholm, Sweden",59.3251172,18.0710935,"Sweden",NA
2643,"Milan, Italy",45.4641943,9.1896346,"Italy",NA,"Milan, Italy",45.4641943,9.1896346,"Italy",NA
2644,"Cixi, Zhejiang, China",30.1730437,121.2623259,"China",NA,"Beijing, Beijing, China",39.9057136,116.3912972,"China",NA
2645,"Ningbo, Zhejiang, China",29.8622194,121.6203873,"China",NA,"Ningbo, Zhejiang, China",29.8622194,121.6203873,"China",NA
2646,"Dongyang, Zhejiang, China",29.2924528,120.2372669,"China",NA,"Hangzhou, Zhejiang, China",30.2489634,120.2052342,"China",NA
2647,"Paris, France",48.8588897,2.320041,"France",NA,"Paris, France",48.8588897,2.320041,"France",NA
2648,"Vancouver, British Columbia, Canada",49.2608724,-123.113952,"Canada",NA,"Vancouver, British Columbia, Canada",49.2608724,-123.113952,"Canada",NA
2649,"Evanston, Illinois, United States",42.0470043,-87.6846053,"United States","Illinois","Phoenix, Arizona, United States",33.4484367,-112.074141,"United States","Arizona"
2650,"Fort Pierce, Florida, United States",27.4467056,-80.3256056,"United States","Florida","Winnetka, Illinois, United States",42.1080703,-87.7365286,"United States","Illinois"
2652,"St. Petersburg, Russia",59.938732,30.316229,"Russia",NA,"Davos, Switzerland",46.796198,9.8236892,"Switzerland",NA
2653,"Humlebaek, Denmark",55.9618789,12.5305462,"Denmark",NA,"Humlebaek, Denmark",55.9618789,12.5305462,"Denmark",NA
2655,"Chicago, Illinois, United States",41.8755616,-87.6244212,"United States","Illinois","Oklahoma City, Oklahoma, United States",35.4729886,-97.5170536,"United States","Oklahoma"
2658,"Singapore, Singapore",1.357107,103.8194992,"Singapore",NA,"Jakarta, Indonesia",-6.1754049,106.827168,"Indonesia",NA
2659,"Fiľakovo, Slovakia",48.2701641,19.8222938,"Slovakia",NA,"Tel Aviv, Israel",32.0852997,34.7818064,"Israel",NA
2660,"Cleveland, Ohio, United States",41.4996574,-81.6936772,"United States","Ohio","Fort Lauderdale, Florida, United States",26.1223084,-80.1433786,"United States","Florida"
2661,"Tonghua, Jilin, China",42.123889,125.848333,"China",NA,"Tonghua, Jilin, China",42.123889,125.848333,"China",NA
2665,"Hangzhou, Zhejiang, China",30.2489634,120.2052342,"China",NA,"Hangzhou, Zhejiang, China",30.2489634,120.2052342,"China",NA
2666,"Pingnan County, Fujian, China",26.9120598,118.981458,"China",NA,"Beijing, Beijing, China",39.9057136,116.3912972,"China",NA
2668,"Xiantao, Hubei, China",30.364029,113.4486702,"China",NA,"Shanghai, China",31.2323437,121.4691024,"China",NA
2669,"Shenzhen, Guangdong, China",22.5445741,114.0545429,"China",NA,"Xiamen, Fujian, China",24.5438732,118.0768065,"China",NA
2670,"Yongding, Fujian, China",24.7356074,116.8358217,"China",NA,"Xiamen, Fujian, China",24.5438732,118.0768065,"China",NA
2672,"Qidong, Jiangsu, China",31.7951489,121.6509342,"China",NA,"Shanghai, China",31.2323437,121.4691024,"China",NA
2673,"Guangzhou, Guangdong, China",23.1301964,113.2592945,"China",NA,"Hangzhou, Zhejiang, China",30.2489634,120.2052342,"China",NA
2676,"Mexico City, Mexico",19.3207722,-99.1514678,"Mexico",NA,"New York, New York, United States",40.7127281,-74.0060152,"United States","New York"
2677,"Modesto, California, United States",37.6393419,-120.9968892,"United States","California","San Anselmo, California, United States",37.9744323,-122.561503,"United States","California"
2678,"Long Beach, California, United States",33.7690164,-118.191604,"United States","California","Newport Beach, California, United States",33.6170092,-117.9294401,"United States","California"
2679,"New Castle, Indiana, United States",39.9289351,-85.3702477,"United States","Indiana","San Diego, California, United States",32.7174202,-117.162772,"United States","California"
2680,"Jiangmen, Guangdong, China",22.5816619,113.0761073,"China",NA,"Hong Kong, China",22.2793278,114.1628131,"China",NA
2682,"Dongguan, Guangdong, China",23.0183568,113.7452332,"China",NA,"Hong Kong, China",22.2793278,114.1628131,"China",NA
2683,"Norrköping, Sweden",58.5909124,16.1903511,"Sweden",NA,"Stockholm, Sweden",59.3251172,18.0710935,"Sweden",NA
2685,"Taichung, Taiwan",24.163162,120.6478282,"Taiwan",NA,"Ta-Tsun, Taiwan",25.1089107,121.8097683,"Taiwan",NA
2686,"Cixi, Zhejiang, China",30.1730437,121.2623259,"China",NA,"Ningbo, Zhejiang, China",29.8622194,121.6203873,"China",NA
2688,"Fuzhou, Jiangxi, China",27.502232,116.415177,"China",NA,"Shanghai, China",31.2323437,121.4691024,"China",NA
2689,"Boston, Massachusetts, United States",42.3554334,-71.060511,"United States","Massachusetts","Wynnewood, Pennsylvania, United States",40.0028514,-75.2707469,"United States","Pennsylvania"
2690,"Koblenz, Germany",50.3533278,7.5943951,"Germany",NA,"Toronto, Ontario, Canada",43.6534817,-79.3839347,"Canada",NA
2691,"Berlin, Germany",52.5173885,13.3951309,"Germany",NA,"Kaliningrad, Russia",54.710128,20.5105838,"Russia",NA
2693,"Wuwei, Anhui, China",31.262119,117.7803026,"China",NA,"Guangzhou, Guangdong, China",23.1301964,113.2592945,"China",NA
2696,"Siping, Jilin, China",43.1669821,124.364739,"China",NA,"Changchun, Jilin, China",43.8844201,125.3180998,"China",NA
2697,"London, United Kingdom",51.4893335,-0.1440551,"United Kingdom",NA,"Suffolk, United Kingdom",52.2410014,1.0465716,"United Kingdom",NA
2698,"Kyiv, Ukraine",50.4500336,30.5241361,"Ukraine",NA,"San Francisco, California, United States",37.7792588,-122.4193286,"United States","California"
2699,"Shantou, Guangdong, China",23.3563921,116.6775856,"China",NA,"Shanghai, China",31.2323437,121.4691024,"China",NA
2700,"Shaoxing, Zhejiang, China",29.9992425,120.576854,"China",NA,"Ningbo, Zhejiang, China",29.8622194,121.6203873,"China",NA
2702,"Lishui, Zhejiang, China",28.4704064,119.9184297,"China",NA,"Shanghai, China",31.2323437,121.4691024,"China",NA
2705,"Heyuan, Guangdong, China",23.746777,114.6954482,"China",NA,"Shenzhen, Guangdong, China",22.5445741,114.0545429,"China",NA
2706,"Chaoyang, Shantou, China",23.268449,116.5969864,"China",NA,"Shenzhen, Guangdong, China",22.5445741,114.0545429,"China",NA
2707,"Hefei, Anhui, China",31.8665676,117.281428,"China",NA,"Beijing, Beijing, China",39.9057136,116.3912972,"China",NA
2708,"Puning, Guangdong, China",23.3000453,116.160937,"China",NA,"Puning, Guangdong, China",23.3000453,116.160937,"China",NA
2709,"Hangzhou, Zhejiang, China",30.2489634,120.2052342,"China",NA,"Hangzhou, Zhejiang, China",30.2489634,120.2052342,"China",NA
2710,"Binzhou, Shandong, China",37.3821206,117.9647262,"China",NA,"Binzhou, Shandong, China",37.3821206,117.9647262,"China",NA
2712,"Liestal, Switzerland",47.4839723,7.7347783,"Switzerland",NA,"Binningen, Switzerland",47.53656,7.570077,"Switzerland",NA
2715,"New York, New York, United States",40.7127281,-74.0060152,"United States","New York","Greenwich, Connecticut, United States",41.0264862,-73.6284598,"United States","Connecticut"
2716,"Rio das Flores, Rio de Janeiro, Brazil",-22.1683478,-43.5858689,"Brazil",NA,"Atlanta, Georgia, United States",33.7544657,-84.3898151,"United States","Georgia"
2717,"Bishkek, Kyrgyzstan",42.8761424,74.6036724,"Kyrgyzstan",NA,"Almaty, Kazakhstan",43.2363924,76.9457275,"Kazakhstan",NA
2718,"London, United Kingdom",51.4893335,-0.1440551,"United Kingdom",NA,"London, United Kingdom",51.4893335,-0.1440551,"United Kingdom",NA
2720,"Minneapolis, Minnesota, United States",44.9772995,-93.2654692,"United States","Minnesota","Boulder, Colorado, United States",40.0149856,-105.270545,"United States","Colorado"
2723,"Baltimore, Maryland, United States",39.2908816,-76.610759,"United States","Maryland","Plymouth, Minnesota, United States",45.0065149,-93.46651,"United States","Minnesota"
2724,"Minneapolis, Minnesota, United States",44.9772995,-93.2654692,"United States","Minnesota","Los Angeles, California, United States",34.0536909,-118.242766,"United States","California"
2725,"Orono, Minnesota, United States",44.9713519,-93.6044033,"United States","Minnesota","Vero Beach, Florida, United States",27.6387163,-80.3975399,"United States","Florida"
2727,"Minneapolis, Minnesota, United States",44.9772995,-93.2654692,"United States","Minnesota","Englewood, Colorado, United States",39.6482059,-104.9879641,"United States","Colorado"
2728,"New York, New York, United States",40.7127281,-74.0060152,"United States","New York","Princeton, New Jersey, United States",40.3496953,-74.6597376,"United States","New Jersey"
2729,"Minneapolis, Minnesota, United States",44.9772995,-93.2654692,"United States","Minnesota","Orono, Minnesota, United States",44.9713519,-93.6044033,"United States","Minnesota"
2730,"Hennepin County, Minnesota, United States",45.0257232,-93.4865052,"United States","Minnesota","St. Louis, Missouri, United States",38.6280278,-90.1910154,"United States","Missouri"
2732,"Paris, France",48.8588897,2.320041,"France",NA,"New York, New York, United States",40.7127281,-74.0060152,"United States","New York"
2733,"Kamagaya, Chiba, Japan",35.7766455,140.0007147,"Japan",NA,"Chiba, Japan",35.549399,140.2647303,"Japan",NA
2734,"São Miguel do Iguaçu, Paraná, Brazil",-25.349171,-54.240498,"Brazil",NA,"Cuiaba, Brazil",-15.5986686,-56.099130100000004,"Brazil",NA
2735,"Três Cachoeiras, Rio Grande do Sul, Brazil",-29.4521243,-49.9190608,"Brazil",NA,"Rondonopolis, Brazil",-16.4603533,-54.6397099,"Brazil",NA
2737,"Hall, Texas, United States",34.5036637,-100.6536777,"United States","Texas","Denver, Colorado, United States",39.7392364,-104.984862,"United States","Colorado"
2739,"Makhachkala, Dagestan, Russia",42.9830241,47.5048717,"Russia",NA,"Moscow, Russia",55.625578,37.6063916,"Russia",NA
2741,"Alor Setar, Kedah, Malaysia",6.1231908,100.3683962,"Malaysia",NA,"Kuala Lumpur, Malaysia",3.1526589,101.7022205,"Malaysia",NA
2743,"Mumbai, Maharashtra, India",19.054999,72.8692035,"India",NA,"Mumbai, Maharashtra, India",19.054999,72.8692035,"India",NA
2744,"Shimla, Himachal Pradesh, India",31.1041526,77.1709729,"India",NA,"Mumbai, Maharashtra, India",19.054999,72.8692035,"India",NA
2745,"Ashgabat, Turkmenistan",37.9404648,58.3823487,"Turkmenistan",NA,"Miami, Florida, United States",25.7741728,-80.19362,"United States","Florida"
2746,"Gubakha, Perm Krai, Russia",58.842407,57.555058,"Russia",NA,"Chapel Hill, North Carolina, United States",35.9131542,-79.05578,"United States","North Carolina"
2747,"Bukhara, Uzbekistan",39.7759835,64.415153,"Uzbekistan",NA,"Moscow, Russia",55.625578,37.6063916,"Russia",NA
2751,"Kolkata, West Bengal, India",22.5726459,88.3638953,"India",NA,"Bengaluru, Karnataka, India",12.9767936,77.590082,"India",NA
2752,"Milford, Connecticut, United States",41.2222218,-73.0570603,"United States","Connecticut","Elizabeth, Colorado, United States",39.3602863,-104.59687,"United States","Colorado"
2753,"Moscow, Russia",55.625578,37.6063916,"Russia",NA,"Tel Aviv, Israel",32.0852997,34.7818064,"Israel",NA
2754,"Amman, Jordan",31.9515694,35.9239625,"Jordan",NA,"Moscow, Russia",55.625578,37.6063916,"Russia",NA
2759,"Gurukunta Village, Mahbubnagar District, Telangana, India",16.92326,78.04211,"India",NA,"Hyderabad, Telangana, India",17.360589,78.4740613,"India",NA
2765,"Chiniot, Punjab, Pakistan",31.7309524,72.9834213,"Pakistan",NA,"Lahore, Pakistan",31.5656822,74.3141829,"Pakistan",NA
2766,"Alexandria, Egypt",31.1991806,29.8951716,"Egypt",NA,"London, United Kingdom",51.4893335,-0.1440551,"United Kingdom",NA
2768,"Alexandria, Egypt",31.1991806,29.8951716,"Egypt",NA,"Cairo, Egypt",30.0443879,31.2357257,"Egypt",NA
2769,"Munster, Indiana, United States",41.5644798,-87.5125412,"United States","Indiana","Chicago, Illinois, United States",41.8755616,-87.6244212,"United States","Illinois"
2770,"Lugano, Switzerland",46.0050102,8.9520281,"Switzerland",NA,"Lugano, Switzerland",46.0050102,8.9520281,"Switzerland",NA
2772,"Wuhan, Hubei, China",30.5951051,114.2999353,"China",NA,"Shanghai, China",31.2323437,121.4691024,"China",NA
2774,"Ningbo, Zhejiang, China",29.8622194,121.6203873,"China",NA,"Ningbo, Zhejiang, China",29.8622194,121.6203873,"China",NA
2776,"Chennai, Tamil Nadu, India",13.0836939,80.270186,"India",NA,"Chennai, Tamil Nadu, India",13.0836939,80.270186,"India",NA
2777,"Mantua, Mantua, Italy",45.1566683,10.7917191,"Italy",NA,"Mantua, Mantua, Italy",45.1566683,10.7917191,"Italy",NA
2778,"Mantua, Mantua, Italy",45.1566683,10.7917191,"Italy",NA,"Mantua, Mantua, Italy",45.1566683,10.7917191,"Italy",NA
2780,"Palma de Mallorca, Mallorca, Spain",39.5695818,2.6500745,"Spain",NA,"Madrid, Spain",40.416782,-3.703507,"Spain",NA
2781,"Palma de Mallorca, Mallorca, Spain",39.5695818,2.6500745,"Spain",NA,"Madrid, Spain",40.416782,-3.703507,"Spain",NA
2782,"Ostrów Wielkopolski, Poland",51.6471864,17.8037607,"Poland",NA,"Wrocław, Poland",51.1089776,17.0326689,"Poland",NA
2783,"São Paulo, São Paulo, Brazil",-23.5506507,-46.6333824,"Brazil",NA,"São Paulo, São Paulo, Brazil",-23.5506507,-46.6333824,"Brazil",NA
2784,"Newark, New Jersey, United States",40.735657,-74.1723667,"United States","New Jersey","Atlanta, Georgia, United States",33.7544657,-84.3898151,"United States","Georgia"
2785,"Euboea, Greece",38.4941724,23.9110844,"Greece",NA,"Los Altos Hills, California, United States",37.3796627,-122.137463,"United States","California"
2786,"Heidelberg, Germany",49.4093582,8.694724,"Germany",NA,"Heidelberg, Germany",49.4093582,8.694724,"Germany",NA
2787,"Rio de Janeiro, Rio de Janeiro, Brazil",-22.9110137,-43.2093727,"Brazil",NA,"Rio de Janeiro, Rio de Janeiro, Brazil",-22.9110137,-43.2093727,"Brazil",NA
2788,"Rio de Janeiro, Rio de Janeiro, Brazil",-22.9110137,-43.2093727,"Brazil",NA,"Rio de Janeiro, Rio de Janeiro, Brazil",-22.9110137,-43.2093727,"Brazil",NA
2790,"Rio de Janeiro, Rio de Janeiro, Brazil",-22.9110137,-43.2093727,"Brazil",NA,"Rio de Janeiro, Rio de Janeiro, Brazil",-22.9110137,-43.2093727,"Brazil",NA
2792,"Mumbai, Maharashtra, India",19.054999,72.8692035,"India",NA,"Mumbai, Maharashtra, India",19.054999,72.8692035,"India",NA
2794,"New York, New York, United States",40.7127281,-74.0060152,"United States","New York","New York, New York, United States",40.7127281,-74.0060152,"United States","New York"
2795,"Washington, District of Columbia, United States",38.8950368,-77.0365427,"United States","District of Columbia","Potomac, Maryland, United States",39.0180508,-77.1956331,"United States","Maryland"
2796,"Washington, District of Columbia, United States",38.8950368,-77.0365427,"United States","District of Columbia","Potomac, Maryland, United States",39.0180508,-77.1956331,"United States","Maryland"
2800,"Maidenhead, England, United Kingdom",51.522743,-0.7197368,"United Kingdom",NA,"The Plains, Virginia, United States",38.8624506,-77.774073,"United States","Virginia"
2801,"London, United Kingdom",51.4893335,-0.1440551,"United Kingdom",NA,"Jackson, Wyoming, United States",43.479965,-110.761815,"United States","Wyoming"
2802,"Amsterdam, Netherlands",52.3730796,4.8924534,"Netherlands",NA,"Los Angeles, California, United States",34.0536909,-118.242766,"United States","California"
2803,"New York, New York, United States",40.7127281,-74.0060152,"United States","New York","New York, New York, United States",40.7127281,-74.0060152,"United States","New York"
2804,"New York, New York, United States",40.7127281,-74.0060152,"United States","New York","Philadelphia, Pennsylvania, United States",39.9527237,-75.1635262,"United States","Pennsylvania"
2805,"Denver, Colorado, United States",39.7392364,-104.984862,"United States","Colorado","Dallas, Texas, United States",32.7762719,-96.7968559,"United States","Texas"
2809,"Paris, France",48.8588897,2.320041,"France",NA,"Nantes, France",47.2186371,-1.5541362,"France",NA
2810,"Nantes, France",47.2186371,-1.5541362,"France",NA,"Nantes, France",47.2186371,-1.5541362,"France",NA
2811,"Easton, Pennsylvania, United States",40.6916081,-75.2099866,"United States","Pennsylvania","Palo Alto, California, United States",37.4443293,-122.1598465,"United States","California"
2816,"Curitiba, Paraná, Brazil",-25.4944375,-49.284271,"Brazil",NA,"Campinas, Brazil",-22.9056391,-47.059564,"Brazil",NA
2817,"Norrköping, Sweden",58.5909124,16.1903511,"Sweden",NA,"Stockholm, Sweden",59.3251172,18.0710935,"Sweden",NA
2818,"Männedorf, Zurich, Switzerland",47.253174,8.6918153,"Switzerland",NA,"Feldmeilen, Switzerland",47.2791676,8.6207481,"Switzerland",NA
2819,"Miami, Florida, United States",25.7741728,-80.19362,"United States","Florida","Miami, Florida, United States",25.7741728,-80.19362,"United States","Florida"
2821,"Bremen, Germany",53.0758196,8.8071646,"Germany",NA,"Munich, Germany",48.1371079,11.5753822,"Germany",NA
2824,"Hirakata, Osaka, Japan",34.8144363,135.6507278,"Japan",NA,"Osaka, Japan",34.6937569,135.5014539,"Japan",NA
2825,"San Sebastian, Spain",43.3224219,-1.9838889,"Spain",NA,"Kanton Schwyz, Switzerland",47.0571976,8.7222073000000009,"Switzerland",NA
2826,"Sankt Marein im Mürztal, Austria",47.4419748,15.3648695,"Austria",NA,"Fuschl am See, Austria",47.7963895,13.3027787,"Austria",NA
2829,"Cobden, Victoria, Australia",-38.3282494,143.07788,"Australia",NA,"Gold Coast, Australia",-28.0023731,153.4145987,"Australia",NA
2830,"Portage, Ohio, United States",41.1496775,-81.2082,"United States","Ohio","Brookville, Ohio, United States",39.8367207,-84.4113366,"United States","Ohio"
2832,"Goto, Nagasaki, Japan",32.6951424,128.8408104,"Japan",NA,"Obu City, Japan",34.686229,135.5375288,"Japan",NA
2833,"Santiago, Chile",-33.4377756,-70.6504502,"Chile",NA,"Santiago, Chile",-33.4377756,-70.6504502,"Chile",NA
2834,"Santiago, Chile",-33.4377756,-70.6504502,"Chile",NA,"Santiago, Chile",-33.4377756,-70.6504502,"Chile",NA
2835,"Santiago, Chile",-33.4377756,-70.6504502,"Chile",NA,"Santiago, Chile",-33.4377756,-70.6504502,"Chile",NA
2836,"Newport, Wales, United Kingdom",51.5882332,-2.9974967,"United Kingdom",NA,"Ottawa, Ontario, Canada",45.4208777,-75.6901106,"Canada",NA
2837,"Yekaterinburg, Russia",56.8382071,60.6007886,"Russia",NA,"Yekaterinburg, Russia",56.8382071,60.6007886,"Russia",NA
2839,"Minsk, Belarus",53.9024716,27.5618225,"Belarus",NA,"Moscow, Russia",55.625578,37.6063916,"Russia",NA
2840,"Pune, Maharashtra, India",18.5213738,73.8545071,"India",NA,"Bengaluru, Karnataka, India",12.9767936,77.590082,"India",NA
2841,"Hong Kong, China",22.2793278,114.1628131,"China",NA,"Hong Kong, China",22.2793278,114.1628131,"China",NA
2844,"Florenceville, New Brunswick, Canada",46.4253858,-67.6274602,"Canada",NA,"Toronto, Ontario, Canada",43.6534817,-79.3839347,"Canada",NA
2845,"Fayetteville, Arkansas, United States",36.0625843,-94.1574328,"United States","Arkansas","Berkeley, California, United States",37.8708393,-122.272863,"United States","California"
2847,"Centralia, Washington, United States",46.7204489,-122.96142999999999,"United States","Washington","Hunts Point, Washington, United States",47.6434321,-122.230124,"United States","Washington"
2852,"Spur, Texas, United States",33.4764767,-100.855685,"United States","Texas","San Antonio, Texas, United States",29.4246002,-98.4951405,"United States","Texas"
2855,"Boston, Massachusetts, United States",42.3554334,-71.060511,"United States","Massachusetts","Wellington, Florida, United States",26.6586779,-80.2414357,"United States","Florida"
2858,"St. Louis, Missouri, United States",38.6280278,-90.1910154,"United States","Missouri","St. Louis, Missouri, United States",38.6280278,-90.1910154,"United States","Missouri"
2860,"Eugene, Oregon, United States",44.0505054,-123.0950506,"United States","Oregon","New York, New York, United States",40.7127281,-74.0060152,"United States","New York"
2861,"Los Angeles, California, United States",34.0536909,-118.242766,"United States","California","San Francisco, California, United States",37.7792588,-122.4193286,"United States","California"
2862,"Cameron, Texas, United States",26.1291189,-97.4134281,"United States","Texas","Temple, Texas, United States",31.0983747,-97.3429563,"United States","Texas"
2863,"Pinehurst, North Carolina, United States",35.1951981,-79.4692796,"United States","North Carolina","Greenwich, Connecticut, United States",41.0264862,-73.6284598,"United States","Connecticut"
2864,"Clontarf, Ireland",53.3608138,-6.1968538,"Ireland",NA,"Wotton-under-Edge, United Kingdom",51.6378241,-2.3547251,"United Kingdom",NA
2865,"Myrtle Beach, South Carolina, United States",33.6956461,-78.8900409,"United States","South Carolina","Houston, Texas, United States",29.7589382,-95.3676974,"United States","Texas"
2866,"Tampa, Florida, United States",27.9477595,-82.458444,"United States","Florida","Houston, Texas, United States",29.7589382,-95.3676974,"United States","Texas"
2869,"Bat-Yam, Israel",32.0154565,34.7505283,"Israel",NA,"Bat-Yam, Israel",32.0154565,34.7505283,"Israel",NA
2872,"Jodhpur, Rajasthan, India",26.2967719,73.0351433,"India",NA,"San Francisco, California, United States",37.7792588,-122.4193286,"United States","California"
2875,"Grand Rapids, Michigan, United States",42.9632425,-85.6678639,"United States","Michigan","Grand Rapids, Michigan, United States",42.9632425,-85.6678639,"United States","Michigan"
2877,"Grand Rapids, Michigan, United States",42.9632425,-85.6678639,"United States","Michigan","Grand Rapids, Michigan, United States",42.9632425,-85.6678639,"United States","Michigan"
2878,"Grand Rapids, Michigan, United States",42.9632425,-85.6678639,"United States","Michigan","Grand Rapids, Michigan, United States",42.9632425,-85.6678639,"United States","Michigan"
2879,"Paris, France",48.8588897,2.320041,"France",NA,"Paris, France",48.8588897,2.320041,"France",NA
2883,"Apeldoorn, Netherlands",52.1795738,5.9300775,"Netherlands",NA,"Vorden, Netherlands",52.1041075,6.3126099,"Netherlands",NA
2885,"Gomel, Belarus",52.4238936,31.0131698,"Belarus",NA,"Ras Al Khaimah, United Arab Emirates",25.7737705,55.938232,"United Arab Emirates",NA
2886,"Kemerovo, Russia",55.3550907,86.0871213,"Russia",NA,"Moscow, Russia",55.625578,37.6063916,"Russia",NA
2887,"Pastavy, Vitebsk, Belarus",55.1129217,26.83992,"Belarus",NA,"Moscow, Russia",55.625578,37.6063916,"Russia",NA
2889,"Eau Claire, Wisconsin, United States",44.811349,-91.4984941,"United States","Wisconsin","Eau Claire, Wisconsin, United States",44.811349,-91.4984941,"United States","Wisconsin"
2890,"Caracas, Venezuela",10.5060934,-66.9146008,"Venezuela",NA,"Caracas, Venezuela",10.5060934,-66.9146008,"Venezuela",NA
2892,"Vadakkencherry, Kerala, India",10.5905075,76.4840494,"India",NA,"Dubai, United Arab Emirates",25.0742823,55.1885387,"United Arab Emirates",NA
2894,"La Tronche, Isère, France",45.2090131,5.745715,"France",NA,"Paris, France",48.8588897,2.320041,"France",NA
2897,"Hamburg, Germany",53.550341,10.000654,"Germany",NA,"Ulm, Germany",48.3984968,9.9912458,"Germany",NA
2898,"Lyon, France",45.7578137,4.8320114,"France",NA,"Lyon, France",45.7578137,4.8320114,"France",NA
2899,"Székesfehérvár, Hungary",47.1910169,18.410811,"Hungary",NA,"Felcsút, Hungary",47.4545349,18.5862386,"Hungary",NA
2900,"Tripoli, Greece",37.5102911,22.3724241,"Greece",NA,"Palm Beach, Florida, United States",26.6279798,-80.4494174,"United States","Florida"
2901,"Buenos Aires, Argentina",-34.6095579,-58.3887904,"Argentina",NA,"Paris, France",48.8588897,2.320041,"France",NA
2902,"Reiden, Switzerland",47.2460194,7.9730383,"Switzerland",NA,"Barcelona, Spain",41.3825802,2.177073,"Spain",NA
2904,"Tai'an, Shandong, China",36.2002968,117.0809316,"China",NA,"Ürümqi, Xinjiang, China",43.8244074,87.6139038,"China",NA
2905,"Suzhou, Jiangsu, China",31.311123,120.6212881,"China",NA,"Suzhou, Jiangsu, China",31.311123,120.6212881,"China",NA
2908,"Wuhua County, Meizhou, Guangdong, China",23.7927287,115.634192,"China",NA,"Shenzhen, Guangdong, China",22.5445741,114.0545429,"China",NA
2909,"Luyi County, Zhoukou, Henan, China",33.890833,115.380556,"China",NA,"Zhengzhou, Henan, China",34.7472531,113.619321,"China",NA
2910,"Minneapolis, Minnesota, United States",44.9772995,-93.2654692,"United States","Minnesota","Minnetonka, Minnesota, United States",44.9405086,-93.4638936,"United States","Minnesota"
2911,"Burgdorf, Switzerland",47.0571316,7.6237466,"Switzerland",NA,"Burgdorf, Switzerland",47.0571316,7.6237466,"Switzerland",NA
2914,"Philadelphia, Pennsylvania, United States",39.9527237,-75.1635262,"United States","Pennsylvania","Los Angeles, California, United States",34.0536909,-118.242766,"United States","California"
2915,"Philadelphia, Pennsylvania, United States",39.9527237,-75.1635262,"United States","Pennsylvania","Bryn Mawr, Pennsylvania, United States",40.0238245,-75.3173407,"United States","Pennsylvania"
2916,"Tripoli, Lebanon",34.4373616,35.8348551,"Lebanon",NA,"Beirut, Lebanon",33.8892265,35.5025585,"Lebanon",NA
2917,"Tripoli, Lebanon",34.4373616,35.8348551,"Lebanon",NA,"Beirut, Lebanon",33.8892265,35.5025585,"Lebanon",NA
2920,"Kaspiysk, Dagestan, Russia",42.8921817,47.6372105,"Russia",NA,"Moscow, Russia",55.625578,37.6063916,"Russia",NA
2921,"Ise, Mie, Japan",34.4996115,136.7271774,"Japan",NA,"Tokyo, Japan",35.6768601,139.7638947,"Japan",NA
2922,"Kobe, Hyōgo, Japan",34.6932379,135.1943764,"Japan",NA,"Tokyo, Japan",35.6768601,139.7638947,"Japan",NA
2923,"Rehovot, Israel",31.8952532,34.8105616,"Israel",NA,"Tel Aviv, Israel",32.0852997,34.7818064,"Israel",NA
2924,"Szczecin, Poland",53.4301818,14.5509623,"Poland",NA,"Chrostnik, Poland",51.355548,16.157323,"Poland",NA
2925,"Los Angeles, California, United States",34.0536909,-118.242766,"United States","California","Los Angeles, California, United States",34.0536909,-118.242766,"United States","California"
2926,"Los Angeles, California, United States",34.0536909,-118.242766,"United States","California","Los Angeles, California, United States",34.0536909,-118.242766,"United States","California"
2927,"Quincy, Massachusetts, United States",42.2509914,-71.0037374,"United States","Massachusetts","Hong Kong, China",22.2793278,114.1628131,"China",NA
2928,"Montreal, Quebec, Canada",45.5031824,-73.5698065,"Canada",NA,"Montreal, Quebec, Canada",45.5031824,-73.5698065,"Canada",NA
2929,"Sandy, Utah, United States",40.5710454,-111.8953815,"United States","Utah","Salt Lake City, Utah, United States",40.7596198,-111.886797,"United States","Utah"
2931,"New York, New York, United States",40.7127281,-74.0060152,"United States","New York","Lower Merion, Pennsylvania, United States",40.0218828,-75.3176055,"United States","Pennsylvania"
2933,"Moscow, Russia",55.625578,37.6063916,"Russia",NA,"Los Altos, California, United States",37.3790629,-122.116578,"United States","California"
2934,"New York, New York, United States",40.7127281,-74.0060152,"United States","New York","New York, New York, United States",40.7127281,-74.0060152,"United States","New York"
2935,"Layton, Utah, United States",41.0751048,-111.9741925,"United States","Utah","Phoenix, Arizona, United States",33.4484367,-112.074141,"United States","Arizona"
2938,"Stockholm, Sweden",59.3251172,18.0710935,"Sweden",NA,"Stockholm, Sweden",59.3251172,18.0710935,"Sweden",NA
2939,"Shenyang, Liaoning, China",41.8026095,123.4279105,"China",NA,"Los Angeles, California, United States",34.0536909,-118.242766,"United States","California"
2940,"Moscow, Russia",55.625578,37.6063916,"Russia",NA,"Moscow, Russia",55.625578,37.6063916,"Russia",NA
2941,"Castelnuovo Rangone, Modena, Italy",44.5491616,10.9395008,"Italy",NA,"Spilamberto, Italy",44.533413,11.0240826,"Italy",NA
2942,"Ribnita, Moldova",47.7661115,29.0073366,"Moldova",NA,"Moscow, Russia",55.625578,37.6063916,"Russia",NA
2943,"Moscow, Russia",55.625578,37.6063916,"Russia",NA,"Moscow, Russia",55.625578,37.6063916,"Russia",NA
2945,"Rome, Italy",41.8933203,12.4829321,"Italy",NA,"Zug, Switzerland",47.1486137,8.5539378,"Switzerland",NA
2947,"Mumbai, Maharashtra, India",19.054999,72.8692035,"India",NA,"Mumbai, Maharashtra, India",19.054999,72.8692035,"India",NA
2953,"Ludhiana, Punjab, India",30.9090157,75.851601,"India",NA,"New Delhi, India",28.6419258,77.2217499,"India",NA
2954,"Sadulpur, Rajasthan, India",28.6415386,75.3852992,"India",NA,"London, United Kingdom",51.4893335,-0.1440551,"United Kingdom",NA
2955,"Hoshiarpur, Punjab, India",31.6092942,75.8459754,"India",NA,"New Delhi, India",28.6419258,77.2217499,"India",NA
2957,"Beirut, Lebanon",33.8892265,35.5025585,"Lebanon",NA,"Miami Beach, Florida, United States",25.7929198,-80.1353006,"United States","Florida"
2958,"Guanyang County, Guilin, Guangxi, China",25.4537387,111.042336,"China",NA,"Beijing, Beijing, China",39.9057136,116.3912972,"China",NA
2959,"Palanpur, Gujarat, India",24.1709794,72.4366375,"India",NA,"Mumbai, Maharashtra, India",19.054999,72.8692035,"India",NA
2960,"Modinagar, Uttar Pradesh, India",28.8320713,77.5770873,"India",NA,"Singapore, Singapore",1.357107,103.8194992,"Singapore",NA
2961,"Kolkata, West Bengal, India",22.5726459,88.3638953,"India",NA,"Kolkata, West Bengal, India",22.5726459,88.3638953,"India",NA
2962,"Wiedenbrück, Germany",51.8358274,8.3130164,"Germany",NA,"Guetersloh, Germany",51.9063997,8.3782078,"Germany",NA
2964,"Buckie, Scotland, United Kingdom",57.6763316,-2.9648866,"United Kingdom",NA,"Bergen, Norway",60.3943055,5.3259192,"Norway",NA
2965,"Breda, Netherlands",51.5887845,4.7760237,"Netherlands",NA,"Amsterdam, Netherlands",52.3730796,4.8924534,"Netherlands",NA
2966,"St. Petersburg, Russia",59.938732,30.316229,"Russia",NA,"Moscow, Russia",55.625578,37.6063916,"Russia",NA
2968,"Rio de Janeiro, Rio de Janeiro, Brazil",-22.9110137,-43.2093727,"Brazil",NA,"Rio de Janeiro, Rio de Janeiro, Brazil",-22.9110137,-43.2093727,"Brazil",NA
2970,"Sydney, Australia",-33.8698439,151.2082848,"Australia",NA,"Sydney, Australia",-33.8698439,151.2082848,"Australia",NA
2972,"Little Rock, Arkansas, United States",34.7465071,-92.2896267,"United States","Arkansas","Fort Worth, Texas, United States",32.753177,-97.3327459,"United States","Texas"
2974,"St. Louis, Missouri, United States",38.6280278,-90.1910154,"United States","Missouri","San Francisco, California, United States",37.7792588,-122.4193286,"United States","California"
2975,"Baiso, Reggio Emilia, Italy",44.4968268,10.6016783,"Italy",NA,"Reggio Emilia, Italy",44.6086674,10.5940667,"Italy",NA
2976,"Mexico City, Mexico",19.3207722,-99.1514678,"Mexico",NA,"Mexico City, Mexico",19.3207722,-99.1514678,"Mexico",NA
2977,"Kalpakancherry, Kerala, India",10.9473,75.9831,"India",NA,"Dubai, United Arab Emirates",25.0742823,55.1885387,"United Arab Emirates",NA
2978,"San Francisco, California, United States",37.7792588,-122.4193286,"United States","California","Woodside, California, United States",37.4280637,-122.2507435,"United States","California"
2983,"Bosco Chiesanuova, Verona, Italy",45.6221024,11.0295169,"Italy",NA,"Milan, Italy",45.4641943,9.1896346,"Italy",NA
2985,"Cherepovets, Russia",59.1242181,37.9123351,"Russia",NA,"Moscow, Russia",55.625578,37.6063916,"Russia",NA
2987,"Rio de Janeiro, Rio de Janeiro, Brazil",-22.9110137,-43.2093727,"Brazil",NA,"São Paulo, São Paulo, Brazil",-23.5506507,-46.6333824,"Brazil",NA
2988,"Rio de Janeiro, Rio de Janeiro, Brazil",-22.9110137,-43.2093727,"Brazil",NA,"Rio de Janeiro, Rio de Janeiro, Brazil",-22.9110137,-43.2093727,"Brazil",NA
2989,"Rio de Janeiro, Rio de Janeiro, Brazil",-22.9110137,-43.2093727,"Brazil",NA,"Rio de Janeiro, Rio de Janeiro, Brazil",-22.9110137,-43.2093727,"Brazil",NA
2990,"Tucson, Arizona, United States",32.2228765,-110.974847,"United States","Arizona","Phoenix, Arizona, United States",33.4484367,-112.074141,"United States","Arizona"
2991,"Ciano del Montello, Treviso, Italy",45.8252699,12.0555147,"Italy",NA,"Crocetta del Montello, Italy",45.8339959,12.0323268,"Italy",NA
2992,"Wauwatosa, Wisconsin, United States",43.0494122,-88.0079271,"United States","Wisconsin","Portola Valley, California, United States",37.3736298,-122.219047,"United States","California"
2993,"Tokyo, Japan",35.6768601,139.7638947,"Japan",NA,"Tokyo, Japan",35.6768601,139.7638947,"Japan",NA
2999,"Cardiff, Wales, United Kingdom",51.4816546,-3.1791934,"United Kingdom",NA,"San Francisco, California, United States",37.7792588,-122.4193286,"United States","California"
3000,"Detroit, Michigan, United States",42.3315509,-83.046640300000007,"United States","Michigan","Grosse Pointe Shores, Michigan, United States",42.4367034,-82.8768586,"United States","Michigan"
3001,"Springfield, Missouri, United States",37.2081729,-93.2922715,"United States","Missouri","Springfield, Missouri, United States",37.2081729,-93.2922715,"United States","Missouri"
3002,"Liverpool, United Kingdom",53.4071991,-2.99168,"United Kingdom",NA,"Merseyside, United Kingdom",53.4953602,-2.973938,"United Kingdom",NA
3003,"Bradford, United Kingdom",53.7944229,-1.7519186,"United Kingdom",NA,"Bradford, United Kingdom",53.7944229,-1.7519186,"United Kingdom",NA
3004,"Abadan, Iran",30.3636097,48.2591475,"Iran",NA,"Monaco, Monaco",43.7323492,7.4276832,"Monaco",NA
3005,"Moscow, Russia",55.625578,37.6063916,"Russia",NA,"Moscow, Russia",55.625578,37.6063916,"Russia",NA
3006,"Gainesville, Florida, United States",29.6519684,-82.3249846,"United States","Florida","San Francisco, California, United States",37.7792588,-122.4193286,"United States","California"
3007,"Evanston, Illinois, United States",42.0470043,-87.6846053,"United States","Illinois","Kashiwa, Japan",35.8676218,139.9756876,"Japan",NA
3008,"Komatsu, Ishikawa, Japan",36.4032931,136.4495465,"Japan",NA,"Kanazawa, Japan",36.561627,136.6568822,"Japan",NA
3009,"Ga-Rankuwa, Gauteng, South Africa",-25.588446,28.007511,"South Africa",NA,"Johannesburg, South Africa",-26.205,28.049722,"South Africa",NA
3012,"Tripoli, Lebanon",34.4373616,35.8348551,"Lebanon",NA,"Manama, Bahrain",26.2235041,50.5822436,"Bahrain",NA
3013,"Burnley, Lancashire, United Kingdom",53.7907262,-2.2439196,"United Kingdom",NA,"Cheshire, United Kingdom",53.2141028,-2.4717701,"United Kingdom",NA
3014,"Carnarvon, South Africa",-30.967778,22.133333,"South Africa",NA,"Stellenbosch, South Africa",-33.934444,18.869167,"South Africa",NA
3015,"Plain City, Utah, United States",41.2982819,-112.0795161,"United States","Utah","Tolleson, Arizona, United States",33.4500497,-112.259309,"United States","Arizona"
3018,"Mumbai, Maharashtra, India",19.054999,72.8692035,"India",NA,"Dubai, United Arab Emirates",25.0742823,55.1885387,"United Arab Emirates",NA
3019,"Munich, Germany",48.1371079,11.5753822,"Germany",NA,"Ulm, Germany",48.3984968,9.9912458,"Germany",NA
3020,"Rüdesheim, Germany",49.8457903,7.8153313,"Germany",NA,"Cologne, Germany",50.938361,6.959974,"Germany",NA
3021,"Aretsried, Germany",48.3082168,10.653974,"Germany",NA,"Zurich, Switzerland",47.3744489,8.5410422,"Switzerland",NA
3022,"Leopoldina, Minas Gerais, Brazil",-21.5314282,-42.6403534,"Brazil",NA,"Cataguazes, MG, Brazil",-19.7566217,-44.079836,"Brazil",NA
3024,"Omaha, Nebraska, United States",41.2587459,-95.9383758,"United States","Nebraska","Los Angeles, California, United States",34.0536909,-118.242766,"United States","California"
3026,"Ludhiana, Punjab, India",30.9090157,75.851601,"India",NA,"New Delhi, India",28.6419258,77.2217499,"India",NA
3030,"Dallas, Texas, United States",32.7762719,-96.7968559,"United States","Texas","Dallas, Texas, United States",32.7762719,-96.7968559,"United States","Texas"
3032,"Melbourne, Australia",-37.8142454,144.9631732,"Australia",NA,"New York, New York, United States",40.7127281,-74.0060152,"United States","New York"
3033,"Kansas City, Missouri, United States",39.100105,-94.5781416,"United States","Missouri","Ventura, California, United States",34.4458248,-119.0779359,"United States","California"
3034,"Berkeley, California, United States",37.8708393,-122.272863,"United States","California","Venice, California, United States",33.995044,-118.4668875,"United States","California"
3035,"Kingscourt, County Cavan, Ireland",53.905931,-6.7873513,"Ireland",NA,"Kingscourt, County Cavan, Ireland",53.905931,-6.7873513,"Ireland",NA
3036,"Sidlaghatta, Karnataka, India",13.3885218,77.8641332,"India",NA,"Bengaluru, Karnataka, India",12.9767936,77.590082,"India",NA
3037,"Amman, Jordan",31.9515694,35.9239625,"Jordan",NA,"New York, New York, United States",40.7127281,-74.0060152,"United States","New York"
3038,"Pretoria, Gauteng, South Africa",-25.7459277,28.1879101,"South Africa",NA,"Austin, Texas, United States",30.2711286,-97.7436995,"United States","Texas"
3039,"Trondheim, Norway",63.4304475,10.3952118,"Norway",NA,"Oslo, Norway",59.9133301,10.7389701,"Norway",NA
3044,"Tbilisi, Georgia",41.6934591,44.8014495,"Georgia",NA,"Moscow, Russia",55.625578,37.6063916,"Russia",NA
3046,"Moolaipozhi, Tamil Nadu, India",11.01579067,78.40724767,"India",NA,"New Delhi, India",28.6419258,77.2217499,"India",NA
3047,"Duderstadt, Germany",51.5123672,10.2610699,"Germany",NA,"Duderstadt, Germany",51.5123672,10.2610699,"Germany",NA
3048,"Muko, Kyoto, Japan",34.9487167,135.6980911,"Japan",NA,"Kyoto, Kyoto, Japan",34.9846076,135.7584303,"Japan",NA
3049,"Beirut, Lebanon",33.8892265,35.5025585,"Lebanon",NA,"New York, New York, United States",40.7127281,-74.0060152,"United States","New York"
3050,"Beirut, Lebanon",33.8892265,35.5025585,"Lebanon",NA,"Monte Carlo, Monaco",43.7402961,7.426559,"Monaco",NA
3051,"Colon, Panama",9.3553005,-79.8974085,"Panama",NA,"Coral Gables, Florida, United States",25.7331105,-80.2585107,"United States","Florida"
3059,"Kota, Rajasthan, India",25.1737019,75.8574194,"India",NA,"Mumbai, Maharashtra, India",19.054999,72.8692035,"India",NA
3061,"Annaba, Algeria",36.8982165,7.7549272,"Algeria",NA,"Paris, France",48.8588897,2.320041,"France",NA
3062,"New York, New York, United States",40.7127281,-74.0060152,"United States","New York","New York, New York, United States",40.7127281,-74.0060152,"United States","New York"
3064,"Dundalk, Ireland",54.0046033,-6.4008879,"Ireland",NA,"Maeth, Ireland",53.63157493,-6.731303032,"Ireland",NA
3065,"Williamstown, Massachusetts, United States",42.7135472,-73.2094566,"United States","Massachusetts","Charleston, South Carolina, United States",32.7884363,-79.9399309,"United States","South Carolina"
3066,"Mumbai, Maharashtra, India",19.054999,72.8692035,"India",NA,"Mumbai, Maharashtra, India",19.054999,72.8692035,"India",NA
3067,"Bulawayo, Zimbabwe",-20.1053948,28.5426856,"Zimbabwe",NA,"Sydney, Australia",-33.8698439,151.2082848,"Australia",NA
3068,"Johannesburg, South Africa",-26.205,28.049722,"South Africa",NA,"Sydney, Australia",-33.8698439,151.2082848,"Australia",NA
3069,"Providence, Rhode Island, United States",41.8239891,-71.4128343,"United States","Rhode Island","Providence, Rhode Island, United States",41.8239891,-71.4128343,"United States","Rhode Island"
3070,"Valtice, Czechia",48.7412949,16.755758,"Czechia",NA,"Munich, Germany",48.1371079,11.5753822,"Germany",NA
3071,"St. Petersburg, Russia",59.938732,30.316229,"Russia",NA,"Moscow, Russia",55.625578,37.6063916,"Russia",NA
3072,"Orsha, Belarus",54.5107734,30.42944,"Belarus",NA,"Moscow, Russia",55.625578,37.6063916,"Russia",NA
3073,"Beersheba, Israel",31.2457442,34.7925181,"Israel",NA,"Miami, Florida, United States",25.7741728,-80.19362,"United States","Florida"
3076,"New York, New York, United States",40.7127281,-74.0060152,"United States","New York","New York, New York, United States",40.7127281,-74.0060152,"United States","New York"
3078,"Morristown, New Jersey, United States",40.7970382,-74.4809868,"United States","New Jersey","San Francisco, California, United States",37.7792588,-122.4193286,"United States","California"
3080,"Singapore, Singapore",1.357107,103.8194992,"Singapore",NA,"Singapore, Singapore",1.357107,103.8194992,"Singapore",NA
3081,"Singapore, Singapore",1.357107,103.8194992,"Singapore",NA,"Singapore, Singapore",1.357107,103.8194992,"Singapore",NA
3083,"Hougang, Singapore",1.3733601,103.8860907,"Singapore",NA,"Singapore, Singapore",1.357107,103.8194992,"Singapore",NA
3084,"Hanoi, Vietnam",21.0283334,105.854041,"Vietnam",NA,"Ho Chi Minh City, Vietnam",10.7755254,106.7021047,"Vietnam",NA
3085,"Quang Tri, Vietnam",17.2166964,106.9548246,"Vietnam",NA,"Ho Chi Minh City, Vietnam",10.7755254,106.7021047,"Vietnam",NA
3086,"Changfeng, Anhui, China",32.4805394,117.161884,"China",NA,"Liuan, China",37.3539038,117.048777,"China",NA
3087,"Hangzhou, Zhejiang, China",30.2489634,120.2052342,"China",NA,"Shanghai, China",31.2323437,121.4691024,"China",NA
3088,"Taicang, Jiangsu, China",31.4590371,121.1264772,"China",NA,"Suzhou, Jiangsu, China",31.311123,120.6212881,"China",NA
3089,"Athens, Greece",37.9755648,23.7348324,"Greece",NA,"Paris, France",48.8588897,2.320041,"France",NA
3091,"Cincinnati, Ohio, United States",39.1014537,-84.5124602,"United States","Ohio","Newport Beach, California, United States",33.6170092,-117.9294401,"United States","California"
3092,"Buturugeni, Romania",44.3664136,25.8361692,"Romania",NA,"Bucharest, Romania",44.4361414,26.1027202,"Romania",NA
3093,"Tonglu, Zhejiang, China",29.7965627,119.6876858,"China",NA,"Shanghai, China",31.2323437,121.4691024,"China",NA
3094,"Maisons-Alfort, Val-de-Marne, France",48.8012045,2.4309703,"France",NA,"Paris, France",48.8588897,2.320041,"France",NA
3095,"Skive, Denmark",56.6459244,8.9327322,"Denmark",NA,"Lugano, Switzerland",46.0050102,8.9520281,"Switzerland",NA
3096,"Dnipro, Ukraine",51.5567163,30.6121981,"Ukraine",NA,"Moscow, Russia",55.625578,37.6063916,"Russia",NA
3097,"Salair, Kemerovo Oblast, Russia",54.232521,85.798386,"Russia",NA,"Kemerovo, Russia",55.3550907,86.0871213,"Russia",NA
3098,"Dieppe, Seine-Maritime, France",49.9246182,1.0791444,"France",NA,"Paris, France",48.8588897,2.320041,"France",NA
3099,"Bengaluru, Karnataka, India",12.9767936,77.590082,"India",NA,"Bengaluru, Karnataka, India",12.9767936,77.590082,"India",NA
3100,"Qırmızı Qəsəbə, Quba, Azerbaijan",41.3706547,48.5163558,"Azerbaijan",NA,"Moscow, Russia",55.625578,37.6063916,"Russia",NA
3102,"Stamford, Lincolnshire, United Kingdom",52.6519973,-0.4804579,"United Kingdom",NA,"St. Brelade, Jersey, United Kingdom",49.18795518,-2.199587236,"United Kingdom",NA
3104,"Uda, Nara, Japan",34.528225,135.9526888,"Japan",NA,"Tokyo, Japan",35.6768601,139.7638947,"Japan",NA
3105,"Moscow, Russia",55.625578,37.6063916,"Russia",NA,"Moscow, Russia",55.625578,37.6063916,"Russia",NA
3108,"Munich, Germany",48.1371079,11.5753822,"Germany",NA,"Munich, Germany",48.1371079,11.5753822,"Germany",NA
3109,"Milan, Italy",45.4641943,9.1896346,"Italy",NA,"Milan, Italy",45.4641943,9.1896346,"Italy",NA
3110,"Seattle, Washington, United States",47.6038321,-122.330062,"United States","Washington","Seattle, Washington, United States",47.6038321,-122.330062,"United States","Washington"
3111,"St. Louis, Missouri, United States",38.6280278,-90.1910154,"United States","Missouri","Boca Raton, Florida, United States",26.3586885,-80.0830984,"United States","Florida"
3112,"Staraya Russa, Russia",57.9898923,31.3634905,"Russia",NA,"Kyiv, Ukraine",50.4500336,30.5241361,"Ukraine",NA
3114,"Šilalė, Lithuania",55.4904281,22.186268,"Lithuania",NA,"Vilnius, Lithuania",54.6870458,25.2829111,"Lithuania",NA
3115,"Lampung, Sumatra, Indonesia",-4.8555039,105.0272986,"Indonesia",NA,"Singapore, Singapore",1.357107,103.8194992,"Singapore",NA
3116,"Donetsk, Ukraine",48.0158753,37.8013407,"Ukraine",NA,"Moscow, Russia",55.625578,37.6063916,"Russia",NA
3119,"Bhilwara, Rajasthan, India",25.4891177,74.3300726,"India",NA,"Nagpur, India",21.1498134,79.0820556,"India",NA
3123,"Bielefeld, Germany",52.0191005,8.531007,"Germany",NA,"Berlin, Germany",52.5173885,13.3951309,"Germany",NA
3125,"Bielefeld, Germany",52.0191005,8.531007,"Germany",NA,"Berlin, Germany",52.5173885,13.3951309,"Germany",NA
3127,"Perth, Australia",-31.9558967,115.8605784,"Australia",NA,"Sydney, Australia",-33.8698439,151.2082848,"Australia",NA
3129,"Manila, Philippines",14.5904492,120.9803621,"Philippines",NA,"Los Altos, California, United States",37.3790629,-122.116578,"United States","California"
3130,"San Francisco, California, United States",37.7792588,-122.4193286,"United States","California","Honolulu, Hawaii, United States",21.304547,-157.855676,"United States","Hawaii"
3135,"Semarang, Central Java, Indonesia",-6.9903988,110.4229104,"Indonesia",NA,"Kudus, Central Java, Indonesia",-6.7978494,110.8679109,"Indonesia",NA
3136,"Basel, Switzerland",47.5581077,7.5878261,"Switzerland",NA,"Basel, Switzerland",47.5581077,7.5878261,"Switzerland",NA
3137,"Toronto, Ontario, Canada",43.6534817,-79.3839347,"Canada",NA,"Bielefeld, Germany",52.0191005,8.531007,"Germany",NA
3138,"Bielefeld, Germany",52.0191005,8.531007,"Germany",NA,"Bielefeld, Germany",52.0191005,8.531007,"Germany",NA
3139,"Munich, Germany",48.1371079,11.5753822,"Germany",NA,"Bielefeld, Germany",52.0191005,8.531007,"Germany",NA
3142,"Bielefeld, Germany",52.0191005,8.531007,"Germany",NA,"Bielefeld, Germany",52.0191005,8.531007,"Germany",NA
3144,"Haifa, Israel",32.8191218,34.9983856,"Israel",NA,"Monte Carlo, Monaco",43.7402961,7.426559,"Monaco",NA
3145,"Haifa, Israel",32.8191218,34.9983856,"Israel",NA,"London, United Kingdom",51.4893335,-0.1440551,"United Kingdom",NA
3146,"Haifa, Israel",32.8191218,34.9983856,"Israel",NA,"Tel Aviv, Israel",32.0852997,34.7818064,"Israel",NA
3153,"Kanturk, County Cork, Ireland",52.1876848,-8.9205697,"Ireland",NA,"Dublin, Ireland",53.3493795,-6.2605593,"Ireland",NA
3154,"Tehran, Iran",35.6892523,51.3896004,"Iran",NA,"Lighthouse Point, Florida, United States",26.275636,-80.0872654,"United States","Florida"
3155,"Göteborg, Sweden",57.7072326,11.9670171,"Sweden",NA,"Göteborg, Sweden",57.7072326,11.9670171,"Sweden",NA
3156,"Göteborg, Sweden",57.7072326,11.9670171,"Sweden",NA,"London, United Kingdom",51.4893335,-0.1440551,"United Kingdom",NA
3157,"Paris, France",48.8588897,2.320041,"France",NA,"Honolulu, Hawaii, United States",21.304547,-157.855676,"United States","Hawaii"
3160,"Manila, Philippines",14.5904492,120.9803621,"Philippines",NA,"Manila, Philippines",14.5904492,120.9803621,"Philippines",NA
3161,"Seberang Perai, Penang, Malaysia",5.3538818,100.4572371,"Malaysia",NA,"Kuala Lumpur, Malaysia",3.1526589,101.7022205,"Malaysia",NA
3162,"Johannesburg, South Africa",-26.205,28.049722,"South Africa",NA,"Johannesburg, South Africa",-26.205,28.049722,"South Africa",NA
3164,"Chaozhou, Guangdong, China",23.656593,116.6204223,"China",NA,"Hong Kong, China",22.2793278,114.1628131,"China",NA
3166,"Frankfurt, Germany",50.1106444,8.6820917,"Germany",NA,"Frankfurt, Germany",50.1106444,8.6820917,"Germany",NA
3167,"Scarsdale, New York, United States",40.9880495,-73.7974133,"United States","New York","Miami Beach, Florida, United States",25.7929198,-80.1353006,"United States","Florida"
3168,"Murmansk, Russia",68.970665,33.07497,"Russia",NA,"Murmansk, Russia",68.970665,33.07497,"Russia",NA
3169,"Villamanin, Spain",42.9832524,-5.6950756,"Spain",NA,"A Coruña, Spain",43.3709703,-8.3959425,"Spain",NA
3170,"A Coruña, Spain",43.3709703,-8.3959425,"Spain",NA,"A Coruña, Spain",43.3709703,-8.3959425,"Spain",NA
3176,"New York, New York, United States",40.7127281,-74.0060152,"United States","New York","Greenwich, Connecticut, United States",41.0264862,-73.6284598,"United States","Connecticut"
3177,"Padru, Barmer, Rajasthan, India",25.509906,72.198346,"India",NA,"Mumbai, Maharashtra, India",19.054999,72.8692035,"India",NA
3178,"Ibadan, Nigeria",7.3786064,3.8969928,"Nigeria",NA,"Lagos, Nigeria",6.4550575,3.3941795,"Nigeria",NA
3179,"Tokyo, Japan",35.6768601,139.7638947,"Japan",NA,"Tokyo, Japan",35.6768601,139.7638947,"Japan",NA
3182,"Hamburg, Germany",53.550341,10.000654,"Germany",NA,"Hamburg, Germany",53.550341,10.000654,"Germany",NA
3183,"Hamburg, Germany",53.550341,10.000654,"Germany",NA,"Hamburg, Germany",53.550341,10.000654,"Germany",NA
3186,"Chełmno, Poland",53.3525028,18.4404247,"Poland",NA,"Hamburg, Germany",53.550341,10.000654,"Germany",NA
3187,"Hamburg, Germany",53.550341,10.000654,"Germany",NA,"New York, New York, United States",40.7127281,-74.0060152,"United States","New York"
3188,"Tingtang Village, Xiuyu District, Putian, Fujian, China",25.33333,119.09833,"China",NA,"Shanghai, China",31.2323437,121.4691024,"China",NA
3189,"Tingtang Village, Xiuyu District, Putian, Fujian, China",25.33333,119.09833,"China",NA,"Shanghai, China",31.2323437,121.4691024,"China",NA
3190,"Shunde, Guangdong, China",22.8054891,113.2894243,"China",NA,"Foshan, Guangdong, China",23.0239788,113.1159558,"China",NA
3191,"Columbia, Maryland, United States",39.1938429,-76.8646092,"United States","Maryland","Millburn, New Jersey, United States",40.7244443,-74.3069069,"United States","New Jersey"
3192,"Pittsburgh, Pennsylvania, United States",40.4416941,-79.9900861,"United States","Pennsylvania","Reno, Nevada, United States",39.5261788,-119.812658,"United States","Nevada"
3193,"Diyarbakir, Turkey",37.9162222,40.2363542,"Turkey",NA,"Ankara, Turkey",39.9207759,32.8540497,"Turkey",NA
3194,"Kayseri, Turkey",38.7219011,35.4873214,"Turkey",NA,"Istanbul, Turkey",41.006381,28.9758715,"Turkey",NA
3195,"Mucur, Turkey",39.0602118,34.3800488,"Turkey",NA,"Reno, Nevada, United States",39.5261788,-119.812658,"United States","Nevada"
3197,"İzmir, Turkey",38.23166,27.02997,"Turkey",NA,"Istanbul, Turkey",41.006381,28.9758715,"Turkey",NA
3198,"Sydney, Australia",-33.8698439,151.2082848,"Australia",NA,"Sydney, Australia",-33.8698439,151.2082848,"Australia",NA
3199,"Sydney, Australia",-33.8698439,151.2082848,"Australia",NA,"Los Angeles, California, United States",34.0536909,-118.242766,"United States","California"
3201,"East Lansing, Michigan, United States",42.7320307,-84.4721678,"United States","Michigan","Palo Alto, California, United States",37.4443293,-122.1598465,"United States","California"
3202,"Manipal, Karnataka, India",13.3519723,74.7870308,"India",NA,"Bengaluru, Karnataka, India",12.9767936,77.590082,"India",NA
3203,"Barcelona, Spain",41.3825802,2.177073,"Spain",NA,"Madrid, Spain",40.416782,-3.703507,"Spain",NA
3206,"Los Angeles, California, United States",34.0536909,-118.242766,"United States","California","Beverly Hills, California, United States",34.0696501,-118.3963062,"United States","California"
3207,"Footscray, Victoria, Australia",-37.7981339,144.897345,"Australia",NA,"Brisbane, Queensland, Australia",-27.4689623,153.0235009,"Australia",NA
3211,"Tianshui, Gansu, China",34.6538841,105.8003895,"China",NA,"Beijing, Beijing, China",39.9057136,116.3912972,"China",NA
3214,"Foshan, Guangdong, China",23.0239788,113.1159558,"China",NA,"Foshan, Guangdong, China",23.0239788,113.1159558,"China",NA
3216,"Shaoguan, Guangdong, China",24.8309489,113.8155263,"China",NA,"Hong Kong, China",22.2793278,114.1628131,"China",NA
3217,"Guangzhou, Guangdong, China",23.1301964,113.2592945,"China",NA,"Guangzhou, Guangdong, China",23.1301964,113.2592945,"China",NA
3220,"Foshan, Guangdong, China",23.0239788,113.1159558,"China",NA,"Foshan, Guangdong, China",23.0239788,113.1159558,"China",NA
3221,"Luan, Hebei, China",39.7629676,118.6588085,"China",NA,"Tangshan, Hebei, China",39.6295951,118.1738712,"China",NA
3222,"Bengkayang Regency, Indonesia",1.06911,109.66393,"Indonesia",NA,"Jakarta, Indonesia",-6.1754049,106.827168,"Indonesia",NA
3223,"Vignonet, Gironde, France",44.8489189,-0.1501144,"France",NA,"Paris, France",48.8588897,2.320041,"France",NA
3228,"Mumbai, Maharashtra, India",19.054999,72.8692035,"India",NA,"Mumbai, Maharashtra, India",19.054999,72.8692035,"India",NA
3230,"Mahuva, Gujarat, India",21.0914409,71.7621979,"India",NA,"Mumbai, Maharashtra, India",19.054999,72.8692035,"India",NA
3231,"Mahuva, Gujarat, India",21.0914409,71.7621979,"India",NA,"Mumbai, Maharashtra, India",19.054999,72.8692035,"India",NA
3232,"Nova Bassano, Rio Grande do Sul, Brazil",-28.7304074,-51.7034689,"Brazil",NA,"Manaus, Brazil",-3.1316333,-59.9825041,"Brazil",NA
3233,"Gunsan, Jeollabuk-do, South Korea",35.9679984,126.7369036,"South Korea",NA,"Daejeon, South Korea",36.3497007,127.3849016,"South Korea",NA
3234,"Gwangju, South Korea",35.1594647,126.8515034,"South Korea",NA,"Seoul, South Korea",37.5666791,126.9782914,"South Korea",NA
3236,"Sannae-myeon, Miryang-si, Gyeongsangnam-do, South Korea",35.58976,128.9114,"South Korea",NA,"Gimhae, South Korea",35.2310947,128.8908228,"South Korea",NA
3238,"Herndon, Virginia, United States",38.9695316,-77.3859479,"United States","Virginia","Los Angeles, California, United States",34.0536909,-118.242766,"United States","California"
3239,"Honolulu, Hawaii, United States",21.304547,-157.855676,"United States","Hawaii","New South Wales, Australia",-31.8759835,147.2869493,"Australia",NA
3240,"Baltimore, Maryland, United States",39.2908816,-76.610759,"United States","Maryland","Scottsdale, Arizona, United States",33.4942189,-111.926018,"United States","Arizona"
3243,"Mehsana, Gujarat, India",23.6012628,72.3741516,"India",NA,"Ahmedabad, Gujarat, India",23.0215374,72.5800568,"India",NA
3244,"Bhadran, Gujarat, India",22.3609417,72.8993471,"India",NA,"Ahmedabad, Gujarat, India",23.0215374,72.5800568,"India",NA
3248,"Saskatoon, Saskatchewan, Canada",52.131802,-106.660767,"Canada",NA,"Vancouver, British Columbia, Canada",49.2608724,-123.113952,"Canada",NA
3250,"Cranston, Rhode Island, United States",41.779588,-71.4366813,"United States","Rhode Island","San Francisco, California, United States",37.7792588,-122.4193286,"United States","California"
3251,"Kassel, Germany",51.3157833,9.4978479,"Germany",NA,"Santiago, Chile",-33.4377756,-70.6504502,"Chile",NA
3252,"Stockholm, Sweden",59.3251172,18.0710935,"Sweden",NA,"Lausanne, Switzerland",46.5218269,6.6327025,"Switzerland",NA
3253,"New York, New York, United States",40.7127281,-74.0060152,"United States","New York","New York, New York, United States",40.7127281,-74.0060152,"United States","New York"
3256,"Bogdănești, Romania",47.366711,26.2738643,"Romania",NA,"Bacau, Romania",46.4228703,26.7163991,"Romania",NA
3257,"Bogdănești, Romania",47.366711,26.2738643,"Romania",NA,"Bacau, Romania",46.4228703,26.7163991,"Romania",NA
3258,"London, Ontario, Canada",42.9836747,-81.2496068,"Canada",NA,"New Vernon, New Jersey, United States",40.7369265,-74.4823693,"United States","New Jersey"
3259,"New York, New York, United States",40.7127281,-74.0060152,"United States","New York","McLean, Virginia, United States",38.9366853,-77.185843,"United States","Virginia"
3260,"San Mateo, California, United States",37.496904,-122.3330573,"United States","California","Palo Alto, California, United States",37.4443293,-122.1598465,"United States","California"
3261,"Carbondale, Pennsylvania, United States",41.5723511,-75.5027574,"United States","Pennsylvania","Boca Raton, Florida, United States",26.3586885,-80.0830984,"United States","Florida"
3263,"Montreal, Quebec, Canada",45.5031824,-73.5698065,"Canada",NA,"Montreal, Quebec, Canada",45.5031824,-73.5698065,"Canada",NA
3264,"New York, New York, United States",40.7127281,-74.0060152,"United States","New York","Bedford, New York, United States",41.2041304,-73.642509,"United States","New York"
3266,"Mexico City, Mexico",19.3207722,-99.1514678,"Mexico",NA,"Mexico City, Mexico",19.3207722,-99.1514678,"Mexico",NA
3269,"Wanzhou, Chongqing, China",30.7136179,108.3926525,"China",NA,"Hangzhou, Zhejiang, China",30.2489634,120.2052342,"China",NA
3272,"São Paulo, São Paulo, Brazil",-23.5506507,-46.6333824,"Brazil",NA,"São Paulo, São Paulo, Brazil",-23.5506507,-46.6333824,"Brazil",NA
3273,"Shaker Heights, Ohio, United States",41.4739419,-81.5370671,"United States","Ohio","Birmingham, Michigan, United States",42.5467012,-83.2113192,"United States","Michigan"
3274,"San Carlos, California, United States",37.504936,-122.261823,"United States","California","San Jose, California, United States",37.3361663,-121.890591,"United States","California"
3277,"Clusone, Bergamo, Italy",45.887088,9.949656,"Italy",NA,"Bergamo, Italy",45.7566557,9.7542192,"Italy",NA
3278,"Greensboro, North Carolina, United States",36.0726355,-79.7919754,"United States","North Carolina","New York, New York, United States",40.7127281,-74.0060152,"United States","New York"
3280,"Rio de Janeiro, Rio de Janeiro, Brazil",-22.9110137,-43.2093727,"Brazil",NA,"Rio de Janeiro, Rio de Janeiro, Brazil",-22.9110137,-43.2093727,"Brazil",NA
3281,"Buenos Aires, Argentina",-34.6095579,-58.3887904,"Argentina",NA,"Miami, Florida, United States",25.7741728,-80.19362,"United States","Florida"
3282,"Buenos Aires, Argentina",-34.6095579,-58.3887904,"Argentina",NA,"Buenos Aires, Argentina",-34.6095579,-58.3887904,"Argentina",NA
3283,"Hortaleza, Madrid, Spain",40.4725491,-3.6425515,"Spain",NA,"Madrid, Spain",40.416782,-3.703507,"Spain",NA
3284,"Lainate, Milan, Italy",45.57093,9.0270637,"Italy",NA,"Lugano, Switzerland",46.0050102,8.9520281,"Switzerland",NA
3289,"Perth, Australia",-31.9558967,115.8605784,"Australia",NA,"Sydney, Australia",-33.8698439,151.2082848,"Australia",NA
3292,"Dallas, Texas, United States",32.7762719,-96.7968559,"United States","Texas","Dallas, Texas, United States",32.7762719,-96.7968559,"United States","Texas"
3293,"Pittsburgh, Pennsylvania, United States",40.4416941,-79.9900861,"United States","Pennsylvania","Dallas, Texas, United States",32.7762719,-96.7968559,"United States","Texas"
3294,"Winston-Salem, North Carolina, United States",36.0998131,-80.2440518,"United States","North Carolina","San Francisco, California, United States",37.7792588,-122.4193286,"United States","California"
3295,"Hong Kong, China",22.2793278,114.1628131,"China",NA,"London, United Kingdom",51.4893335,-0.1440551,"United Kingdom",NA
3298,"New Orleans, Louisiana, United States",29.9559145,-90.0730259,"United States","Louisiana","Atlanta, Georgia, United States",33.7544657,-84.3898151,"United States","Georgia"
3299,"Stockholm, Sweden",59.3251172,18.0710935,"Sweden",NA,"Stockholm, Sweden",59.3251172,18.0710935,"Sweden",NA
3302,"Stockholm, Sweden",59.3251172,18.0710935,"Sweden",NA,"Stockholm, Sweden",59.3251172,18.0710935,"Sweden",NA
3303,"Pescara, Pescara, Italy",42.469613,14.2059269,"Italy",NA,"Monte Carlo, Monaco",43.7402961,7.426559,"Monaco",NA
3306,"Budapest, Hungary",47.4813896,19.1460941,"Hungary",NA,"Palm Beach, Florida, United States",26.6279798,-80.4494174,"United States","Florida"
3308,"Los Angeles, California, United States",34.0536909,-118.242766,"United States","California","Zug, Switzerland",47.1486137,8.5539378,"Switzerland",NA
3309,"Orenburg, Russia",51.7671248,55.0978517,"Russia",NA,"Moscow, Russia",55.625578,37.6063916,"Russia",NA
3310,"Sydney, Australia",-33.8698439,151.2082848,"Australia",NA,"Melbourne, Australia",-37.8142454,144.9631732,"Australia",NA
3311,"Belfort, Territoire-de-Belfort, France",47.6379599,6.8628942,"France",NA,"Paris, France",48.8588897,2.320041,"France",NA
3312,"Hanoi, Vietnam",21.0283334,105.854041,"Vietnam",NA,"Hanoi, Vietnam",21.0283334,105.854041,"Vietnam",NA
3317,"Holdenville, Oklahoma, United States",35.0826,-96.3999079,"United States","Oklahoma","Dallas, Texas, United States",32.7762719,-96.7968559,"United States","Texas"
3319,"Zurich, Switzerland",47.3744489,8.5410422,"Switzerland",NA,"Lucerne, Switzerland",47.0505452,8.3054682,"Switzerland",NA
3320,"Bruck an der Mur, Austria",47.4121987,15.2721668,"Austria",NA,"Wels, Austria",48.1565472,14.0243752,"Austria",NA
3321,"Bologna, Italy",44.4938203,11.3426327,"Italy",NA,"St. Moritz, Switzerland",46.4978958,9.8392428,"Switzerland",NA
3322,"Chavara, Kerala, India",8.9753627,76.5350494,"India",NA,"Dubai, United Arab Emirates",25.0742823,55.1885387,"United Arab Emirates",NA
3323,"Les Champs-Geraux, Côtes-d'Armor, France",48.417185,-1.970367,"France",NA,"Paris, France",48.8588897,2.320041,"France",NA
3324,"Kyiv, Ukraine",50.4500336,30.5241361,"Ukraine",NA,"Kyiv, Ukraine",50.4500336,30.5241361,"Ukraine",NA
3325,"Ottignies-Louvain-la-Neuve, Belgium",50.6654216,4.5674107,"Belgium",NA,"Saint-Denis-Bovesse, Belgium",50.5213628,4.7681615,"Belgium",NA
3326,"Chicago, Illinois, United States",41.8755616,-87.6244212,"United States","Illinois","San Francisco, California, United States",37.7792588,-122.4193286,"United States","California"
3327,"Santiago, Chile",-33.4377756,-70.6504502,"Chile",NA,"Santiago, Chile",-33.4377756,-70.6504502,"Chile",NA
3328,"Quixadá, Ceara, Brazil",-4.9706021,-39.0158403,"Brazil",NA,"Fortaleza, Ceará, Brazil",-3.7304512,-38.5217989,"Brazil",NA
3334,"Kensington, Maryland, United States",39.0258405,-77.0750246,"United States","Maryland","Lutherville-Timonium, Maryland, United States",39.4497658,-76.6365839,"United States","Maryland"
3335,"Preston, Lancashire, United Kingdom",53.7593363,-2.6992717,"United Kingdom",NA,"Geneva, Switzerland",46.2017559,6.1466014,"Switzerland",NA
3336,"Berlin, Germany",52.5173885,13.3951309,"Germany",NA,"Heidelberg, Germany",49.4093582,8.694724,"Germany",NA
3337,"Mexico City, Mexico",19.3207722,-99.1514678,"Mexico",NA,"Mexico City, Mexico",19.3207722,-99.1514678,"Mexico",NA
3339,"Guangzhou, Guangdong, China",23.1301964,113.2592945,"China",NA,"Manila, Philippines",14.5904492,120.9803621,"Philippines",NA
3345,"Wurzen, Germany",51.3709574,12.7410574,"Germany",NA,"Ferpicloz, Switzerland",46.7468308,7.1643978,"Switzerland",NA
3348,"Kyiv, Ukraine",50.4500336,30.5241361,"Ukraine",NA,"Chicago, Illinois, United States",41.8755616,-87.6244212,"United States","Illinois"
3349,"La Garenne-Colombes, Hauts-de-Seine, France",48.9069349,2.2465748,"France",NA,"New York, New York, United States",40.7127281,-74.0060152,"United States","New York"
3350,"La Calera, Chile",-32.788981,-71.203546,"Chile",NA,"Santiago, Chile",-33.4377756,-70.6504502,"Chile",NA
3351,"Belgorsk, Ukraine",45.0501249,34.5919799,"Ukraine",NA,"Moscow, Russia",55.625578,37.6063916,"Russia",NA
3352,"Blitar, Indonesia",-8.1311983,112.3115572,"Indonesia",NA,"Jakarta, Indonesia",-6.1754049,106.827168,"Indonesia",NA
3353,"Pune, Maharashtra, India",18.5213738,73.8545071,"India",NA,"Pune, Maharashtra, India",18.5213738,73.8545071,"India",NA
3354,"Yekaterinburg, Russia",56.8382071,60.6007886,"Russia",NA,"Moscow, Russia",55.625578,37.6063916,"Russia",NA
3355,"Bolhrad, Ukraine",45.6779137,28.6132404,"Ukraine",NA,"Kyiv, Ukraine",50.4500336,30.5241361,"Ukraine",NA
3357,"Moscow, Russia",55.625578,37.6063916,"Russia",NA,"Moscow, Russia",55.625578,37.6063916,"Russia",NA
3358,"Geneva, Switzerland",46.2017559,6.1466014,"Switzerland",NA,"London, United Kingdom",51.4893335,-0.1440551,"United Kingdom",NA
3359,"Mikladalur, Denmark",62.3343,-6.7668,"Denmark",NA,"Aarhus, Denmark",56.1496278,10.2134046,"Denmark",NA
3360,"West Milford, New Jersey, United States",41.1312069,-74.3673748,"United States","New Jersey","Palo Alto, California, United States",37.4443293,-122.1598465,"United States","California"
3363,"Milan, Italy",45.4641943,9.1896346,"Italy",NA,"Milan, Italy",45.4641943,9.1896346,"Italy",NA
3364,"Govindpur, Bihar, India",25.1619658,85.4216516,"India",NA,"New Delhi, India",28.6419258,77.2217499,"India",NA
3366,"Bangkok, Thailand",13.7524938,100.4935089,"Thailand",NA,"Bangkok, Thailand",13.7524938,100.4935089,"Thailand",NA
3367,"Melbourne, Australia",-37.8142454,144.9631732,"Australia",NA,"Melbourne, Australia",-37.8142454,144.9631732,"Australia",NA
3371,"Mumbai, Maharashtra, India",19.054999,72.8692035,"India",NA,"Bengaluru, Karnataka, India",12.9767936,77.590082,"India",NA
3373,"Boston, Massachusetts, United States",42.3554334,-71.060511,"United States","Massachusetts","Cleveland, Tennessee, United States",35.1595182,-84.8766115,"United States","Tennessee"
3374,"Dubuque, Iowa, United States",42.5006243,-90.6647985,"United States","Iowa","San Francisco, California, United States",37.7792588,-122.4193286,"United States","California"
3375,"Avellino, Avellino, Italy",40.9141958,14.7888764,"Italy",NA,"Cogliate, Italy",45.6454161,9.0819874,"Italy",NA
3376,"Glen Cove, New York, United States",40.8641845,-73.6319174,"United States","New York","Far Hills, New Jersey, United States",40.684268,-74.6357148,"United States","New Jersey"
3378,"Salt Lake City, Utah, United States",40.7596198,-111.886797,"United States","Utah","Park City, Utah, United States",40.6460921,-111.4979963,"United States","Utah"
3379,"Vienna, Austria",48.2083537,16.3725042,"Austria",NA,"Vienna, Austria",48.2083537,16.3725042,"Austria",NA
3380,"Santa Clara, California, United States",37.3541132,-121.955174,"United States","California","Los Angeles, California, United States",34.0536909,-118.242766,"United States","California"
3381,"Chicago, Illinois, United States",41.8755616,-87.6244212,"United States","Illinois","Marin County, California, United States",38.0409144,-122.6199638,"United States","California"
3383,"Chicago, Illinois, United States",41.8755616,-87.6244212,"United States","Illinois","Springfield, Illinois, United States",39.7990175,-89.6439575,"United States","Illinois"
3384,"Chicago, Illinois, United States",41.8755616,-87.6244212,"United States","Illinois","Los Angeles, California, United States",34.0536909,-118.242766,"United States","California"
3385,"Chicago, Illinois, United States",41.8755616,-87.6244212,"United States","Illinois","Chicago, Illinois, United States",41.8755616,-87.6244212,"United States","Illinois"
3386,"Chicago, Illinois, United States",41.8755616,-87.6244212,"United States","Illinois","San Francisco, California, United States",37.7792588,-122.4193286,"United States","California"
3387,"Oberlin, Ohio, United States",41.2939386,-82.2173786,"United States","Ohio","Missoula, Montana, United States",46.8701049,-113.995267,"United States","Montana"
3389,"Chicago, Illinois, United States",41.8755616,-87.6244212,"United States","Illinois","Nicasio, California, United States",38.0615885,-122.6985975,"United States","California"
3390,"Chicago, Illinois, United States",41.8755616,-87.6244212,"United States","Illinois","Chicago, Illinois, United States",41.8755616,-87.6244212,"United States","Illinois"
3392,"Chicago, Illinois, United States",41.8755616,-87.6244212,"United States","Illinois","Chicago, Illinois, United States",41.8755616,-87.6244212,"United States","Illinois"
3393,"Chicago, Illinois, United States",41.8755616,-87.6244212,"United States","Illinois","Concord, Massachusetts, United States",42.4605189,-71.3488963,"United States","Massachusetts"
3394,"Oberlin, Ohio, United States",41.2939386,-82.2173786,"United States","Ohio","Branford, Connecticut, United States",41.2795414,-72.8150989,"United States","Connecticut"
3396,"Moscow, Russia",55.625578,37.6063916,"Russia",NA,"Frauenfeld, Switzerland",47.5561915,8.8963347,"Switzerland",NA
3397,"Athens, Greece",37.9755648,23.7348324,"Greece",NA,"Monaco, Monaco",43.7323492,7.4276832,"Monaco",NA
3401,"Neuilly-sur-Seine, Hauts-de-Seine, France",48.884683,2.2695658,"France",NA,"Martigny, Switzerland",46.103115,7.0727354,"Switzerland",NA
3404,"Ulan-Ude, Russia",51.8357841,107.5839105,"Russia",NA,"Moscow, Russia",55.625578,37.6063916,"Russia",NA
3406,"Tyumen, Russia",57.153534,65.542274,"Russia",NA,"Moscow, Russia",55.625578,37.6063916,"Russia",NA
3407,"Rudong County, Nantong, Jiangsu, China",32.3339582,121.1802502,"China",NA,"Singapore, Singapore",1.357107,103.8194992,"Singapore",NA
3408,"Hangzhou, Zhejiang, China",30.2489634,120.2052342,"China",NA,"Hangzhou, Zhejiang, China",30.2489634,120.2052342,"China",NA
3412,"Nanyang, Henan, China",33.0010496,112.5292693,"China",NA,"Nanyang, Henan, China",33.0010496,112.5292693,"China",NA
3416,"Nanyang, Henan, China",33.0010496,112.5292693,"China",NA,"Nanyang, Henan, China",33.0010496,112.5292693,"China",NA
3418,"Beijing, Beijing, China",39.9057136,116.3912972,"China",NA,"Beijing, Beijing, China",39.9057136,116.3912972,"China",NA
3420,"Dongyang, Zhejiang, China",29.2924528,120.2372669,"China",NA,"Hangzhou, Zhejiang, China",30.2489634,120.2052342,"China",NA
3422,"Wenzhou, China, China",27.99942,120.66682,"China",NA,"Wenzhou, Zhejiang, China",27.9963899,120.695345,"China",NA
3424,"Panzhihua, Sichuan, China",26.5860102,101.7179276,"China",NA,"Shenzhen, Guangdong, China",22.5445741,114.0545429,"China",NA
3430,"Bad Homburg, Germany",50.2363508,8.5980265,"Germany",NA,"Frankfurt, Germany",50.1106444,8.6820917,"Germany",NA
3431,"Shuangliu District, Chengdu, Sichuan, China",30.5775386,103.9212532,"China",NA,"Chengdu, Sichuan, China",30.659867,104.063315,"China",NA
3432,"Singapore, Singapore",1.357107,103.8194992,"Singapore",NA,"Kuala Lumpur, Malaysia",3.1526589,101.7022205,"Malaysia",NA
3433,"Derrylin, Northern Ireland, United Kingdom",54.1950641,-7.5700848,"United Kingdom",NA,"Fermanagh, Ireland",54.3243995,-7.7223985,"Ireland",NA
3435,"Kano, Nigeria",11.9939978,8.5219738,"Nigeria",NA,"Lagos, Nigeria",6.4550575,3.3941795,"Nigeria",NA
3436,"Kadipaten, Majalengka, Indonesia",-6.7639727,108.1694122,"Indonesia",NA,"Jakarta, Indonesia",-6.1754049,106.827168,"Indonesia",NA
3437,"Odessa, Ukraine",46.4843023,30.7322878,"Ukraine",NA,"Miami, Florida, United States",25.7741728,-80.19362,"United States","Florida"
3439,"Cranston, Rhode Island, United States",41.779588,-71.4366813,"United States","Rhode Island","Providence, Rhode Island, United States",41.8239891,-71.4128343,"United States","Rhode Island"
3440,"Phoenix, Arizona, United States",33.4484367,-112.074141,"United States","Arizona","Boston, Massachusetts, United States",42.3554334,-71.060511,"United States","Massachusetts"
3443,"Moscow, Russia",55.625578,37.6063916,"Russia",NA,"Moscow, Russia",55.625578,37.6063916,"Russia",NA
3444,"New York, New York, United States",40.7127281,-74.0060152,"United States","New York","New York, New York, United States",40.7127281,-74.0060152,"United States","New York"
3448,"Kumbakkonam, Tamil Nadu, India",10.9576127,79.3809442,"India",NA,"Chennai, Tamil Nadu, India",13.0836939,80.270186,"India",NA
3450,"Ufa, Russia",54.7261409,55.947499,"Russia",NA,"Ufa, Russia",54.7261409,55.947499,"Russia",NA
3451,"Pittsburgh, Pennsylvania, United States",40.4416941,-79.9900861,"United States","Pennsylvania","Potomac, Maryland, United States",39.0180508,-77.1956331,"United States","Maryland"
3452,"Pittsburgh, Pennsylvania, United States",40.4416941,-79.9900861,"United States","Pennsylvania","Santa Barbara, California, United States",34.4221319,-119.702667,"United States","California"
3453,"Alameda, California, United States",37.6090291,-121.899142,"United States","California","Sacramento, California, United States",38.5810606,-121.493895,"United States","California"
3458,"Abbeville, Alabama, United States",31.5702088,-85.2503315,"United States","Alabama","Abbeville, Alabama, United States",31.5702088,-85.2503315,"United States","Alabama"
3459,"Rajam, Andhra Pradesh, India",18.4497559,83.6564679,"India",NA,"Bengaluru, Karnataka, India",12.9767936,77.590082,"India",NA
3460,"Kudikilla Village, Kolhapur Mandal, Mahbubnagar District, Telangana, India",16.10683,78.32006,"India",NA,"Hyderabad, Telangana, India",17.360589,78.4740613,"India",NA
3463,"Nova Kakhovka, Ukraine",46.7583404,33.3566678,"Ukraine",NA,"Lugano, Switzerland",46.0050102,8.9520281,"Switzerland",NA
3464,"Magnitogorsk, Chelyabinsk, Russia",53.4256867,59.0507322,"Russia",NA,"Magnitogorsk, Chelyabinsk, Russia",53.4256867,59.0507322,"Russia",NA
3469,"Failsworth, United Kingdom",53.5078105,-2.1618643,"United Kingdom",NA,"London, United Kingdom",51.4893335,-0.1440551,"United Kingdom",NA
3471,"Lund, Sweden",55.7029296,13.1929449,"Sweden",NA,"London, United Kingdom",51.4893335,-0.1440551,"United Kingdom",NA
3474,"Lund, Sweden",55.7029296,13.1929449,"Sweden",NA,"Surrey, United Kingdom",51.2715316,-0.3414524,"United Kingdom",NA
3476,"Lund, Sweden",55.7029296,13.1929449,"Sweden",NA,"Newmarket, United Kingdom",52.2443103,0.4065503,"United Kingdom",NA
3477,"Azhikode, Kerala, India",11.9264746,75.3231406,"India",NA,"Bengaluru, Karnataka, India",12.9767936,77.590082,"India",NA
3479,"Waukegan, Illinois, United States",42.3602273,-87.8318164,"United States","Illinois","San Francisco, California, United States",37.7792588,-122.4193286,"United States","California"
3481,"Chicago, Illinois, United States",41.8755616,-87.6244212,"United States","Illinois","East Hampton, New York, United States",40.9633868,-72.1847598,"United States","New York"
3482,"Bengaluru, Karnataka, India",12.9767936,77.590082,"India",NA,"Bengaluru, Karnataka, India",12.9767936,77.590082,"India",NA
3485,"Manila, Philippines",14.5904492,120.9803621,"Philippines",NA,"Manila, Philippines",14.5904492,120.9803621,"Philippines",NA
3486,"Aït Mahmoud, Algeria",36.6101802,4.119514,"Algeria",NA,"Algiers, Algeria",36.7729333,3.0588445,"Algeria",NA
3488,"Aragonda, Andhra Pradesh, India",13.2817717,78.9563956,"India",NA,"Chennai, Tamil Nadu, India",13.0836939,80.270186,"India",NA
3492,"Kothur Village, Nellore District, Andhra Pradesh, India",14.856211,80.0256112,"India",NA,"Hyderabad, Telangana, India",17.360589,78.4740613,"India",NA
3494,"Dokiparru, Andhra Pradesh, India",16.2998388,81.0522473,"India",NA,"Hyderabad, Telangana, India",17.360589,78.4740613,"India",NA
3495,"Khammam, Andhra Pradesh, India",17.076944,81.2991746,"India",NA,"Hyderabad, Telangana, India",17.360589,78.4740613,"India",NA
3496,"Boston, Massachusetts, United States",42.3554334,-71.060511,"United States","Massachusetts","Beverly Hills, California, United States",34.0696501,-118.3963062,"United States","California"
3497,"Sunderland, United Kingdom",54.9058512,-1.3828727,"United Kingdom",NA,"London, United Kingdom",51.4893335,-0.1440551,"United Kingdom",NA
3498,"Pittsburgh, Pennsylvania, United States",40.4416941,-79.9900861,"United States","Pennsylvania","New Canaan, Connecticut, United States",41.146763,-73.4948446,"United States","Connecticut"
3499,"Dallas, Texas, United States",32.7762719,-96.7968559,"United States","Texas","Dallas, Texas, United States",32.7762719,-96.7968559,"United States","Texas"
3500,"Antwerp, Belgium",51.2211097,4.3997081,"Belgium",NA,"Meggen, Switzerland",47.0470746,8.3733992,"Switzerland",NA
3506,"Toronto, Ontario, Canada",43.6534817,-79.3839347,"Canada",NA,"Raleigh, North Carolina, United States",35.7803977,-78.6390989,"United States","North Carolina"
3508,"New York, New York, United States",40.7127281,-74.0060152,"United States","New York","Chicago, Illinois, United States",41.8755616,-87.6244212,"United States","Illinois"
3509,"Toronto, Ontario, Canada",43.6534817,-79.3839347,"Canada",NA,"Toronto, Ontario, Canada",43.6534817,-79.3839347,"Canada",NA
3510,"Trondheim, Norway",63.4304475,10.3952118,"Norway",NA,"Trondheim, Norway",63.4304475,10.3952118,"Norway",NA
3511,"Hangzhou, Zhejiang, China",30.2489634,120.2052342,"China",NA,"Hangzhou, Zhejiang, China",30.2489634,120.2052342,"China",NA
3514,"Zhenjiang, Jiangsu, China",32.1891959,119.4200069,"China",NA,"Jiangyin, Jiangsu, China",31.9215518,120.2808847,"China",NA
3515,"Anshun, Guizhou, China",26.254911,105.9437773,"China",NA,"Shenzhen, Guangdong, China",22.5445741,114.0545429,"China",NA
3516,"New York, New York, United States",40.7127281,-74.0060152,"United States","New York","New York, New York, United States",40.7127281,-74.0060152,"United States","New York"
3517,"Moscow, Russia",55.625578,37.6063916,"Russia",NA,"Moscow, Russia",55.625578,37.6063916,"Russia",NA
3518,"New York, New York, United States",40.7127281,-74.0060152,"United States","New York","Windermere, Florida, United States",28.4944695,-81.5345547,"United States","Florida"
3519,"Baltimore, Maryland, United States",39.2908816,-76.610759,"United States","Maryland","Beverly Hills, California, United States",34.0696501,-118.3963062,"United States","California"
3520,"New York, New York, United States",40.7127281,-74.0060152,"United States","New York","Beverly Hills, California, United States",34.0696501,-118.3963062,"United States","California"
3521,"Washington, District of Columbia, United States",38.8950368,-77.0365427,"United States","District of Columbia","Los Angeles, California, United States",34.0536909,-118.242766,"United States","California"
3522,"Mumbai, Maharashtra, India",19.054999,72.8692035,"India",NA,"London, United Kingdom",51.4893335,-0.1440551,"United Kingdom",NA
3523,"Mumbai, Maharashtra, India",19.054999,72.8692035,"India",NA,"Monaco, Monaco",43.7323492,7.4276832,"Monaco",NA
3524,"Rosario, Argentina",-32.9593609,-60.6617024,"Argentina",NA,"Madrid, Spain",40.416782,-3.703507,"Spain",NA
3525,"Washington, District of Columbia, United States",38.8950368,-77.0365427,"United States","District of Columbia","Palm Beach, Florida, United States",26.6279798,-80.4494174,"United States","Florida"
3526,"Washington, District of Columbia, United States",38.8950368,-77.0365427,"United States","District of Columbia","Hobe Sound, Florida, United States",27.080492,-80.139918,"United States","Florida"
3527,"Washington, District of Columbia, United States",38.8950368,-77.0365427,"United States","District of Columbia","Palm Beach, Florida, United States",26.6279798,-80.4494174,"United States","Florida"
3529,"Malang, East Java, Indonesia",-7.9771308,112.6340265,"Indonesia",NA,"Jakarta, Indonesia",-6.1754049,106.827168,"Indonesia",NA
3530,"Rio de Janeiro, Rio de Janeiro, Brazil",-22.9110137,-43.2093727,"Brazil",NA,"Rondonopolis, Brazil",-16.4603533,-54.6397099,"Brazil",NA
3531,"Fortaleza, Ceará, Brazil",-3.7304512,-38.5217989,"Brazil",NA,"São Paulo, São Paulo, Brazil",-23.5506507,-46.6333824,"Brazil",NA
3532,"Madrid, Spain",40.416782,-3.703507,"Spain",NA,"Madrid, Spain",40.416782,-3.703507,"Spain",NA
3533,"Madrid, Spain",40.416782,-3.703507,"Spain",NA,"Madrid, Spain",40.416782,-3.703507,"Spain",NA
3536,"Buffalo, New York, United States",42.8867166,-78.8783922,"United States","New York","Islamorada, Florida, United States",24.9236561,-80.6291479,"United States","Florida"
3537,"Tuttle, Oklahoma, United States",35.2908947,-97.8122658,"United States","Oklahoma","Edmond, Oklahoma, United States",35.6571367,-97.4649038,"United States","Oklahoma"
3540,"Nebraska City, Nebraska, United States",40.676526,-95.858694,"United States","Nebraska","Little Jackson Hole, Wyoming, United States",43.58223,-110.836858,"United States","Wyoming"
3541,"Treheme, Manitoba, Canada",54.92876727,-97.43101687,"Canada",NA,"Calgary, Alberta, Canada",51.0456064,-114.057541,"Canada",NA
3547,"St. Louis, Missouri, United States",38.6280278,-90.1910154,"United States","Missouri","St. Louis, Missouri, United States",38.6280278,-90.1910154,"United States","Missouri"
3551,"Arlington Heights, Illinois, United States",42.0811563,-87.9802164,"United States","Illinois","Alpine, New Jersey, United States",40.94855,-73.9281139,"United States","New Jersey"
3552,"Houston, Texas, United States",29.7589382,-95.3676974,"United States","Texas","Atherton, California, United States",37.453773,-122.2058272,"United States","California"
3553,"Philadelphia, Pennsylvania, United States",39.9527237,-75.1635262,"United States","Pennsylvania","Philadelphia, Pennsylvania, United States",39.9527237,-75.1635262,"United States","Pennsylvania"
3554,"Salisbury, North Carolina, United States",35.6709727,-80.4742261,"United States","North Carolina","Locust Valley, New York, United States",40.8775225,-73.5723052,"United States","New York"
3556,"Milan, Italy",45.4641943,9.1896346,"Italy",NA,"Milan, Italy",45.4641943,9.1896346,"Italy",NA
3557,"Milan, Italy",45.4641943,9.1896346,"Italy",NA,"Buenos Aires, Argentina",-34.6095579,-58.3887904,"Argentina",NA
3559,"Caraúbas, Rio Grande do Norte, Brazil",-5.7889323,-37.5548751,"Brazil",NA,"Natal, Brazil",-5.805398,-35.2080905,"Brazil",NA
3560,"L'Isle-Adam, Val-d'Oise, France",49.1125294,2.2186324,"France",NA,"Rennes, France",48.1113387,-1.6800198,"France",NA
3561,"Rennes, France",48.1113387,-1.6800198,"France",NA,"Rennes, France",48.1113387,-1.6800198,"France",NA
3566,"Los Angeles, California, United States",34.0536909,-118.242766,"United States","California","San Francisco, California, United States",37.7792588,-122.4193286,"United States","California"
3567,"Arequipa, Peru",-16.3988667,-71.5369607,"Peru",NA,"Lima, Peru",-12.0459808,-77.0305912,"Peru",NA
3568,"Arequipa, Peru",-16.3988667,-71.5369607,"Peru",NA,"Lima, Peru",-12.0459808,-77.0305912,"Peru",NA
3569,"Lima, Peru",-12.0459808,-77.0305912,"Peru",NA,"Lima, Peru",-12.0459808,-77.0305912,"Peru",NA
3570,"Buenos Aires, Argentina",-34.6095579,-58.3887904,"Argentina",NA,"Buenos Aires, Argentina",-34.6095579,-58.3887904,"Argentina",NA
3571,"Tula, Tula Oblast, Russia",54.1930321,37.61754,"Russia",NA,"St. Petersburg, Russia",59.938732,30.316229,"Russia",NA
3572,"Boston, Massachusetts, United States",42.3554334,-71.060511,"United States","Massachusetts","Chicago, Illinois, United States",41.8755616,-87.6244212,"United States","Illinois"
3574,"London, United Kingdom",51.4893335,-0.1440551,"United Kingdom",NA,"Toronto, Ontario, Canada",43.6534817,-79.3839347,"Canada",NA
3575,"Jackson, Tennessee, United States",35.6144446,-88.8177418,"United States","Tennessee","Atlanta, Georgia, United States",33.7544657,-84.3898151,"United States","Georgia"
3576,"Pueblo Nuevo, Valencia, Spain",39.0915508,-0.5430742,"Spain",NA,"Valencia, Spain",39.4697065,-0.3763353,"Spain",NA
3577,"Valencia, Spain",39.4697065,-0.3763353,"Spain",NA,"Valencia, Spain",39.4697065,-0.3763353,"Spain",NA
3578,"Molde, Norway",62.6016257,8.1386208,"Norway",NA,"Vettre, Norway",59.8239244,10.4662329,"Norway",NA
3579,"London, United Kingdom",51.4893335,-0.1440551,"United Kingdom",NA,"London, United Kingdom",51.4893335,-0.1440551,"United Kingdom",NA
3580,"Ringgold, Georgia, United States",34.91591,-85.1091173,"United States","Georgia","Atlanta, Georgia, United States",33.7544657,-84.3898151,"United States","Georgia"
3581,"Ringgold, Georgia, United States",34.91591,-85.1091173,"United States","Georgia","Atlanta, Georgia, United States",33.7544657,-84.3898151,"United States","Georgia"
3583,"Paris, France",48.8588897,2.320041,"France",NA,"Paris, France",48.8588897,2.320041,"France",NA
3585,"Shanghai, China",31.2323437,121.4691024,"China",NA,"Hong Kong, China",22.2793278,114.1628131,"China",NA
3586,"Saint-Priest-Taurion, Haute-Vienne, France",45.8863817,1.397452,"France",NA,"Paris, France",48.8588897,2.320041,"France",NA
3589,"New York, New York, United States",40.7127281,-74.0060152,"United States","New York","Los Angeles, California, United States",34.0536909,-118.242766,"United States","California"
3590,"Oklahoma City, Oklahoma, United States",35.4729886,-97.5170536,"United States","Oklahoma","Los Angeles, California, United States",34.0536909,-118.242766,"United States","California"
3591,"Detroit, Michigan, United States",42.3315509,-83.046640300000007,"United States","Michigan","New York, New York, United States",40.7127281,-74.0060152,"United States","New York"
3593,"Weehawken, New Jersey, United States",40.7695457,-74.0204177,"United States","New Jersey","Palm Beach, Florida, United States",26.6279798,-80.4494174,"United States","Florida"
3595,"Hanover, Germany",52.3744779,9.7385532,"Germany",NA,"Lower-Saxony, Germany",52.8398531,9.075962,"Germany",NA
3596,"Brugine, Padua, Italy",45.296592,11.995113,"Italy",NA,"Bassano del Grappa, Vicenza, Italy",45.7669109,11.7343469,"Italy",NA
3597,"Montreal, Quebec, Canada",45.5031824,-73.5698065,"Canada",NA,"Montreal, Quebec, Canada",45.5031824,-73.5698065,"Canada",NA
3598,"Chicago, Illinois, United States",41.8755616,-87.6244212,"United States","Illinois","Chicago, Illinois, United States",41.8755616,-87.6244212,"United States","Illinois"
3599,"St. Petersburg, Russia",59.938732,30.316229,"Russia",NA,"Moscow, Russia",55.625578,37.6063916,"Russia",NA
3600,"St. Petersburg, Russia",59.938732,30.316229,"Russia",NA,"Moscow, Russia",55.625578,37.6063916,"Russia",NA
3601,"St. Petersburg, Russia",59.938732,30.316229,"Russia",NA,"Moscow, Russia",55.625578,37.6063916,"Russia",NA
3602,"New York, New York, United States",40.7127281,-74.0060152,"United States","New York","New York, New York, United States",40.7127281,-74.0060152,"United States","New York"
3606,"Landebia, Côtes-d'Armor, France",48.513966,-2.336892,"France",NA,"Paris, France",48.8588897,2.320041,"France",NA
3607,"Spolaïta, Greece",38.6971112,21.3469071,"Greece",NA,"Arendonk, Belgium",51.3202315,5.0864557,"Belgium",NA
3608,"Casanova Lonati, Pavia, Italy",45.094464,9.2134516,"Italy",NA,"Monza, Italy",45.6395418,9.2788304,"Italy",NA
3609,"Mukacheve, Ukraine",48.4405084,22.7220329,"Ukraine",NA,"New York, New York, United States",40.7127281,-74.0060152,"United States","New York"
3613,"El Paso, Texas, United States",31.7601164,-106.4870404,"United States","Texas","Dallas, Texas, United States",32.7762719,-96.7968559,"United States","Texas"
3614,"Suzhou, Jiangsu, China",31.311123,120.6212881,"China",NA,"Suzhou, Jiangsu, China",31.311123,120.6212881,"China",NA
3615,"Cixi, Zhejiang, China",30.1730437,121.2623259,"China",NA,"Ningbo, Zhejiang, China",29.8622194,121.6203873,"China",NA
3619,"Shangyu, Zhejiang, China",30.0357,120.8640628,"China",NA,"Shangyu, Zhejiang, China",30.0357,120.8640628,"China",NA
3621,"Baltimore, Maryland, United States",39.2908816,-76.610759,"United States","Maryland","Bethesda, Maryland, United States",38.9812726,-77.1233587,"United States","Maryland"
3622,"Philadelphia, Pennsylvania, United States",39.9527237,-75.1635262,"United States","Pennsylvania","Bryn Mawr, Pennsylvania, United States",40.0238245,-75.3173407,"United States","Pennsylvania"
3624,"Amarillo, Texas, United States",35.20729,-101.8371192,"United States","Texas","Las Vegas, Nevada, United States",36.1674263,-115.1484131,"United States","Nevada"
3625,"Como, Como, Italy",45.8115623,9.0830353,"Italy",NA,"Como, Italy",45.9394759,9.1494101,"Italy",NA
3629,"Miami Beach, Florida, United States",25.7929198,-80.1353006,"United States","Florida","Coral Gables, Florida, United States",25.7331105,-80.2585107,"United States","Florida"
3630,"Dhulia, Maharashtra, India",20.9013,74.77737,"India",NA,"Mumbai, Maharashtra, India",19.054999,72.8692035,"India",NA
3631,"Kabatoro, Kasese, Uganda",-0.159167,29.951944,"Uganda",NA,"Kampala, Uganda",0.3177137,32.5813539,"Uganda",NA
3633,"Stellenbosch, South Africa",-33.934444,18.869167,"South Africa",NA,"Cape Town, South Africa",-33.9288301,18.4172197,"South Africa",NA
3634,"Newport Beach, California, United States",33.6170092,-117.9294401,"United States","California","Orlando, Florida, United States",28.5421109,-81.3790304,"United States","Florida"
3636,"Milwaukee, Wisconsin, United States",43.0386475,-87.9090751,"United States","Wisconsin","Winnetka, Illinois, United States",42.1080703,-87.7365286,"United States","Illinois"
3637,"Magnitogorsk, Chelyabinsk, Russia",53.4256867,59.0507322,"Russia",NA,"Moscow, Russia",55.625578,37.6063916,"Russia",NA
3638,"Perm, Russia",58.0108531,56.2318528,"Russia",NA,"Monaco, Monaco",43.7323492,7.4276832,"Monaco",NA
3640,"Gunwi-gun, Gyeongsangbuk-do, South Korea",36.1181736,128.5725455,"South Korea",NA,"Busan, South Korea",35.1799528,129.0752365,"South Korea",NA
3641,"Durban, South Africa",-29.861825,31.009909,"South Africa",NA,"Durban, South Africa",-29.861825,31.009909,"South Africa",NA
3644,"Beirut, Lebanon",33.8892265,35.5025585,"Lebanon",NA,"Marseille, France",43.2961743,5.3699525,"France",NA
3645,"Beirut, Lebanon",33.8892265,35.5025585,"Lebanon",NA,"Marseille, France",43.2961743,5.3699525,"France",NA
3646,"Beirut, Lebanon",33.8892265,35.5025585,"Lebanon",NA,"Marseille, France",43.2961743,5.3699525,"France",NA
3648,"Alexandria, Egypt",31.1991806,29.8951716,"Egypt",NA,"Beverly Hills, California, United States",34.0696501,-118.3963062,"United States","California"
3653,"Adana, Turkey",36.9863599,35.3252861,"Turkey",NA,"Istanbul, Turkey",41.006381,28.9758715,"Turkey",NA
3654,"Akçakaya, Kayseri, Turkey",38.649082,35.572075,"Turkey",NA,"Istanbul, Turkey",41.006381,28.9758715,"Turkey",NA
3656,"Adana, Turkey",36.9863599,35.3252861,"Turkey",NA,"Istanbul, Turkey",41.006381,28.9758715,"Turkey",NA
3657,"Istanbul, Turkey",41.006381,28.9758715,"Turkey",NA,"Istanbul, Turkey",41.006381,28.9758715,"Turkey",NA
3658,"Istanbul, Turkey",41.006381,28.9758715,"Turkey",NA,"Istanbul, Turkey",41.006381,28.9758715,"Turkey",NA
3660,"Lockport, New York, United States",43.1687104,-78.696567,"United States","New York","Truckee, California, United States",39.3279454,-120.1835765,"United States","California"
3661,"Johannesburg, South Africa",-26.205,28.049722,"South Africa",NA,"Johannesburg, South Africa",-26.205,28.049722,"South Africa",NA
3667,"Beirut, Lebanon",33.8892265,35.5025585,"Lebanon",NA,"Geneva, Switzerland",46.2017559,6.1466014,"Switzerland",NA
3668,"Porto Alegre, Rio Grande do Sul, Brazil",-30.0324999,-51.2303767,"Brazil",NA,"Geneva, Switzerland",46.2017559,6.1466014,"Switzerland",NA
3670,"Athens, Greece",37.9755648,23.7348324,"Greece",NA,"Crans-Montana, Switzerland",46.3304899,7.5264358,"Switzerland",NA
3672,"Osaka, Japan",34.6937569,135.5014539,"Japan",NA,"Tokyo, Japan",35.6768601,139.7638947,"Japan",NA
3673,"Los Angeles, California, United States",34.0536909,-118.242766,"United States","California","Los Angeles, California, United States",34.0536909,-118.242766,"United States","California"
3674,"Tel Aviv, Israel",32.0852997,34.7818064,"Israel",NA,"Tel Aviv, Israel",32.0852997,34.7818064,"Israel",NA
3677,"Ankara, Turkey",39.9207759,32.8540497,"Turkey",NA,"Istanbul, Turkey",41.006381,28.9758715,"Turkey",NA
3678,"Ankara, Turkey",39.9207759,32.8540497,"Turkey",NA,"Istanbul, Turkey",41.006381,28.9758715,"Turkey",NA
3680,"Iskenderun, Turkey",36.5902266,36.1710354,"Turkey",NA,"Mainz, Germany",49.9995205,8.2736253,"Germany",NA
3685,"Kawabe District, Hyōgo, Japan",35.48655821,137.0706301,"Japan",NA,"Tokyo, Japan",35.6768601,139.7638947,"Japan",NA
3686,"Dubai, United Arab Emirates",25.0742823,55.1885387,"United Arab Emirates",NA,"Dubai, United Arab Emirates",25.0742823,55.1885387,"United Arab Emirates",NA
3687,"Vasaras, Sparta, Greece",37.1687793,22.5064307,"Greece",NA,"Milton, Massachusetts, United States",42.2501425,-71.065573,"United States","Massachusetts"
3690,"Rome, Italy",41.8933203,12.4829321,"Italy",NA,"Rome, Italy",41.8933203,12.4829321,"Italy",NA
3691,"Rome, Italy",41.8933203,12.4829321,"Italy",NA,"Paris, France",48.8588897,2.320041,"France",NA
3692,"Rockford, Illinois, United States",42.2713945,-89.093966,"United States","Illinois","Cary, North Carolina, United States",35.7882893,-78.7812081,"United States","North Carolina"
3693,"Washington, District of Columbia, United States",38.8950368,-77.0365427,"United States","District of Columbia","São Paulo, São Paulo, Brazil",-23.5506507,-46.6333824,"Brazil",NA
3695,"Buffalo, New York, United States",42.8867166,-78.8783922,"United States","New York","Newport Beach, California, United States",33.6170092,-117.9294401,"United States","California"
3696,"Svalöv, Sweden",55.9129297,13.1197518,"Sweden",NA,"Oberägeri, Switzerland",47.1347395,8.6132732,"Switzerland",NA
3697,"Cologne, Germany",50.938361,6.959974,"Germany",NA,"Munich, Germany",48.1371079,11.5753822,"Germany",NA
3698,"Cologne, Germany",50.938361,6.959974,"Germany",NA,"Munich, Germany",48.1371079,11.5753822,"Germany",NA
3699,"Cologne, Germany",50.938361,6.959974,"Germany",NA,"Munich, Germany",48.1371079,11.5753822,"Germany",NA
3701,"Washington, District of Columbia, United States",38.8950368,-77.0365427,"United States","District of Columbia","Menlo Park, California, United States",37.4519671,-122.177992,"United States","California"
3707,"Peace River, Alberta, Canada",56.2337111,-117.2910839,"Canada",NA,"Blaine, Washington, United States",48.9881108,-122.743575,"United States","Washington"
3708,"Bellingham, Washington, United States",48.7544012,-122.478836,"United States","Washington","Bellingham, Washington, United States",48.7544012,-122.478836,"United States","Washington"
3709,"Saint Paul, Minnesota, United States",44.9497487,-93.0931028,"United States","Minnesota","Sioux Falls, South Dakota, United States",43.5476008,-96.7293629,"United States","South Dakota"
3712,"New York, New York, United States",40.7127281,-74.0060152,"United States","New York","New York, New York, United States",40.7127281,-74.0060152,"United States","New York"
3714,"New York, New York, United States",40.7127281,-74.0060152,"United States","New York","New York, New York, United States",40.7127281,-74.0060152,"United States","New York"
3717,"Tbilisi, Georgia",41.6934591,44.8014495,"Georgia",NA,"New York, New York, United States",40.7127281,-74.0060152,"United States","New York"
3718,"Montelepre, Sicily, Italy",38.0889639,13.1713433,"Italy",NA,"Montreal, Quebec, Canada",45.5031824,-73.5698065,"Canada",NA
3719,"Montelepre, Sicily, Italy",38.0889639,13.1713433,"Italy",NA,"Montreal, Quebec, Canada",45.5031824,-73.5698065,"Canada",NA
3721,"New Delhi, India",28.6419258,77.2217499,"India",NA,"Atlanta, Georgia, United States",33.7544657,-84.3898151,"United States","Georgia"
3722,"Jakarta, Indonesia",-6.1754049,106.827168,"Indonesia",NA,"Jakarta, Indonesia",-6.1754049,106.827168,"Indonesia",NA
3723,"Moscow, Russia",55.625578,37.6063916,"Russia",NA,"Moscow, Russia",55.625578,37.6063916,"Russia",NA
3724,"Moscow, Russia",55.625578,37.6063916,"Russia",NA,"Moscow, Russia",55.625578,37.6063916,"Russia",NA
3726,"Bogotá, Colombia",4.6533817,-74.0836331,"Colombia",NA,"Bogotá, Colombia",4.6533817,-74.0836331,"Colombia",NA
3727,"Cairo, Egypt",30.0443879,31.2357257,"Egypt",NA,"Houston, Texas, United States",29.7589382,-95.3676974,"United States","Texas"
3730,"Tokyo, Japan",35.6768601,139.7638947,"Japan",NA,"Tokyo, Japan",35.6768601,139.7638947,"Japan",NA
3732,"Tomioka, Gunma, Japan",36.2598266,138.8899792,"Japan",NA,"Tokyo, Japan",35.6768601,139.7638947,"Japan",NA
3733,"Washington, District of Columbia, United States",38.8950368,-77.0365427,"United States","District of Columbia","Chevy Chase, Maryland, United States",38.9813699,-77.0849245,"United States","Maryland"
3734,"São Paulo, São Paulo, Brazil",-23.5506507,-46.6333824,"Brazil",NA,"Singapore, Singapore",1.357107,103.8194992,"Singapore",NA
3736,"Santa, Tsalka Municipality, Georgia",41.6511955,44.0149365,"Georgia",NA,"Rostov-on-Don, Russia",47.2610441,39.7249086,"Russia",NA
3738,"Tahta, Sohag Governorate, Egypt",26.7676025,31.4955936,"Egypt",NA,"Cairo, Egypt",30.0443879,31.2357257,"Egypt",NA
3739,"Aswan, Egypt",24.091071,32.897306,"Egypt",NA,"Cairo, Egypt",30.0443879,31.2357257,"Egypt",NA
3740,"Sohag, Sohag Governorate, Egypt",26.547748,31.699263,"Egypt",NA,"Cairo, Egypt",30.0443879,31.2357257,"Egypt",NA
3741,"Sohag, Sohag Governorate, Egypt",26.547748,31.699263,"Egypt",NA,"Cairo, Egypt",30.0443879,31.2357257,"Egypt",NA
3742,"Lincoln, Nebraska, United States",40.8088861,-96.7077751,"United States","Nebraska","Miami, Florida, United States",25.7741728,-80.19362,"United States","Florida"
3743,"Lucerne, Switzerland",47.0505452,8.3054682,"Switzerland",NA,"Milan, Italy",45.4641943,9.1896346,"Italy",NA
3746,"Rockledge, Florida, United States",28.330831,-80.7349162,"United States","Florida","Irvine, California, United States",33.6856969,-117.825981,"United States","California"
3747,"Erlangen, Germany",49.5891571,10.9812072,"Germany",NA,"Herzogenaurach, Germany",49.5690382,10.881999799999999,"Germany",NA
3748,"Prague, Czechia",50.0596288,14.4464593,"Czechia",NA,"Herzogenaurach, Germany",49.5690382,10.881999799999999,"Germany",NA
3749,"Norfolk, Virginia, United States",36.8493695,-76.2899539,"United States","Virginia","Palm Beach, Florida, United States",26.6279798,-80.4494174,"United States","Florida"
3750,"Wesel, Germany",51.6576909,6.617087,"Germany",NA,"Ludwigshafen, Germany",49.4704113,8.4381568,"Germany",NA
3752,"Novosysoevka, Primorsky Krai, Russia",44.2342897,133.3607824,"Russia",NA,"Moscow, Russia",55.625578,37.6063916,"Russia",NA
3753,"Vladimir, Russia",56.1288899,40.4075203,"Russia",NA,"Moscow, Russia",55.625578,37.6063916,"Russia",NA
3754,"Pforzheim, Germany",48.890934,8.7025509,"Germany",NA,"Geneva, Switzerland",46.2017559,6.1466014,"Switzerland",NA
3755,"Gaildorf, Germany",49.00045,9.76983,"Germany",NA,"Gaildorf, Germany",49.00045,9.76983,"Germany",NA
3757,"Ehingen, Germany",48.2828519,9.7262175,"Germany",NA,"Ehingen, Germany",48.2828519,9.7262175,"Germany",NA
3758,"New York, New York, United States",40.7127281,-74.0060152,"United States","New York","Tarrytown, New York, United States",41.0762077,-73.8587461,"United States","New York"
3761,"Balgach, St. Gallen, Switzerland",47.4068832,9.6062727,"Switzerland",NA,"Hurden, Switzerland",47.2142501,8.8043485,"Switzerland",NA
3762,"Balgach, St. Gallen, Switzerland",47.4068832,9.6062727,"Switzerland",NA,"Jona, Switzerland",47.2299661,8.837658,"Switzerland",NA
3763,"Falls Church, Virginia, United States",38.882334,-77.1710914,"United States","Virginia","Atherton, California, United States",37.453773,-122.2058272,"United States","California"
3767,"Flint, Michigan, United States",43.0161693,-83.6900211,"United States","Michigan","Naples, Florida, United States",26.1421976,-81.7942944,"United States","Florida"
3768,"Hamburg, Germany",53.550341,10.000654,"Germany",NA,"Hamburg, Germany",53.550341,10.000654,"Germany",NA
3769,"Náchod, Czechia",50.4167025,16.1622871,"Czechia",NA,"Hamburg, Germany",53.550341,10.000654,"Germany",NA
3771,"Jeffersonville, Indiana, United States",38.2770227,-85.7371604,"United States","Indiana","Louisville, Kentucky, United States",38.2542376,-85.759407,"United States","Kentucky"
3772,"Krasnoyarsk, Russia",56.0091173,92.872586,"Russia",NA,"Moscow, Russia",55.625578,37.6063916,"Russia",NA
3775,"Stuttgart, Germany",48.7784485,9.1800132,"Germany",NA,"Stuttgart, Germany",48.7784485,9.1800132,"Germany",NA
3776,"New York, New York, United States",40.7127281,-74.0060152,"United States","New York","Old Westbury, New York, United States",40.7887113,-73.5995717,"United States","New York"
3777,"Frankfurt, Germany",50.1106444,8.6820917,"Germany",NA,"Munich, Germany",48.1371079,11.5753822,"Germany",NA
3779,"Götlunda, Sweden",59.3541468,15.6677162,"Sweden",NA,"Stockholm, Sweden",59.3251172,18.0710935,"Sweden",NA
3783,"Bremen, Germany",53.0758196,8.8071646,"Germany",NA,"Bremen, Germany",53.0758196,8.8071646,"Germany",NA
3784,"New York, New York, United States",40.7127281,-74.0060152,"United States","New York","Lake Bluff, Illinois, United States",42.2789117,-87.8342362,"United States","Illinois"
3785,"New York, New York, United States",40.7127281,-74.0060152,"United States","New York","Seattle, Washington, United States",47.6038321,-122.330062,"United States","Washington"
3786,"Saint Paul, Minnesota, United States",44.9497487,-93.0931028,"United States","Minnesota","Naples, Florida, United States",26.1421976,-81.7942944,"United States","Florida"
3787,"Kansas City, Missouri, United States",39.100105,-94.5781416,"United States","Missouri","Tulsa, Oklahoma, United States",36.1563122,-95.9927516,"United States","Oklahoma"
3788,"Delft, Netherlands",52.0114017,4.35839,"Netherlands",NA,"Amsterdam, Netherlands",52.3730796,4.8924534,"Netherlands",NA
3789,"Sacramento, California, United States",38.5810606,-121.493895,"United States","California","Woodside, California, United States",37.4280637,-122.2507435,"United States","California"
3791,"Lemon Cove, California, United States",36.3815895,-119.0283613,"United States","California","El Cerrito, California, United States",37.9154056,-122.301411,"United States","California"
3792,"Winnipeg, Manitoba, Canada",49.8955367,-97.1384584,"Canada",NA,"Toronto, Ontario, Canada",43.6534817,-79.3839347,"Canada",NA
3793,"Heilbronn, Germany",49.142291,9.218655,"Germany",NA,"Neckarsulm, Germany",49.191133,9.2248391,"Germany",NA
3794,"Philadelphia, Pennsylvania, United States",39.9527237,-75.1635262,"United States","Pennsylvania","New York, New York, United States",40.7127281,-74.0060152,"United States","New York"
3795,"Hamburg, Germany",53.550341,10.000654,"Germany",NA,"Bielefeld, Germany",52.0191005,8.531007,"Germany",NA
3798,"San Francisco, California, United States",37.7792588,-122.4193286,"United States","California","Seattle, Washington, United States",47.6038321,-122.330062,"United States","Washington"
3799,"Omaha, Nebraska, United States",41.2587459,-95.9383758,"United States","Nebraska","Omaha, Nebraska, United States",41.2587459,-95.9383758,"United States","Nebraska"
3800,"São Paulo, São Paulo, Brazil",-23.5506507,-46.6333824,"Brazil",NA,"London, United Kingdom",51.4893335,-0.1440551,"United Kingdom",NA
3801,"New York, New York, United States",40.7127281,-74.0060152,"United States","New York","Croton-on-Hudson, New York, United States",41.2088215,-73.8905175,"United States","New York"
3802,"Zapolyarny, Mumansk, Russia",69.41541,30.81355,"Russia",NA,"Moscow, Russia",55.625578,37.6063916,"Russia",NA
3804,"Fez, Morocco",34.0346534,-5.0161926,"Morocco",NA,"Casablanca, Morocco",33.5945144,-7.6200284,"Morocco",NA
3805,"New Delhi, India",28.6419258,77.2217499,"India",NA,"New Delhi, India",28.6419258,77.2217499,"India",NA
3807,"Würzburg, Germany",49.7780356,9.9434769,"Germany",NA,"Seattle, Washington, United States",47.6038321,-122.330062,"United States","Washington"
3808,"Göteborg, Sweden",57.7072326,11.9670171,"Sweden",NA,"Göteborg, Sweden",57.7072326,11.9670171,"Sweden",NA
3809,"Kazan, Tatarstan, Russia",55.7946485,49.1115022,"Russia",NA,"Moscow, Russia",55.625578,37.6063916,"Russia",NA
3811,"Cheongju, South Korea",36.6421169,127.4891742,"South Korea",NA,"Seoul, South Korea",37.5666791,126.9782914,"South Korea",NA
3812,"İzmir, Turkey",38.23166,27.02997,"Turkey",NA,"Istanbul, Turkey",41.006381,28.9758715,"Turkey",NA
3814,"Bologna, Italy",44.4938203,11.3426327,"Italy",NA,"Bologna, Italy",44.4938203,11.3426327,"Italy",NA
3818,"São Paulo, São Paulo, Brazil",-23.5506507,-46.6333824,"Brazil",NA,"São Paulo, São Paulo, Brazil",-23.5506507,-46.6333824,"Brazil",NA
3821,"Ankleshwar, Gujarat, India",21.6293206,72.9945103,"India",NA,"Lowell, Massachusetts, United States",42.6414437,-71.3085329,"United States","Massachusetts"
3823,"Pittsfield, Massachusetts, United States",42.4484778,-73.2541069,"United States","Massachusetts","Boston, Massachusetts, United States",42.3554334,-71.060511,"United States","Massachusetts"
3824,"Muslyumovo, Russia",55.3041209,53.1975331,"Russia",NA,"Kazan, Tatarstan, Russia",55.7946485,49.1115022,"Russia",NA
3825,"Kazan, Tatarstan, Russia",55.7946485,49.1115022,"Russia",NA,"Kazan, Tatarstan, Russia",55.7946485,49.1115022,"Russia",NA
3827,"St. Petersburg, Russia",59.938732,30.316229,"Russia",NA,"Moscow, Russia",55.625578,37.6063916,"Russia",NA
3828,"Beijing, Beijing, China",39.9057136,116.3912972,"China",NA,"Hong Kong, China",22.2793278,114.1628131,"China",NA
3829,"Shenzhou, Shaoxing, China",29.63426,120.767,"China",NA,"Hefei, Anhui, China",31.8665676,117.281428,"China",NA
3830,"Amreli, Gujarat, India",21.4176122,71.249609,"India",NA,"Mumbai, Maharashtra, India",19.054999,72.8692035,"India",NA
3831,"Haifa, Israel",32.8191218,34.9983856,"Israel",NA,"Milan, Italy",45.4641943,9.1896346,"Italy",NA
3836,"Mukundgarh, Rajasthan, India",27.9488334,75.2270916,"India",NA,"Mumbai, Maharashtra, India",19.054999,72.8692035,"India",NA
3838,"Aligarh, Uttar Pradesh, India",27.8761073,78.1358153,"India",NA,"New Delhi, India",28.6419258,77.2217499,"India",NA
3839,"Philadelphia, Pennsylvania, United States",39.9527237,-75.1635262,"United States","Pennsylvania","San Francisco, California, United States",37.7792588,-122.4193286,"United States","California"
3840,"Ramat Gan, Israel",32.0686867,34.8246812,"Israel",NA,"Kfar Shmaryahu, Israel",32.1853666,34.8197755,"Israel",NA
3843,"Osinniki, Kemerovo Oblast, Russia",53.5985528,87.3370368,"Russia",NA,"Novokuznetsk, Russia",53.7575903,87.1358494,"Russia",NA
3845,"Midland, Texas, United States",31.83688,-102.0103767,"United States","Texas","Austin, Texas, United States",30.2711286,-97.7436995,"United States","Texas"
3846,"Oryol, Russia",52.9709262,36.0642127,"Russia",NA,"Geneva, Switzerland",46.2017559,6.1466014,"Switzerland",NA
3847,"Moscow, Russia",55.625578,37.6063916,"Russia",NA,"Moscow, Russia",55.625578,37.6063916,"Russia",NA
3851,"Haining, Zhejiang, China",30.5142256,120.6759733,"China",NA,"Hong Kong, China",22.2793278,114.1628131,"China",NA
3852,"Suzhou, Jiangsu, China",31.311123,120.6212881,"China",NA,"Zhangjiagang, China",31.8782976,120.55145950000001,"China",NA
3853,"Wuxi, Jiangsu, China",31.5776626,120.2952752,"China",NA,"Yixing, China",31.3495972,119.817253,"China",NA
3854,"Wenzhou, Zhejiang, China",27.9963899,120.695345,"China",NA,"Guangzhou, Guangdong, China",23.1301964,113.2592945,"China",NA
3855,"Jiaxing, Zhejiang, China",30.7474425,120.7510971,"China",NA,"Jiaxing, Zhejiang, China",30.7474425,120.7510971,"China",NA
3856,"Ningbo, Zhejiang, China",29.8622194,121.6203873,"China",NA,"Shenzhen, Guangdong, China",22.5445741,114.0545429,"China",NA
3859,"Acton, Massachusetts, United States",42.4850931,-71.43284,"United States","Massachusetts","Austin, Texas, United States",30.2711286,-97.7436995,"United States","Texas"
3860,"Udupi, Karnataka, India",13.5269784,74.8731879,"India",NA,"Abu Dhabi, United Arab Emirates",24.4538352,54.3774014,"United Arab Emirates",NA
3861,"Kinnigoli, Karnataka, India",13.0637099,74.8479742,"India",NA,"Bengaluru, Karnataka, India",12.9767936,77.590082,"India",NA
3863,"Chengdu, Sichuan, China",30.659867,104.063315,"China",NA,"Chengdu, Sichuan, China",30.659867,104.063315,"China",NA
3864,"Tainan, Taiwan",22.9912348,120.184982,"Taiwan",NA,"Tainan, Taiwan",22.9912348,120.184982,"Taiwan",NA
3867,"Huaiyuan County, Anhui, China",32.9706393,117.1994832,"China",NA,"Shanghai, China",31.2323437,121.4691024,"China",NA
3869,"Nagoya, Aichi, Japan",35.1851045,136.8998438,"Japan",NA,"Tokyo, Japan",35.6768601,139.7638947,"Japan",NA
3870,"Alappuzha, Kerala, India",9.5006651,76.4124143,"India",NA,"Bengaluru, Karnataka, India",12.9767936,77.590082,"India",NA
3871,"Dnipro, Ukraine",51.5567163,30.6121981,"Ukraine",NA,"London, United Kingdom",51.4893335,-0.1440551,"United Kingdom",NA
3872,"Pervouralsk, Sverdlovsk, Russia",56.9051246,59.9431941,"Russia",NA,"Kazan, Tatarstan, Russia",55.7946485,49.1115022,"Russia",NA
3873,"Tokyo, Japan",35.6768601,139.7638947,"Japan",NA,"Tokyo, Japan",35.6768601,139.7638947,"Japan",NA
3875,"Ogawa, Saitama, Japan",36.0571535,139.2628499,"Japan",NA,"Saitama, Japan",35.9754168,139.4160114,"Japan",NA
3877,"Seoul, South Korea",37.5666791,126.9782914,"South Korea",NA,"Seoul, South Korea",37.5666791,126.9782914,"South Korea",NA
3878,"Tokyo, Japan",35.6768601,139.7638947,"Japan",NA,"Seoul, South Korea",37.5666791,126.9782914,"South Korea",NA
3879,"Tokyo, Japan",35.6768601,139.7638947,"Japan",NA,"Tokyo, Japan",35.6768601,139.7638947,"Japan",NA
3881,"San Kamphaeng, Chiang Mai, Thailand",18.7407919,99.1424347,"Thailand",NA,"Bangkok, Thailand",13.7524938,100.4935089,"Thailand",NA
3884,"Novorossiysk, Russia",44.7239578,37.7690711,"Russia",NA,"Moscow, Russia",55.625578,37.6063916,"Russia",NA
3885,"Grozny, Russia",43.3197031,45.6934308,"Russia",NA,"Moscow, Russia",55.625578,37.6063916,"Russia",NA
3886,"Portland, Oregon, United States",45.5202471,-122.674194,"United States","Oregon","New York, New York, United States",40.7127281,-74.0060152,"United States","New York"
3887,"Odessa, Ukraine",46.4843023,30.7322878,"Ukraine",NA,"San Francisco, California, United States",37.7792588,-122.4193286,"United States","California"
3888,"St. Petersburg, Russia",59.938732,30.316229,"Russia",NA,"Toronto, Ontario, Canada",43.6534817,-79.3839347,"Canada",NA
3889,"Portland, Oregon, United States",45.5202471,-122.674194,"United States","Oregon","Phoenix, Arizona, United States",33.4484367,-112.074141,"United States","Arizona"
3890,"Phoenix, Arizona, United States",33.4484367,-112.074141,"United States","Arizona","Phoenix, Arizona, United States",33.4484367,-112.074141,"United States","Arizona"
3891,"Glen Cove, New York, United States",40.8641845,-73.6319174,"United States","New York","San Francisco, California, United States",37.7792588,-122.4193286,"United States","California"
3892,"Chennai, Tamil Nadu, India",13.0836939,80.270186,"India",NA,"Menlo Park, California, United States",37.4519671,-122.177992,"United States","California"
3893,"Kutch, Gujarat, India",23.583333,70,"India",NA,"Mumbai, Maharashtra, India",19.054999,72.8692035,"India",NA
3894,"Gubino, Tomsk, Russia",56.5877,84.6294,"Russia",NA,"Gold Coast, Australia",-28.0023731,153.4145987,"Australia",NA
3896,"Yiyang, Hunan, China",28.438707,112.056694,"China",NA,"Changsha, Hunan, China",28.1450774,113.2384362,"China",NA
3897,"St. Petersburg, Russia",59.938732,30.316229,"Russia",NA,"St. Petersburg, Russia",59.938732,30.316229,"Russia",NA
3899,"Ufa, Russia",54.7261409,55.947499,"Russia",NA,"London, United Kingdom",51.4893335,-0.1440551,"United Kingdom",NA
3900,"Jerusalem, Israel",31.7788472,35.2257856,"Israel",NA,"Tel Aviv, Israel",32.0852997,34.7818064,"Israel",NA
3901,"Lugano, Switzerland",46.0050102,8.9520281,"Switzerland",NA,"Lugano, Switzerland",46.0050102,8.9520281,"Switzerland",NA
3903,"Rio de Janeiro, Rio de Janeiro, Brazil",-22.9110137,-43.2093727,"Brazil",NA,"St. Gallen, Switzerland",47.425618,9.3762397,"Switzerland",NA
3905,"Chicago, Illinois, United States",41.8755616,-87.6244212,"United States","Illinois","Woodside, California, United States",37.4280637,-122.2507435,"United States","California"
3907,"New York, New York, United States",40.7127281,-74.0060152,"United States","New York","Scarsdale, New York, United States",40.9880495,-73.7974133,"United States","New York"
3908,"Sundsvall, Västernorrland, Sweden",62.3907552,17.3071024,"Sweden",NA,"Stockholm, Sweden",59.3251172,18.0710935,"Sweden",NA
3909,"Medan, North Sumatra, Indonesia",3.5894617,98.6741623,"Indonesia",NA,"Jakarta, Indonesia",-6.1754049,106.827168,"Indonesia",NA
3911,"Des Moines, Iowa, United States",41.5868654,-93.6249494,"United States","Iowa","San Francisco, California, United States",37.7792588,-122.4193286,"United States","California"
3913,"Piracicaba, São Paulo, Brazil",-22.725165,-47.6493269,"Brazil",NA,"São Paulo, São Paulo, Brazil",-23.5506507,-46.6333824,"Brazil",NA
3914,"New York, New York, United States",40.7127281,-74.0060152,"United States","New York","New York, New York, United States",40.7127281,-74.0060152,"United States","New York"
3915,"Singapore, Singapore",1.357107,103.8194992,"Singapore",NA,"Singapore, Singapore",1.357107,103.8194992,"Singapore",NA
3916,"Kuibyshev, Russia",55.4454258,78.3222294,"Russia",NA,"Moscow, Russia",55.625578,37.6063916,"Russia",NA
3917,"Alba, Texas, United States",32.7929428,-95.6344105,"United States","Texas","Dallas, Texas, United States",32.7762719,-96.7968559,"United States","Texas"
3918,"New York, New York, United States",40.7127281,-74.0060152,"United States","New York","Indianapolis, Indiana, United States",39.7683331,-86.1583502,"United States","Indiana"
3920,"Newton, Massachusetts, United States",42.3370414,-71.2092214,"United States","Massachusetts","East Setauket, New York, United States",40.919085,-73.0963408,"United States","New York"
3921,"Budapest, Hungary",47.4813896,19.1460941,"Hungary",NA,"Medina, Washington, United States",47.620548,-122.2264453,"United States","Washington"
3922,"Burley, Idaho, United States",42.5357428,-113.792794,"United States","Idaho","Boise, Idaho, United States",43.6166163,-116.200886,"United States","Idaho"
3923,"Caldwell, Idaho, United States",43.6678736,-116.689415,"United States","Idaho","Boise, Idaho, United States",43.6166163,-116.200886,"United States","Idaho"
3925,"Caldwell, Idaho, United States",43.6678736,-116.689415,"United States","Idaho","Boise, Idaho, United States",43.6166163,-116.200886,"United States","Idaho"
3929,"Miami, Florida, United States",25.7741728,-80.19362,"United States","Florida","New York, New York, United States",40.7127281,-74.0060152,"United States","New York"
3930,"Okari, Bihar, India",25.20084,85.52389,"India",NA,"Mumbai, Maharashtra, India",19.054999,72.8692035,"India",NA
3931,"Okari, Bihar, India",25.20084,85.52389,"India",NA,"Mumbai, Maharashtra, India",19.054999,72.8692035,"India",NA
3932,"Bulandshahar, Uttar Pradesh, India",28.5242541,77.5995188,"India",NA,"London, United Kingdom",51.4893335,-0.1440551,"United Kingdom",NA
3933,"Dar es Salaam, Tanzania",-6.8160837,39.2803583,"Tanzania",NA,"London, United Kingdom",51.4893335,-0.1440551,"United Kingdom",NA
3935,"New Delhi, India",28.6419258,77.2217499,"India",NA,"New Delhi, India",28.6419258,77.2217499,"India",NA
3940,"Buxar, Bihar, India",25.5044834,84.1097525,"India",NA,"New Delhi, India",28.6419258,77.2217499,"India",NA
3941,"Bangkok, Thailand",13.7524938,100.4935089,"Thailand",NA,"Bangkok, Thailand",13.7524938,100.4935089,"Thailand",NA
3943,"Jiepai Town, Tianchang City, Anhui, China",32.72132,118.96396,"China",NA,"Hong Kong, China",22.2793278,114.1628131,"China",NA
3944,"Pematang Siantar, Indonesia",2.9588631,99.0653646,"Indonesia",NA,"Singapore, Singapore",1.357107,103.8194992,"Singapore",NA
3945,"Munich, Germany",48.1371079,11.5753822,"Germany",NA,"Munich, Germany",48.1371079,11.5753822,"Germany",NA
3946,"Munich, Germany",48.1371079,11.5753822,"Germany",NA,"Munich, Germany",48.1371079,11.5753822,"Germany",NA
3947,"Moscow, Russia",55.625578,37.6063916,"Russia",NA,"Moscow, Russia",55.625578,37.6063916,"Russia",NA
3948,"Montreal, Quebec, Canada",45.5031824,-73.5698065,"Canada",NA,"Lantana, Florida, United States",26.5865308,-80.052166,"United States","Florida"
3949,"Horlivka, Ukraine",48.3058686,38.0027664,"Ukraine",NA,"Moscow, Russia",55.625578,37.6063916,"Russia",NA
3952,"Cambridge, Ontario, Canada",43.3600536,-80.3123023,"Canada",NA,"Ontario, Canada",50.000678,-86.000977,"Canada",NA
3953,"Mexico City, Mexico",19.3207722,-99.1514678,"Mexico",NA,"Mexico City, Mexico",19.3207722,-99.1514678,"Mexico",NA
3955,"Los Angeles, California, United States",34.0536909,-118.242766,"United States","California","Beverly Hills, California, United States",34.0696501,-118.3963062,"United States","California"
3956,"New York, New York, United States",40.7127281,-74.0060152,"United States","New York","Miami Beach, Florida, United States",25.7929198,-80.1353006,"United States","Florida"
3957,"Marks, Mississippi, United States",34.2565001,-90.2720375,"United States","Mississippi","Memphis, Tennessee, United States",35.1460249,-90.0517638,"United States","Tennessee"
3958,"Ottawa, Ontario, Canada",45.4208777,-75.6901106,"Canada",NA,"Toronto, Ontario, Canada",43.6534817,-79.3839347,"Canada",NA
3960,"Eugene, Oregon, United States",44.0505054,-123.0950506,"United States","Oregon","Provo, Utah, United States",40.2337289,-111.6587085,"United States","Utah"
3961,"Logan, Utah, United States",41.7313063,-111.834914,"United States","Utah","Provo, Utah, United States",40.2337289,-111.6587085,"United States","Utah"
3963,"Oakboro, North Carolina, United States",35.2235336,-80.3265904,"United States","North Carolina","Charlotte, North Carolina, United States",35.2272086,-80.8430827,"United States","North Carolina"
3965,"Denver, Colorado, United States",39.7392364,-104.984862,"United States","Colorado","Austin, Texas, United States",30.2711286,-97.7436995,"United States","Texas"
3966,"St. Petersburg, Russia",59.938732,30.316229,"Russia",NA,"St. Petersburg, Russia",59.938732,30.316229,"Russia",NA
3967,"Queanbeyan, New South Wales, Australia",-35.3524518,149.2337634,"Australia",NA,"Canberra, Australia",-35.2975906,149.1012676,"Australia",NA
3968,"Silver Spring, Maryland, United States",38.9997621,-77.0240371,"United States","Maryland","Potomac, Maryland, United States",39.0180508,-77.1956331,"United States","Maryland"
3969,"San Dimas, California, United States",34.1065404,-117.8069361,"United States","California","Glendora, California, United States",34.1361187,-117.865339,"United States","California"
3970,"Constanta, Romania",44.1767161,28.6507598,"Romania",NA,"Beverly Hills, California, United States",34.0696501,-118.3963062,"United States","California"
3971,"Porto, Portugal",41.1502195,-8.6103497,"Portugal",NA,"Lisbon, Portugal",38.7077507,-9.1365919,"Portugal",NA
3972,"San Francisco, California, United States",37.7792588,-122.4193286,"United States","California","Atherton, California, United States",37.453773,-122.2058272,"United States","California"
3973,"Stockholm, Sweden",59.3251172,18.0710935,"Sweden",NA,"Stockholm, Sweden",59.3251172,18.0710935,"Sweden",NA
3974,"Jakarta, Indonesia",-6.1754049,106.827168,"Indonesia",NA,"Jakarta, Indonesia",-6.1754049,106.827168,"Indonesia",NA
3976,"Linz, Austria",48.3059078,14.286198,"Austria",NA,"Hong Kong, China",22.2793278,114.1628131,"China",NA
3983,"Gary, Indiana, United States",41.6020962,-87.3370646,"United States","Indiana","Gallatin, Tennessee, United States",36.3883031,-86.4475898,"United States","Tennessee"
3984,"Radom, Poland",51.4171606,21.1609448,"Poland",NA,"Warsaw, Poland",52.2333742,21.0711489,"Poland",NA
3985,"New York, New York, United States",40.7127281,-74.0060152,"United States","New York","Delray Beach, Florida, United States",26.4614625,-80.0728201,"United States","Florida"
3986,"New York, New York, United States",40.7127281,-74.0060152,"United States","New York","New York, New York, United States",40.7127281,-74.0060152,"United States","New York"
3987,"Kielce, Poland",50.8719903,20.6310488,"Poland",NA,"Kielce, Poland",50.8719903,20.6310488,"Poland",NA
3988,"Tosu, Saga, Japan",33.3778536,130.5061966,"Japan",NA,"Tokyo, Japan",35.6768601,139.7638947,"Japan",NA
3989,"Tosu, Saga, Japan",33.3778536,130.5061966,"Japan",NA,"Tokyo, Japan",35.6768601,139.7638947,"Japan",NA
3990,"Manado, Indonesia",1.4900578,124.8408708,"Indonesia",NA,"Surabaya, Indonesia",-7.2462836,112.7377674,"Indonesia",NA
3994,"Dongying, Shandong, China",37.4334738,118.6689349,"China",NA,"Dongying, Shandong, China",37.4334738,118.6689349,"China",NA
3995,"Longkou, Shandong, China",37.6443474,120.4708629,"China",NA,"Longkou, Shandong, China",37.6443474,120.4708629,"China",NA
3998,"Port Elizabeth, South Africa",-33.9618359,25.6186512,"South Africa",NA,"Los Angeles, California, United States",34.0536909,-118.242766,"United States","California"
4002,"Budapest, Hungary",47.4813896,19.1460941,"Hungary",NA,"Katonah, New York, United States",41.2558715,-73.6847453,"United States","New York"
4004,"Calgary, Alberta, Canada",51.0456064,-114.057541,"Canada",NA,"Calgary, Alberta, Canada",51.0456064,-114.057541,"Canada",NA
4005,"Baton Rouge, Louisiana, United States",30.4494155,-91.1869659,"United States","Louisiana","San Francisco, California, United States",37.7792588,-122.4193286,"United States","California"
4006,"Charlotte, North Carolina, United States",35.2272086,-80.8430827,"United States","North Carolina","Charlotte, North Carolina, United States",35.2272086,-80.8430827,"United States","North Carolina"
4007,"Stockton, California, United States",37.9577016,-121.290779,"United States","California","Stockton, California, United States",37.9577016,-121.290779,"United States","California"
4009,"Kuala Lumpur, Malaysia",3.1526589,101.7022205,"Malaysia",NA,"London, United Kingdom",51.4893335,-0.1440551,"United Kingdom",NA
4010,"Willow-Springs, Missouri, United States",36.9922768,-91.9698742,"United States","Missouri","Phoenix, Arizona, United States",33.4484367,-112.074141,"United States","Arizona"
4012,"Milwaukee, Wisconsin, United States",43.0386475,-87.9090751,"United States","Wisconsin","New York, New York, United States",40.7127281,-74.0060152,"United States","New York"
4013,"Los Angeles, California, United States",34.0536909,-118.242766,"United States","California","Los Angeles, California, United States",34.0536909,-118.242766,"United States","California"
4014,"Cincinnati, Ohio, United States",39.1014537,-84.5124602,"United States","Ohio","Los Angeles, California, United States",34.0536909,-118.242766,"United States","California"
4015,"Madison, Wisconsin, United States",43.07469,-89.3841663,"United States","Wisconsin","Atlanta, Georgia, United States",33.7544657,-84.3898151,"United States","Georgia"
4016,"Oldsum, Germany",54.731274,8.4493175,"Germany",NA,"Berlin, Germany",52.5173885,13.3951309,"Germany",NA
4017,"Fort Benning, Georgia, United States",32.3944604,-84.8062645,"United States","Georgia","Chestnut Hill, Massachusetts, United States",42.3234735,-71.1639159,"United States","Massachusetts"
4019,"Seville, Spain",37.3886303,-5.9953403,"Spain",NA,"Weiningen, Switzerland",47.4199708,8.4366271,"Switzerland",NA
4020,"Milan, Italy",45.4641943,9.1896346,"Italy",NA,"Milan, Italy",45.4641943,9.1896346,"Italy",NA
4021,"Milan, Italy",45.4641943,9.1896346,"Italy",NA,"Milan, Italy",45.4641943,9.1896346,"Italy",NA
4022,"Chennai, Tamil Nadu, India",13.0836939,80.270186,"India",NA,"Chennai, Tamil Nadu, India",13.0836939,80.270186,"India",NA
4023,"Bangkok, Thailand",13.7524938,100.4935089,"Thailand",NA,"Bangkok, Thailand",13.7524938,100.4935089,"Thailand",NA
4024,"Bangkok, Thailand",13.7524938,100.4935089,"Thailand",NA,"Bangkok, Thailand",13.7524938,100.4935089,"Thailand",NA
4025,"Binghamton, New York, United States",42.098698,-75.9125187,"United States","New York","Sewickley, Pennsylvania, United States",40.5403417,-80.1805269,"United States","Pennsylvania"
4027,"Seattle, Washington, United States",47.6038321,-122.330062,"United States","Washington","Bellevue, Washington, United States",47.6144219,-122.192337,"United States","Washington"
4028,"Cieszyn, Poland",49.7488623,18.6334308,"Poland",NA,"Konstancin, Poland",52.0941864,19.3486177,"Poland",NA
4029,"Medellín, Colombia",6.2697325,-75.6025597,"Colombia",NA,"Buenos Aires, Argentina",-34.6095579,-58.3887904,"Argentina",NA
4031,"Chicago, Illinois, United States",41.8755616,-87.6244212,"United States","Illinois","New York, New York, United States",40.7127281,-74.0060152,"United States","New York"
4032,"Bay Village, Ohio, United States",41.484996,-81.9208434,"United States","Ohio","Tampa, Florida, United States",27.9477595,-82.458444,"United States","Florida"
4034,"Lakewood, Ohio, United States",41.4819932,-81.7981908,"United States","Ohio","Tampa, Florida, United States",27.9477595,-82.458444,"United States","Florida"
4035,"Cleveland, Ohio, United States",41.4996574,-81.6936772,"United States","Ohio","Tampa, Florida, United States",27.9477595,-82.458444,"United States","Florida"
4038,"New York, New York, United States",40.7127281,-74.0060152,"United States","New York","Mount Kisco, New York, United States",41.2042616,-73.7270761,"United States","New York"
4039,"Herzebrock, Germany",51.8828423,8.2434589,"Germany",NA,"Johannesburg, South Africa",-26.205,28.049722,"South Africa",NA
4040,"Netanya, Israel",32.3073499,34.8628611,"Israel",NA,"Netanya, Israel",32.3073499,34.8628611,"Israel",NA
4042,"De Leon, Texas, United States",32.1104362,-98.5371496,"United States","Texas","Midland, Texas, United States",31.83688,-102.0103767,"United States","Texas"
4044,"Little Rock, Arkansas, United States",34.7465071,-92.2896267,"United States","Arkansas","Little Rock, Arkansas, United States",34.7465071,-92.2896267,"United States","Arkansas"
4045,"Midland, Texas, United States",31.83688,-102.0103767,"United States","Texas","Dallas, Texas, United States",32.7762719,-96.7968559,"United States","Texas"
4046,"Chicago, Illinois, United States",41.8755616,-87.6244212,"United States","Illinois","Beverly Hills, California, United States",34.0696501,-118.3963062,"United States","California"
4048,"New York, New York, United States",40.7127281,-74.0060152,"United States","New York","New York, New York, United States",40.7127281,-74.0060152,"United States","New York"
4049,"New York, New York, United States",40.7127281,-74.0060152,"United States","New York","Miami, Florida, United States",25.7741728,-80.19362,"United States","Florida"
4050,"Venice, Venice, Italy",45.5035386,12.3425797,"Italy",NA,"Venice, Italy",45.4371908,12.3345898,"Italy",NA
4051,"Culver City, California, United States",34.0211224,-118.396466,"United States","California","Steamboat Springs, Colorado, United States",40.4848003,-106.831735,"United States","Colorado"
4052,"Chicago, Illinois, United States",41.8755616,-87.6244212,"United States","Illinois","St. Louis, Missouri, United States",38.6280278,-90.1910154,"United States","Missouri"
4054,"New York, New York, United States",40.7127281,-74.0060152,"United States","New York","San Francisco, California, United States",37.7792588,-122.4193286,"United States","California"
4055,"New York, New York, United States",40.7127281,-74.0060152,"United States","New York","Palm Beach, Florida, United States",26.6279798,-80.4494174,"United States","Florida"
4056,"Adel, Iowa, United States",41.6174123,-94.0185176,"United States","Iowa","Adel, Iowa, United States",41.6174123,-94.0185176,"United States","Iowa"
4057,"Geneva, Switzerland",46.2017559,6.1466014,"Switzerland",NA,"Greenwich, Connecticut, United States",41.0264862,-73.6284598,"United States","Connecticut"
4059,"Melbourne, Australia",-37.8142454,144.9631732,"Australia",NA,"Perth, Australia",-31.9558967,115.8605784,"Australia",NA
4060,"Mandal, Norway",58.0268181,7.4534802000000004,"Norway",NA,"Oslo, Norway",59.9133301,10.7389701,"Norway",NA
4061,"Vancouver, British Columbia, Canada",49.2608724,-123.113952,"Canada",NA,"Seattle, Washington, United States",47.6038321,-122.330062,"United States","Washington"
4063,"Evansville, Indiana, United States",37.970495,-87.5715641,"United States","Indiana","East Lyme, Connecticut, United States",41.3482141,-72.2092951,"United States","Connecticut"
4064,"Porsgrunn, Norway",59.103735,9.7363538,"Norway",NA,"Oslo, Norway",59.9133301,10.7389701,"Norway",NA
4065,"Dolgoprudny, Moscow Oblast, Russia",55.9466077,37.5048358,"Russia",NA,"London, United Kingdom",51.4893335,-0.1440551,"United Kingdom",NA
4066,"Leipzig, Germany",51.3406321,12.3747329,"Germany",NA,"Leipzig, Germany",51.3406321,12.3747329,"Germany",NA
4068,"Coburg, Germany",50.2582226,10.964561,"Germany",NA,"Dusseldorf, Germany",51.2254018,6.7763137,"Germany",NA
4075,"Kyiv, Ukraine",50.4500336,30.5241361,"Ukraine",NA,"Moscow, Russia",55.625578,37.6063916,"Russia",NA
4079,"Kleinsemmering, Austria",47.1935286,15.5748215,"Austria",NA,"Aurora, Ontario, Canada",43.99973,-79.467545,"Canada",NA
4080,"Bremen, Germany",53.0758196,8.8071646,"Germany",NA,"Dreieich, Germany",50.011974,8.7123912,"Germany",NA
4081,"Dimitrovskii, Orenburg Oblast, Russia",51.4307379,54.2361202,"Russia",NA,"Chelyabinsk, Russia",55.1559312,61.3997019,"Russia",NA
4082,"Montreal, Quebec, Canada",45.5031824,-73.5698065,"Canada",NA,"Geneva, Switzerland",46.2017559,6.1466014,"Switzerland",NA
4083,"Mülheim an der Ruhr, Germany",51.4272925,6.8829192,"Germany",NA,"Tegernsee, Germany",47.7099191,11.7543337,"Germany",NA
4084,"Mülheim an der Ruhr, Germany",51.4272925,6.8829192,"Germany",NA,"Tegernsee, Germany",47.7099191,11.7543337,"Germany",NA
4085,"Kalamazoo, Michigan, United States",42.291707,-85.5872286,"United States","Michigan","New York, New York, United States",40.7127281,-74.0060152,"United States","New York"
4086,"Kalamazoo, Michigan, United States",42.291707,-85.5872286,"United States","Michigan","Fort Collins, Colorado, United States",40.5871782,-105.0770113,"United States","Colorado"
4087,"San Antonio, Texas, United States",29.4246002,-98.4951405,"United States","Texas","Portage, Michigan, United States",42.2011538,-85.5800022,"United States","Michigan"
4088,"Levokumskoye, Russia",44.822536,44.660427,"Russia",NA,"Moscow, Russia",55.625578,37.6063916,"Russia",NA
4089,"Munich, Germany",48.1371079,11.5753822,"Germany",NA,"Melbourne, Australia",-37.8142454,144.9631732,"Australia",NA
4095,"Chaoshan, Guangdong, China",23.5424042,116.5828304,"China",NA,"Shantou, Guangdong, China",23.3563921,116.6775856,"China",NA
4096,"Tainan, Taiwan",22.9912348,120.184982,"Taiwan",NA,"Austin, Texas, United States",30.2711286,-97.7436995,"United States","Texas"
4099,"Almaty, Kazakhstan",43.2363924,76.9457275,"Kazakhstan",NA,"Almaty, Kazakhstan",43.2363924,76.9457275,"Kazakhstan",NA
4100,"Moscow, Russia",55.625578,37.6063916,"Russia",NA,"Moscow, Russia",55.625578,37.6063916,"Russia",NA
4102,"Bandung, West Java, Indonesia",-6.9218457,107.6070833,"Indonesia",NA,"Jakarta, Indonesia",-6.1754049,106.827168,"Indonesia",NA
4103,"Jakarta, Indonesia",-6.1754049,106.827168,"Indonesia",NA,"Jakarta, Indonesia",-6.1754049,106.827168,"Indonesia",NA
4106,"Jinhu County, Huai'an, Jiangsu, China",33.0183453,119.0136509,"China",NA,"Lianyungang, Jiangsu, China",34.5933134,119.2171662,"China",NA
4108,"Xiaoshan, Zhejiang, China",30.1861821,120.2597528,"China",NA,"Hangzhou, Zhejiang, China",30.2489634,120.2052342,"China",NA
4109,"Ürümqi, Xinjiang, China",43.8244074,87.6139038,"China",NA,"Ürümqi, Xinjiang, China",43.8244074,87.6139038,"China",NA
4113,"Yantai, Shandong, China",37.461928,121.4425255,"China",NA,"Yantai, Shandong, China",37.461928,121.4425255,"China",NA
4115,"Yichun, Jiangxi, China",28.3803015,115.0153957,"China",NA,"Zhongshan, Guangdong, China",22.5197073,113.3872302,"China",NA
4116,"Huaiyuan County, Anhui, China",32.9706393,117.1994832,"China",NA,"Shenzhen, Guangdong, China",22.5445741,114.0545429,"China",NA
4117,"Dashiqiao, Liaoning, China",40.6348183,122.5042794,"China",NA,"Yingkou, China",40.6747155,122.2357736,"China",NA
4119,"Siping, Jilin, China",43.1669821,124.364739,"China",NA,"Beijing, Beijing, China",39.9057136,116.3912972,"China",NA
4120,"Dalian, Liaoning, China",39.740278000000004,122.255833,"China",NA,"Dalian, Liaoning, China",39.740278000000004,122.255833,"China",NA
4123,"Buenos Aires, Argentina",-34.6095579,-58.3887904,"Argentina",NA,"Buenos Aires, Argentina",-34.6095579,-58.3887904,"Argentina",NA
4127,"Jakarta, Indonesia",-6.1754049,106.827168,"Indonesia",NA,"Jakarta, Indonesia",-6.1754049,106.827168,"Indonesia",NA
4128,"Semarang, Central Java, Indonesia",-6.9903988,110.4229104,"Indonesia",NA,"Jakarta, Indonesia",-6.1754049,106.827168,"Indonesia",NA
4130,"Jakarta, Indonesia",-6.1754049,106.827168,"Indonesia",NA,"Las Vegas, Nevada, United States",36.1674263,-115.1484131,"United States","Nevada"
4131,"New York, New York, United States",40.7127281,-74.0060152,"United States","New York","New York, New York, United States",40.7127281,-74.0060152,"United States","New York"
4132,"Pontianak, West Kalimantan, Indonesia",-0.0226903,109.3447488,"Indonesia",NA,"Jakarta, Indonesia",-6.1754049,106.827168,"Indonesia",NA
4134,"Agara, Georgia",42.0376325,43.8203744,"Georgia",NA,"London, United Kingdom",51.4893335,-0.1440551,"United Kingdom",NA
4135,"Moscow, Russia",55.625578,37.6063916,"Russia",NA,"Moscow, Russia",55.625578,37.6063916,"Russia",NA
4137,"Potomac, Maryland, United States",39.0180508,-77.1956331,"United States","Maryland","Cary, North Carolina, United States",35.7882893,-78.7812081,"United States","North Carolina"
4138,"New York, New York, United States",40.7127281,-74.0060152,"United States","New York","New York, New York, United States",40.7127281,-74.0060152,"United States","New York"
4139,"West Reading, Pennsylvania, United States",40.3337038,-75.9474322,"United States","Pennsylvania","Nashville, Tennessee, United States",36.1622767,-86.7742984,"United States","Tennessee"
4145,"Xiamen, Fujian, China",24.5438732,118.0768065,"China",NA,"Manila, Philippines",14.5904492,120.9803621,"Philippines",NA
4148,"Plaridel, Bulacan, Philippines",14.8863156,120.8598985,"Philippines",NA,"Manila, Philippines",14.5904492,120.9803621,"Philippines",NA
4149,"Holliston, Massachusetts, United States",42.2000966,-71.4245049,"United States","Massachusetts","San Francisco, California, United States",37.7792588,-122.4193286,"United States","California"
4150,"Quanzhou, Fujian, China",25.1901863,118.338717,"China",NA,"Jinjiang, Fujian, China",24.784435,118.5477505,"China",NA
4151,"Warsaw, Poland",52.2333742,21.0711489,"Poland",NA,"San Francisco, California, United States",37.7792588,-122.4193286,"United States","California"
4152,"Eskişehir, Turkey",39.7743941,30.519116,"Turkey",NA,"Istanbul, Turkey",41.006381,28.9758715,"Turkey",NA
4153,"Waregem, Belgium",50.8868222,3.4323622,"Belgium",NA,"Deinze, Belgium",50.9840526,3.5274017,"Belgium",NA
4155,"Shikokuchuo, Ehime, Japan",33.980744,133.5499338,"Japan",NA,"Tokyo, Japan",35.6768601,139.7638947,"Japan",NA
4156,"Shikokuchuo, Ehime, Japan",33.980744,133.5499338,"Japan",NA,"Tokyo, Japan",35.6768601,139.7638947,"Japan",NA
4162,"Ashiya, Hyōgo, Japan",34.7273701,135.3040278,"Japan",NA,"Osaka, Japan",34.6937569,135.5014539,"Japan",NA
4165,"Hefei, Anhui, China",31.8665676,117.281428,"China",NA,"Shenzhen, Guangdong, China",22.5445741,114.0545429,"China",NA
4166,"Batu Pahat, Johor, Malaysia",1.933333,103,"Malaysia",NA,"Kuala Lumpur, Malaysia",3.1526589,101.7022205,"Malaysia",NA
4167,"Batu Pahat, Johor, Malaysia",1.933333,103,"Malaysia",NA,"Kuala Lumpur, Malaysia",3.1526589,101.7022205,"Malaysia",NA
4170,"Quanzhou, Fujian, China",25.1901863,118.338717,"China",NA,"Manila, Philippines",14.5904492,120.9803621,"Philippines",NA
4171,"Davao del Sur, Philippines",6.6983658,125.3612135,"Philippines",NA,"Manila, Philippines",14.5904492,120.9803621,"Philippines",NA
4173,"Jiayu County, Xianning, Hubei, China",29.9724209,113.9335326,"China",NA,"Guangzhou, Guangdong, China",23.1301964,113.2592945,"China",NA
4174,"Xiamen, Fujian, China",24.5438732,118.0768065,"China",NA,"Manila, Philippines",14.5904492,120.9803621,"Philippines",NA
4175,"Singapore, Singapore",1.357107,103.8194992,"Singapore",NA,"Singapore, Singapore",1.357107,103.8194992,"Singapore",NA
4178,"Mitaka, Tokyo, Japan",35.6833926,139.5592421,"Japan",NA,"Tokyo, Japan",35.6768601,139.7638947,"Japan",NA
4180,"Toronto, Ontario, Canada",43.6534817,-79.3839347,"Canada",NA,"Toronto, Ontario, Canada",43.6534817,-79.3839347,"Canada",NA
4181,"Anshan, Liaoning, China",40.822222,122.8275,"China",NA,"Shanghai, China",31.2323437,121.4691024,"China",NA
4186,"Suzhou, Jiangsu, China",31.311123,120.6212881,"China",NA,"Suzhou, Jiangsu, China",31.311123,120.6212881,"China",NA
4190,"Foshan, Guangdong, China",23.0239788,113.1159558,"China",NA,"Hong Kong, China",22.2793278,114.1628131,"China",NA
4191,"Hong Kong, China",22.2793278,114.1628131,"China",NA,"San Francisco, California, United States",37.7792588,-122.4193286,"United States","California"
4192,"Chenzhou, Hunan, China",25.7733598,113.0094337,"China",NA,"Changsha, Hunan, China",28.1450774,113.2384362,"China",NA
4193,"Loudi, Hunan, China",27.6995215,111.9890658,"China",NA,"Beijing, Beijing, China",39.9057136,116.3912972,"China",NA
4195,"Hong Kong, China",22.2793278,114.1628131,"China",NA,"Hong Kong, China",22.2793278,114.1628131,"China",NA
4197,"Jinsekikōgen, Hiroshima, Japan",34.724023,133.253549,"Japan",NA,"Tokyo, Japan",35.6768601,139.7638947,"Japan",NA
4202,"Jakarta, Indonesia",-6.1754049,106.827168,"Indonesia",NA,"Jakarta, Indonesia",-6.1754049,106.827168,"Indonesia",NA
4203,"Montreal, Quebec, Canada",45.5031824,-73.5698065,"Canada",NA,"Marathon, Florida, United States",24.7137524,-81.0903512,"United States","Florida"
4204,"Surabaya, Indonesia",-7.2462836,112.7377674,"Indonesia",NA,"Jakarta, Indonesia",-6.1754049,106.827168,"Indonesia",NA
4207,"Medan, North Sumatra, Indonesia",3.5894617,98.6741623,"Indonesia",NA,"Singapore, Singapore",1.357107,103.8194992,"Singapore",NA
4216,"Istanbul, Turkey",41.006381,28.9758715,"Turkey",NA,"Istanbul, Turkey",41.006381,28.9758715,"Turkey",NA
4218,"Vizzini, Catania, Italy",37.1610157,14.7484682,"Italy",NA,"Melbourne, Australia",-37.8142454,144.9631732,"Australia",NA
4219,"Falaise, Calvados, France",48.8964741,-0.1999129,"France",NA,"Paris, France",48.8588897,2.320041,"France",NA
4220,"Menzelinsk, Russia",55.7255585,53.1071815,"Russia",NA,"Moscow, Russia",55.625578,37.6063916,"Russia",NA
4223,"Moscow, Russia",55.625578,37.6063916,"Russia",NA,"Moscow, Russia",55.625578,37.6063916,"Russia",NA
4224,"Atlanta, Georgia, United States",33.7544657,-84.3898151,"United States","Georgia","Southampton, New York, United States",40.8842482,-72.3897131,"United States","New York"
4227,"Springfield, Minnesota, United States",44.2385706,-94.9758156,"United States","Minnesota","Mankato, Minnesota, United States",44.1658533,-94.0028013,"United States","Minnesota"
4229,"Medan, North Sumatra, Indonesia",3.5894617,98.6741623,"Indonesia",NA,"Jakarta, Indonesia",-6.1754049,106.827168,"Indonesia",NA
4231,"Singapore, Singapore",1.357107,103.8194992,"Singapore",NA,"Kuala Lumpur, Malaysia",3.1526589,101.7022205,"Malaysia",NA
4235,"Belo Horizonte, Minas Gerais, Brazil",-19.9227318,-43.9450948,"Brazil",NA,"Belo Horizonte, Minas Gerais, Brazil",-19.9227318,-43.9450948,"Brazil",NA
4236,"Varna, Bulgaria",43.2073873,27.9166653,"Bulgaria",NA,"Palo Alto, California, United States",37.4443293,-122.1598465,"United States","California"
4238,"Pittsburgh, Pennsylvania, United States",40.4416941,-79.9900861,"United States","Pennsylvania","Palm Beach, Florida, United States",26.6279798,-80.4494174,"United States","Florida"
4244,"Dazey, North Dakota, United States",47.1905449,-98.2017618,"United States","North Dakota","Fargo, North Dakota, United States",46.877229,-96.789821,"United States","North Dakota"
4245,"Frankfurt, Germany",50.1106444,8.6820917,"Germany",NA,"Los Angeles, California, United States",34.0536909,-118.242766,"United States","California"
4246,"Mainz, Germany",49.9995205,8.2736253,"Germany",NA,"Munich, Germany",48.1371079,11.5753822,"Germany",NA
4250,"Bandar Lampung, Indonesia",-5.4460713,105.2643742,"Indonesia",NA,"Jakarta, Indonesia",-6.1754049,106.827168,"Indonesia",NA
4251,"Roswell, New Mexico, United States",33.3943282,-104.5229518,"United States","New Mexico","Dallas, Texas, United States",32.7762719,-96.7968559,"United States","Texas"
4252,"Jersey City, New Jersey, United States",40.7215682,-74.047455,"United States","New Jersey","Hong Kong, China",22.2793278,114.1628131,"China",NA
4253,"Toronto, Ontario, Canada",43.6534817,-79.3839347,"Canada",NA,"Toronto, Ontario, Canada",43.6534817,-79.3839347,"Canada",NA
4255,"Ål, Norway",60.6972655,8.5037405,"Norway",NA,"Sollihøgda, Norway",59.9657272,10.3459697,"Norway",NA
4256,"Tambon Wat Bo, Phanat Nikom District, Chon Buri, Thailand",13.45215248,101.1773435,"Thailand",NA,"Bangkok, Thailand",13.7524938,100.4935089,"Thailand",NA
4261,"Drăgănești, Moldova",47.7174702,28.251122,"Moldova",NA,"Kyiv, Ukraine",50.4500336,30.5241361,"Ukraine",NA
4263,"Gyumri, Armenia",40.7852085,43.8416095,"Armenia",NA,"Moscow, Russia",55.625578,37.6063916,"Russia",NA
4264,"Borsa, Romania",47.6554079,24.6639308,"Romania",NA,"London, United Kingdom",51.4893335,-0.1440551,"United Kingdom",NA
4265,"Polysayevo, Kemerovo Oblast, Russia",54.603142,86.276024,"Russia",NA,"Moscow, Russia",55.625578,37.6063916,"Russia",NA
4266,"Sibu, Malaysia",2.2996601,111.8710012,"Malaysia",NA,"Sibu, Malaysia",2.2996601,111.8710012,"Malaysia",NA
4267,"Brașov, Romania",45.6525105,25.6105654,"Romania",NA,"Bucharest, Romania",44.4361414,26.1027202,"Romania",NA
4268,"Ashbury Park, New Jersey, United States",40.220378,-74.011808,"United States","New Jersey","New York, New York, United States",40.7127281,-74.0060152,"United States","New York"
4269,"Atlantic City, New Jersey, United States",39.3642852,-74.4229351,"United States","New Jersey","New York, New York, United States",40.7127281,-74.0060152,"United States","New York"
4271,"Atlantic City, New Jersey, United States",39.3642852,-74.4229351,"United States","New Jersey","New York, New York, United States",40.7127281,-74.0060152,"United States","New York"
4273,"Lakewood, New Jersey, United States",40.0978929,-74.2176435,"United States","New Jersey","New York, New York, United States",40.7127281,-74.0060152,"United States","New York"
4275,"Lakewood, New Jersey, United States",40.0978929,-74.2176435,"United States","New Jersey","Beverly Hills, California, United States",34.0696501,-118.3963062,"United States","California"
4276,"Long Branch, New Jersey, United States",40.3042778,-73.9923596,"United States","New Jersey","New York, New York, United States",40.7127281,-74.0060152,"United States","New York"
4277,"Parigi, Indonesia",-5.3094076,119.8531621,"Indonesia",NA,"Jakarta, Indonesia",-6.1754049,106.827168,"Indonesia",NA
4280,"Cologne, Germany",50.938361,6.959974,"Germany",NA,"Krefeld, Germany",51.3331205,6.5623343,"Germany",NA
4281,"Rheda-Wiedenbrück, Germany",51.841667,8.3,"Germany",NA,"Rheda-Wiedenbrück, Germany",51.841667,8.3,"Germany",NA
4282,"Steyr, Austria",48.0390046,14.4191276,"Austria",NA,"Vienna, Austria",48.2083537,16.3725042,"Austria",NA
4283,"Philadelphia, Pennsylvania, United States",39.9527237,-75.1635262,"United States","Pennsylvania","Miami Beach, Florida, United States",25.7929198,-80.1353006,"United States","Florida"
4284,"Asker, Norway",59.6812603,10.474836,"Norway",NA,"Oslo, Norway",59.9133301,10.7389701,"Norway",NA
4285,"Tombolo, Italy",45.6470275,11.8304219,"Italy",NA,"Tombolo, Italy",45.6470275,11.8304219,"Italy",NA
4286,"Shaoxing, China, China",30.0662503,120.4764712,"China",NA,"Shanghai, China",31.2323437,121.4691024,"China",NA
4288,"Rheda-Wiedenbrück, Germany",51.841667,8.3,"Germany",NA,"Rheda-Wiedenbrück, Germany",51.841667,8.3,"Germany",NA
4290,"Istanbul, Turkey",41.006381,28.9758715,"Turkey",NA,"Istanbul, Turkey",41.006381,28.9758715,"Turkey",NA
4291,"Stockholm, Seden",59.3327881,18.0644881,"Seden",NA,"Geneva, Switzerland",46.2017559,6.1466014,"Switzerland",NA
4294,"Hatay, Turkey",36.3451332,36.0748022,"Turkey",NA,"Istanbul, Turkey",41.006381,28.9758715,"Turkey",NA
4298,"Franca, São Paulo, Brazil",-20.5381768,-47.4009795,"Brazil",NA,"São Paulo, São Paulo, Brazil",-23.5506507,-46.6333824,"Brazil",NA
4299,"Hue, Vietnam",16.4639321,107.5863388,"Vietnam",NA,"Ho Chi Minh City, Vietnam",10.7755254,106.7021047,"Vietnam",NA
4300,"Soc Trang, Vietnam",9.3203771,106.1059371,"Vietnam",NA,"Arcadia, California, United States",34.1362075,-118.0401497,"United States","California"
4301,"Hải Dương, Vietnam",20.9602884,106.3604393,"Vietnam",NA,"Hanoi, Vietnam",21.0283334,105.854041,"Vietnam",NA
4302,"Boston, Massachusetts, United States",42.3554334,-71.060511,"United States","Massachusetts","Brookline, Massachusetts, United States",42.332918,-71.1187829,"United States","Massachusetts"
4303,"Batala, Punjab, India",31.8193025,75.1999941,"India",NA,"New Delhi, India",28.6419258,77.2217499,"India",NA
4304,"Dalian, Liaoning, China",39.740278000000004,122.255833,"China",NA,"Sydney, Australia",-33.8698439,151.2082848,"Australia",NA
4305,"Brescia, Brescia, Italy",45.5398022,10.2200214,"Italy",NA,"Brescia, Italy",45.7795805,10.425873,"Italy",NA
4306,"Washington, District of Columbia, United States",38.8950368,-77.0365427,"United States","District of Columbia","Cincinnati, Ohio, United States",39.1014537,-84.5124602,"United States","Ohio"
4307,"St. Petersburg, Russia",59.938732,30.316229,"Russia",NA,"St. Petersburg, Russia",59.938732,30.316229,"Russia",NA
4309,"Moscow, Russia",55.625578,37.6063916,"Russia",NA,"Moscow, Russia",55.625578,37.6063916,"Russia",NA
4310,"Springfield, Missouri, United States",37.2081729,-93.2922715,"United States","Missouri","Winnetka, Illinois, United States",42.1080703,-87.7365286,"United States","Illinois"
4311,"Mount Vernon, Illinois, United States",38.3172715,-88.9031201,"United States","Illinois","Dallas, Texas, United States",32.7762719,-96.7968559,"United States","Texas"
4312,"Austin County, Texas, United States",29.8916488,-96.2443467,"United States","Texas","Austin, Texas, United States",30.2711286,-97.7436995,"United States","Texas"
4313,"New York, New York, United States",40.7127281,-74.0060152,"United States","New York","Palm Beach, Florida, United States",26.6279798,-80.4494174,"United States","Florida"
4316,"Zhunan Township, Miaoli County, Taiwan",24.683726,120.873384,"Taiwan",NA,"Taipei, Taiwan",25.0375198,121.5636796,"Taiwan",NA
4317,"Taipei, Taiwan",25.0375198,121.5636796,"Taiwan",NA,"Taipei, Taiwan",25.0375198,121.5636796,"Taiwan",NA
4320,"Nanzhou Township, Taiwan",22.4904956,120.5098258,"Taiwan",NA,"Hsinchu, Taiwan",24.8066333,120.9686833,"Taiwan",NA
4321,"Lukang Township, Changhua, Taiwan",24.055092,120.431341,"Taiwan",NA,"Taichung, Taiwan",24.163162,120.6478282,"Taiwan",NA
4322,"Taipei, Taiwan",25.0375198,121.5636796,"Taiwan",NA,"Shanghai, China",31.2323437,121.4691024,"China",NA
4323,"Taipei, Taiwan",25.0375198,121.5636796,"Taiwan",NA,"Hong Kong, China",22.2793278,114.1628131,"China",NA
4330,"Tenghai, Guangdong, China",23.4694075,116.7515585,"China",NA,"Hong Kong, China",22.2793278,114.1628131,"China",NA
4334,"Tripoli, Libya",32.896672,13.1777923,"Libya",NA,"Netanya, Israel",32.3073499,34.8628611,"Israel",NA
4335,"Khoe, Sakhalin, Russia",51.3211171,142.1829357,"Russia",NA,"Moscow, Russia",55.625578,37.6063916,"Russia",NA
4336,"Kashihara, Nara, Japan",34.5094067,135.792955,"Japan",NA,"Osaka, Japan",34.6937569,135.5014539,"Japan",NA
4338,"Putilkovo, Moscow Oblast, Russia",55.8625,37.390278,"Russia",NA,"Moscow, Russia",55.625578,37.6063916,"Russia",NA
4339,"Chongqing, Chongqing, China",30.8101669,108.4034084,"China",NA,"Chongqing, China",30.05518,107.8748712,"China",NA
4340,"Chongqing, Chongqing, China",30.8101669,108.4034084,"China",NA,"Rolling Hills, California, United States",33.7668041,-118.3496623,"United States","California"
4341,"Los Angeles, California, United States",34.0536909,-118.242766,"United States","California","Denver, Colorado, United States",39.7392364,-104.984862,"United States","Colorado"
4342,"Endwell, New York, United States",42.1188252,-76.0225574,"United States","New York","Pittsburgh, Pennsylvania, United States",40.4416941,-79.9900861,"United States","Pennsylvania"
4345,"Shanghai, China",31.2323437,121.4691024,"China",NA,"Hong Kong, China",22.2793278,114.1628131,"China",NA
4346,"Shanghai, China",31.2323437,121.4691024,"China",NA,"Hong Kong, China",22.2793278,114.1628131,"China",NA
4347,"Moscow, Russia",55.625578,37.6063916,"Russia",NA,"Almaty, Kazakhstan",43.2363924,76.9457275,"Kazakhstan",NA
4349,"Cincinnati, Ohio, United States",39.1014537,-84.5124602,"United States","Ohio","Atlanta, Georgia, United States",33.7544657,-84.3898151,"United States","Georgia"
4350,"Hong Kong, China",22.2793278,114.1628131,"China",NA,"Manila, Philippines",14.5904492,120.9803621,"Philippines",NA
4351,"Čelákovice, Czechia",50.1607829,14.7500022,"Czechia",NA,"Prague, Czechia",50.0596288,14.4464593,"Czechia",NA
4352,"Berryville, Arkansas, United States",36.3704704,-93.5695551,"United States","Arkansas","Fayetteville, Arkansas, United States",36.0625843,-94.1574328,"United States","Arkansas"
4354,"Springdale, Arkansas, United States",36.1867442,-94.1288142,"United States","Arkansas","Springdale, Arkansas, United States",36.1867442,-94.1288142,"United States","Arkansas"
4355,"Budapest, Hungary",47.4813896,19.1460941,"Hungary",NA,"Westlake, Texas, United States",32.991226,-97.1943701,"United States","Texas"
4356,"Tokyo, Japan",35.6768601,139.7638947,"Japan",NA,"Tokyo, Japan",35.6768601,139.7638947,"Japan",NA
4359,"Dallas, Texas, United States",32.7762719,-96.7968559,"United States","Texas","Lake Forest, Illinois, United States",42.2586461,-87.8407055,"United States","Illinois"
4360,"Istanbul, Turkey",41.006381,28.9758715,"Turkey",NA,"Istanbul, Turkey",41.006381,28.9758715,"Turkey",NA
4362,"London, United Kingdom",51.4893335,-0.1440551,"United Kingdom",NA,"Saratoga, California, United States",37.2638324,-122.0230146,"United States","California"
4363,"İliç, Turkey",39.4565909,38.5647141,"Turkey",NA,"Norwich, New York, United States",42.5311809,-75.5235149,"United States","New York"
4364,"Krajková, Czechia",50.2159666,12.534074,"Czechia",NA,"Neustadt an der Waldnaab, Germany",49.7314121,12.1732938,"Germany",NA
4365,"Nobeoka, Japan",32.5823063,131.6649034,"Japan",NA,"Fukuoka, Japan",33.6251241,130.6180016,"Japan",NA
4366,"Osaka, Japan",34.6937569,135.5014539,"Japan",NA,"Tokyo, Japan",35.6768601,139.7638947,"Japan",NA
4368,"Chust, Uzbekistan",40.9966246,71.2273399,"Uzbekistan",NA,"Tashkent, Uzbekistan",41.3123363,69.2787079,"Uzbekistan",NA
4369,"Atyrau, Kazakhstan",47.6605827,50.806202999999996,"Kazakhstan",NA,"Astana, Kazakhstan",51.1159933,71.4677059,"Kazakhstan",NA
4374,"Wyckoff, New Jersey, United States",41.0095417,-74.1729222,"United States","New Jersey","Seattle, Washington, United States",47.6038321,-122.330062,"United States","Washington"
4375,"Westfield, New Jersey, United States",40.651726,-74.3483059,"United States","New Jersey","Gladstone, New Jersey, United States",40.7202907,-74.6662746,"United States","New Jersey"
4377,"Mumbai, Maharashtra, India",19.054999,72.8692035,"India",NA,"Mumbai, Maharashtra, India",19.054999,72.8692035,"India",NA
4378,"San Francisco, California, United States",37.7792588,-122.4193286,"United States","California","Malibu, California, United States",34.035591,-118.689423,"United States","California"
4381,"Amsterdam, Netherlands",52.3730796,4.8924534,"Netherlands",NA,"Baarn, Netherlands",52.2111182,5.2931841,"Netherlands",NA
4383,"Neuen, Netherlands",51.33583,3.82778,"Netherlands",NA,"Eindhoven, Netherlands",51.4392648,5.478633,"Netherlands",NA
4386,"Dendermonde, Belgium",51.0312293,4.098112,"Belgium",NA,"Prague, Czechia",50.0596288,14.4464593,"Czechia",NA
4389,"Billings, Montana, United States",45.7874957,-108.49607,"United States","Montana","Idaho Falls, Idaho, United States",43.4887907,-112.03628,"United States","Idaho"
4390,"Yerevan, Armenia",40.1777112,44.5126233,"Armenia",NA,"Yerevan, Armenia",40.1777112,44.5126233,"Armenia",NA
4391,"Episkopi, Rethymno, Crete, Greece",35.3293062,24.3360305,"Greece",NA,"Athens, Greece",37.9755648,23.7348324,"Greece",NA
4393,"Ranni, Kerala, India",9.3852605,76.7848789,"India",NA,"Dubai, United Arab Emirates",25.0742823,55.1885387,"United Arab Emirates",NA
4394,"Jaipur, Rajasthan, India",26.9154576,75.8189817,"India",NA,"Dubai, United Arab Emirates",25.0742823,55.1885387,"United Arab Emirates",NA
4395,"Kozhikode, Kerala, India",11.2450558,75.7754716,"India",NA,"Abu Dhabi, United Arab Emirates",24.4538352,54.3774014,"United Arab Emirates",NA
4396,"Drohobych, Ukraine",49.3513996,23.5061662,"Ukraine",NA,"Moscow, Russia",55.625578,37.6063916,"Russia",NA
4397,"Medellín, Colombia",6.2697325,-75.6025597,"Colombia",NA,"São Paulo, São Paulo, Brazil",-23.5506507,-46.6333824,"Brazil",NA
4399,"Grevenstein, Germany",51.303187,8.1323234,"Germany",NA,"Meschede, Germany",51.3436532,8.2859257,"Germany",NA
4402,"St. Petersburg, Russia",59.938732,30.316229,"Russia",NA,"Reno, Nevada, United States",39.5261788,-119.812658,"United States","Nevada"
4405,"Poltava, Ukraine",49.8607809,33.7498787,"Ukraine",NA,"Kyiv, Ukraine",50.4500336,30.5241361,"Ukraine",NA
4406,"Ala, Trento, Italy",45.7579008,11.0018179,"Italy",NA,"Milan, Italy",45.4641943,9.1896346,"Italy",NA
4407,"Sulmona, L'Aquila, Italy",42.0474231,13.927011,"Italy",NA,"Melbourne, Australia",-37.8142454,144.9631732,"Australia",NA
4413,"Frankenberg, Germany",50.9110365,13.0331023,"Germany",NA,"Battenberg, Germany",51.0323524,8.6112782,"Germany",NA
4416,"Stockholm, Sweden",59.3251172,18.0710935,"Sweden",NA,"Monaco, Monaco",43.7323492,7.4276832,"Monaco",NA
4418,"Manila, Philippines",14.5904492,120.9803621,"Philippines",NA,"Manila, Philippines",14.5904492,120.9803621,"Philippines",NA
4419,"Madrid, Spain",40.416782,-3.703507,"Spain",NA,"Madrid, Spain",40.416782,-3.703507,"Spain",NA
4421,"São Paulo, São Paulo, Brazil",-23.5506507,-46.6333824,"Brazil",NA,"São Paulo, São Paulo, Brazil",-23.5506507,-46.6333824,"Brazil",NA
4422,"Rome, Italy",41.8933203,12.4829321,"Italy",NA,"Boston, Massachusetts, United States",42.3554334,-71.060511,"United States","Massachusetts"
4423,"New York, New York, United States",40.7127281,-74.0060152,"United States","New York","New York, New York, United States",40.7127281,-74.0060152,"United States","New York"
4425,"Chicago, Illinois, United States",41.8755616,-87.6244212,"United States","Illinois","San Francisco, California, United States",37.7792588,-122.4193286,"United States","California"
4426,"Nové Město na Moravě, Czechia",49.5616916,16.0744185,"Czechia",NA,"Crans-Montana, Switzerland",46.3304899,7.5264358,"Switzerland",NA
4434,"Atyrau, Kazakhstan",47.6605827,50.806202999999996,"Kazakhstan",NA,"Tel Aviv, Israel",32.0852997,34.7818064,"Israel",NA
4436,"Munich, Germany",48.1371079,11.5753822,"Germany",NA,"Thurgau, Switzerland",47.5859649,9.1428769,"Switzerland",NA
4437,"Möckmühl, Germany",49.3233013,9.3611411,"Germany",NA,"Thurgau, Switzerland",47.5859649,9.1428769,"Switzerland",NA
4438,"Stuttgart, Germany",48.7784485,9.1800132,"Germany",NA,"Stuttgart, Germany",48.7784485,9.1800132,"Germany",NA
4439,"Ettlingen, Germany",48.9414188,8.4076347,"Germany",NA,"Stuttgart, Germany",48.7784485,9.1800132,"Germany",NA
4441,"Vancouver, British Columbia, Canada",49.2608724,-123.113952,"Canada",NA,"Vancouver, British Columbia, Canada",49.2608724,-123.113952,"Canada",NA
4442,"Kronberg im Taunus, Germany",50.1907415,8.5182779,"Germany",NA,"London, United Kingdom",51.4893335,-0.1440551,"United Kingdom",NA
4444,"Regensburg, Germany",49.0195333,12.0974869,"Germany",NA,"Regensburg, Germany",49.0195333,12.0974869,"Germany",NA
4446,"New York, New York, United States",40.7127281,-74.0060152,"United States","New York","Port Washington, New York, United States",40.8263965,-73.684993,"United States","New York"
4447,"Tegernsee, Germany",47.7099191,11.7543337,"Germany",NA,"Starnberg, Germany",47.9986851,11.3410791,"Germany",NA
4450,"Karachi, Pakistan",24.8546842,67.0207055,"Pakistan",NA,"Palo Alto, California, United States",37.4443293,-122.1598465,"United States","California"
4451,"Mumbai, Maharashtra, India",19.054999,72.8692035,"India",NA,"Mumbai, Maharashtra, India",19.054999,72.8692035,"India",NA
4452,"Memmingen, Germany",47.9863099,10.1808016,"Germany",NA,"Bulle, Switzerland",46.6190969,7.0581152,"Switzerland",NA
4453,"Gary, Indiana, United States",41.6020962,-87.3370646,"United States","Indiana","Dallas, Texas, United States",32.7762719,-96.7968559,"United States","Texas"
4454,"Heyuan, Guangdong, China",23.746777,114.6954482,"China",NA,"Hong Kong, China",22.2793278,114.1628131,"China",NA
4458,"Rochester, New York, United States",43.157285,-77.615214,"United States","New York","New York, New York, United States",40.7127281,-74.0060152,"United States","New York"
4459,"Sydney, Australia",-33.8698439,151.2082848,"Australia",NA,"Sydney, Australia",-33.8698439,151.2082848,"Australia",NA
4461,"Brisbane, Queensland, Australia",-27.4689623,153.0235009,"Australia",NA,"Brisbane, Queensland, Australia",-27.4689623,153.0235009,"Australia",NA
4462,"Chicago, Illinois, United States",41.8755616,-87.6244212,"United States","Illinois","Chicago, Illinois, United States",41.8755616,-87.6244212,"United States","Illinois"
4464,"Cedar Rapids, Iowa, United States",41.9758872,-91.6704053,"United States","Iowa","Chicago, Illinois, United States",41.8755616,-87.6244212,"United States","Illinois"
4465,"Newport, Arkansas, United States",35.6061746,-91.2833177,"United States","Arkansas","Fort Worth, Texas, United States",32.753177,-97.3327459,"United States","Texas"
4466,"Salem, Oregon, United States",44.9391565,-123.033121,"United States","Oregon","Jackson, Wyoming, United States",43.479965,-110.761815,"United States","Wyoming"
4468,"Newport, Arkansas, United States",35.6061746,-91.2833177,"United States","Arkansas","Bentonville, Arkansas, United States",36.3728608,-94.208787,"United States","Arkansas"
4470,"San Diego, California, United States",32.7174202,-117.162772,"United States","California","Chicago, Illinois, United States",41.8755616,-87.6244212,"United States","Illinois"
4471,"Tulsa, Oklahoma, United States",36.1563122,-95.9927516,"United States","Oklahoma","Bentonville, Arkansas, United States",36.3728608,-94.208787,"United States","Arkansas"
4472,"Versailles, Missouri, United States",38.4314141,-92.8410274,"United States","Missouri","Electra, Texas, United States",34.0320855,-98.9163686,"United States","Texas"
4473,"Versailles, Missouri, United States",38.4314141,-92.8410274,"United States","Missouri","Henderson, Nevada, United States",36.0319602,-114.9822716,"United States","Nevada"
4474,"Luohe, Henan, China",33.5826865,114.0107357,"China",NA,"Luohe, Henan, China",33.5826865,114.0107357,"China",NA
4475,"Winona, Minnesota, United States",44.0500054,-91.6392294,"United States","Minnesota","St. Petersburg, Florida, United States",27.7700475,-82.6359078,"United States","Florida"
4476,"Goodhue County, Minnesota, United States",44.396973,-92.7175627,"United States","Minnesota","St. Petersburg, Florida, United States",27.7700475,-82.6359078,"United States","Florida"
4477,"Jinjiang, Fujian, China",24.784435,118.5477505,"China",NA,"Quanzhou, Fujian, China",25.1901863,118.338717,"China",NA
4478,"Wuwei, Anhui, China",31.262119,117.7803026,"China",NA,"Shenzhen, Guangdong, China",22.5445741,114.0545429,"China",NA
4479,"Luoyang, Henan, China",34.6196539,112.4477046,"China",NA,"Zhengzhou, Henan, China",34.7472531,113.619321,"China",NA
4482,"New Taipei City, Taiwan",25.063267,121.45788,"Taiwan",NA,"Los Angeles, California, United States",34.0536909,-118.242766,"United States","California"
4484,"New Taipei City, Taiwan",25.063267,121.45788,"Taiwan",NA,"Taipei, Taiwan",25.0375198,121.5636796,"Taiwan",NA
4486,"Changzhou, Jiangsu, China",31.8122623,119.9691539,"China",NA,"Shanghai, China",31.2323437,121.4691024,"China",NA
4489,"Cangnan County, Wenzhou, Zhejiang, China",27.5184046,120.4232915,"China",NA,"Shanghai, China",31.2323437,121.4691024,"China",NA
4490,"Cangnan County, Wenzhou, Zhejiang, China",27.5184046,120.4232915,"China",NA,"Shanghai, China",31.2323437,121.4691024,"China",NA
4491,"Shanghai, China",31.2323437,121.4691024,"China",NA,"Guiyang, Guizhou, China",26.6499922,106.6246178,"China",NA
4492,"Shunde District, Foshan, Guangdong, China",22.83056,113.21556,"China",NA,"Shenzhen, Guangdong, China",22.5445741,114.0545429,"China",NA
4493,"Wujin, Jiangsu, China",31.7020406,119.9377542,"China",NA,"Shanghai, China",31.2323437,121.4691024,"China",NA
4494,"Jinyun, Zhejiang, China",28.6615529,120.0869565,"China",NA,"Shanghai, China",31.2323437,121.4691024,"China",NA
4495,"Dalian, Liaoning, China",39.740278000000004,122.255833,"China",NA,"Beijing, Beijing, China",39.9057136,116.3912972,"China",NA
4496,"Zhengzhou, Henan, China",34.7472531,113.619321,"China",NA,"Zhengzhou, Henan, China",34.7472531,113.619321,"China",NA
4501,"Dalian, Liaoning, China",39.740278000000004,122.255833,"China",NA,"Dalian, Liaoning, China",39.740278000000004,122.255833,"China",NA
4503,"Tianjin, Tianjin, China",39.0844897,117.1956724,"China",NA,"Shenzhen, Guangdong, China",22.5445741,114.0545429,"China",NA
4507,"Guangyuan, Sichuan, China",32.2685578,105.8395358,"China",NA,"Beijing, Beijing, China",39.9057136,116.3912972,"China",NA
4509,"Wenzhou, Zhejiang, China",27.9963899,120.695345,"China",NA,"Shanghai, China",31.2323437,121.4691024,"China",NA
4510,"Beijing, Beijing, China",39.9057136,116.3912972,"China",NA,"Beijing, Beijing, China",39.9057136,116.3912972,"China",NA
4512,"Jade Emperor Temple, Dongming County, Heze, Shandong, China",35.19228,115.07094,"China",NA,"Heze, China",35.2477266,115.4464761,"China",NA
4513,"Ningbo, Zhejiang, China",29.8622194,121.6203873,"China",NA,"Ningbo, Zhejiang, China",29.8622194,121.6203873,"China",NA
4514,"Renshou, Sichuan, China",29.9811089,104.2204271,"China",NA,"Chengdu, Sichuan, China",30.659867,104.063315,"China",NA
4515,"Shenhe District, Shenyang City, Liaoning, China",41.8106934,123.5263816,"China",NA,"Chengdu, Sichuan, China",30.659867,104.063315,"China",NA
4517,"Shantou, Guangdong, China",23.3563921,116.6775856,"China",NA,"Shenzhen, Guangdong, China",22.5445741,114.0545429,"China",NA
4518,"Shantou, Guangdong, China",23.3563921,116.6775856,"China",NA,"Shenzhen, Guangdong, China",22.5445741,114.0545429,"China",NA
4519,"Huanggang, Hubei, China",30.4560187,114.8673226,"China",NA,"Beijing, Beijing, China",39.9057136,116.3912972,"China",NA
4520,"Baotou, Inner Mongolia, China",40.6174777,109.944912,"China",NA,"Erdos, China",31.1986704,121.7607047,"China",NA
4521,"Wuxi, Jiangsu, China",31.5776626,120.2952752,"China",NA,"Changzhou, Jiangsu, China",31.8122623,119.9691539,"China",NA
4523,"Chenxixiang, Shangyu District, Shaoxing, Zhejiang, China",30.01556,120.87111,"China",NA,"Shaoxing, Zhejiang, China",29.9992425,120.576854,"China",NA
4528,"Xinxiang, Henan, China",35.308611,114.051111,"China",NA,"Beijing, Beijing, China",39.9057136,116.3912972,"China",NA
4529,"Huai'an, Jiangsu, China",33.5978169,119.0196971,"China",NA,"Nanjing, Jiangsu, China",32.0438284,118.7788631,"China",NA
4531,"Shangrao, Jiangxi, China",28.7435852,117.40539,"China",NA,"Haikou, China",20.0462328,110.1956502,"China",NA
4532,"Zouping, Shandong, China",36.8629315,117.736995,"China",NA,"Jinan, Shandong, China",36.6519754,117.1138479,"China",NA
4536,"Hangzhou, Zhejiang, China",30.2489634,120.2052342,"China",NA,"Hangzhou, Zhejiang, China",30.2489634,120.2052342,"China",NA
4538,"Hangzhou, Zhejiang, China",30.2489634,120.2052342,"China",NA,"Shenzhen, Guangdong, China",22.5445741,114.0545429,"China",NA
4541,"Yuyao, Zhejiang, China",30.0403094,121.1500882,"China",NA,"Yuyao, Zhejiang, China",30.0403094,121.1500882,"China",NA
4542,"Tangli Village, Huanggu Town, Shangrao County, Jiangxi, China",28.57996,117.9818,"China",NA,"Beijing, Beijing, China",39.9057136,116.3912972,"China",NA
4543,"Dandong, Liaoning, China",40.5791477,124.4407146,"China",NA,"Dandong, Liaoning, China",40.5791477,124.4407146,"China",NA
4544,"Langfang, Hebei, China",39.5302055,116.6926134,"China",NA,"Beijing, Beijing, China",39.9057136,116.3912972,"China",NA
4545,"Anqing, Anhui, China",30.6592336,116.6302585,"China",NA,"Shenzhen, Guangdong, China",22.5445741,114.0545429,"China",NA
4547,"Zhaoyuan, Shandong, China",37.3538319,120.4281727,"China",NA,"Zhaoyuan, Shandong, China",37.3538319,120.4281727,"China",NA
4550,"Wuxi, Jiangsu, China",31.5776626,120.2952752,"China",NA,"Weihai, Shandong, China",37.5120997,122.1152599,"China",NA
4551,"Weihai, Shandong, China",37.5120997,122.1152599,"China",NA,"Wuxi, Jiangsu, China",31.5776626,120.2952752,"China",NA
4552,"Xi'an, Shaanxi, China",34.261004,108.9423363,"China",NA,"Beijing, Beijing, China",39.9057136,116.3912972,"China",NA
4554,"Minqin County, Gansu Province, China",38.753616,103.168877,"China",NA,"Alxa, China",40.480869,102.84579,"China",NA
4556,"Yibin, Sichuan, China",28.58689,104.718661,"China",NA,"Qingzhou, China",36.6843271,118.47381179999999,"China",NA
4558,"Bazhou, Hebei, China",39.0776239,116.6039332,"China",NA,"Langfang, Hebei, China",39.5302055,116.6926134,"China",NA
4559,"Jieyang, Guangdong, China",23.553156,116.3680354,"China",NA,"Jiaozuo, China",35.1375,113.143889,"China",NA
4561,"Yongjia, Zhejiang, China",28.156278,120.6879204,"China",NA,"Wenzhou, Zhejiang, China",27.9963899,120.695345,"China",NA
4562,"Beijing, Beijing, China",39.9057136,116.3912972,"China",NA,"Beijing, Beijing, China",39.9057136,116.3912972,"China",NA
4563,"Cincinnati, Ohio, United States",39.1014537,-84.5124602,"United States","Ohio","San Francisco, California, United States",37.7792588,-122.4193286,"United States","California"
4566,"Chicago, Illinois, United States",41.8755616,-87.6244212,"United States","Illinois","Oak Brook, Illinois, United States",41.8328085,-87.9289504,"United States","Illinois"
4567,"Gladewater, Texas, United States",32.5365333,-94.9427169,"United States","Texas","Dallas, Texas, United States",32.7762719,-96.7968559,"United States","Texas"
4569,"Spokane, Washington, United States",47.6571934,-117.42351,"United States","Washington","Missoula, Montana, United States",46.8701049,-113.995267,"United States","Montana"
4572,"Hyderabad, Telangana, India",17.360589,78.4740613,"India",NA,"Toronto, Ontario, Canada",43.6534817,-79.3839347,"Canada",NA
4573,"Salt Lake City, Utah, United States",40.7596198,-111.886797,"United States","Utah","Logan, Utah, United States",41.7313063,-111.834914,"United States","Utah"
4574,"Columbus, Georgia, United States",32.4610708,-84.9880449,"United States","Georgia","Jacksonville, Florida, United States",30.3321838,-81.655651,"United States","Florida"
4575,"Philadelphia, Pennsylvania, United States",39.9527237,-75.1635262,"United States","Pennsylvania","Hobe Sound, Florida, United States",27.080492,-80.139918,"United States","Florida"
4577,"Kinmen, Fujian, China",24.91046,118.57726,"China",NA,"Singapore, Singapore",1.357107,103.8194992,"Singapore",NA
4581,"Changhua, Taiwan",24.0755667,120.5444667,"Taiwan",NA,"Tianjin, Tianjin, China",39.0844897,117.1956724,"China",NA
4582,"Changhua, Taiwan",24.0755667,120.5444667,"Taiwan",NA,"Taipei, Taiwan",25.0375198,121.5636796,"Taiwan",NA
4583,"Yongjing Township, Changhua County, Taiwan",23.9245167,120.5479333,"Taiwan",NA,"Taipei, Taiwan",25.0375198,121.5636796,"Taiwan",NA
4584,"Changhua, Taiwan",24.0755667,120.5444667,"Taiwan",NA,"Shanghai, China",31.2323437,121.4691024,"China",NA
4585,"Shenyang, Liaoning, China",41.8026095,123.4279105,"China",NA,"Beijing, Beijing, China",39.9057136,116.3912972,"China",NA
4588,"Baoding, Hebei, China",38.8579735,115.490696,"China",NA,"Baoding, Hebei, China",38.8579735,115.490696,"China",NA
4590,"Beijing, Beijing, China",39.9057136,116.3912972,"China",NA,"Baoding, Hebei, China",38.8579735,115.490696,"China",NA
4592,"New York, New York, United States",40.7127281,-74.0060152,"United States","New York","Sonoma, California, United States",38.5110803,-122.8473388,"United States","California"
4597,"Yunfu, Guangdong, China",22.8546663,111.8078586,"China",NA,"Yunfu, Guangdong, China",22.8546663,111.8078586,"China",NA
4601,"Zhuganzhen, Luoshan County, Xinyang, Henan, China",32.03196,114.43663,"China",NA,"Shenzhen, Guangdong, China",22.5445741,114.0545429,"China",NA
4602,"Napoleon, North Dakota, United States",46.5045396,-99.7667783,"United States","North Dakota","Grand Cayman, Cayman Islands",19.3298472,-81.1712216,"Cayman Islands",NA
4603,"New York, New York, United States",40.7127281,-74.0060152,"United States","New York","Los Angeles, California, United States",34.0536909,-118.242766,"United States","California"
4606,"Philadelphia, Pennsylvania, United States",39.9527237,-75.1635262,"United States","Pennsylvania","Coral Gables, Florida, United States",25.7331105,-80.2585107,"United States","Florida"
4609,"Paris, France",48.8588897,2.320041,"France",NA,"New York, New York, United States",40.7127281,-74.0060152,"United States","New York"
4610,"Paris, France",48.8588897,2.320041,"France",NA,"New York, New York, United States",40.7127281,-74.0060152,"United States","New York"
4611,"Kippenheim, Germany",48.2952196,7.8235952,"Germany",NA,"Tel Aviv, Israel",32.0852997,34.7818064,"Israel",NA
4615,"Atlanta, Georgia, United States",33.7544657,-84.3898151,"United States","Georgia","Los Angeles, California, United States",34.0536909,-118.242766,"United States","California"
4616,"Brooksville, Florida, United States",28.5552719,-82.3878709,"United States","Florida","Paoli, Pennsylvania, United States",40.0405675,-75.4927891,"United States","Pennsylvania"
4620,"San Antonio, Texas, United States",29.4246002,-98.4951405,"United States","Texas","New Braunfels, Texas, United States",29.7028266,-98.1257348,"United States","Texas"
4621,"Marlow, Buckinghamshire, United Kingdom",51.5718706,-0.7769654,"United Kingdom",NA,"Toronto, Ontario, Canada",43.6534817,-79.3839347,"Canada",NA
4623,"Dayton, Ohio, United States",39.77944,-84.199196,"United States","Ohio","New Albany, Ohio, United States",40.0811745,-82.8087864,"United States","Ohio"
4626,"Huntington, New York, United States",40.868154,-73.425676,"United States","New York","Los Angeles, California, United States",34.0536909,-118.242766,"United States","California"
4627,"Bury, Lancashire, United Kingdom",53.5967222,-2.7208738,"United Kingdom",NA,"Isle of Man, United Kingdom",55.0631283,-3.5557468,"United Kingdom",NA
4628,"Upington, South Africa",-28.456325,21.241867,"South Africa",NA,"Cape Town, South Africa",-33.9288301,18.4172197,"South Africa",NA
4630,"Heidelberg, Germany",49.4093582,8.694724,"Germany",NA,"Zug, Switzerland",47.1486137,8.5539378,"Switzerland",NA
4631,"Oslo, Norway",59.9133301,10.7389701,"Norway",NA,"Oslo, Norway",59.9133301,10.7389701,"Norway",NA
4632,"Oslo, Norway",59.9133301,10.7389701,"Norway",NA,"Oslo, Norway",59.9133301,10.7389701,"Norway",NA
4633,"Cisco, Texas, United States",32.3881293,-98.9793386,"United States","Texas","Cisco, Texas, United States",32.3881293,-98.9793386,"United States","Texas"
4634,"Eastland, Texas, United States",32.2978594,-98.8630896,"United States","Texas","Cisco, Texas, United States",32.3881293,-98.9793386,"United States","Texas"
4635,"Houston, Texas, United States",29.7589382,-95.3676974,"United States","Texas","Houston, Texas, United States",29.7589382,-95.3676974,"United States","Texas"
4637,"Clarks, Nebraska, United States",41.2152895,-97.8358917,"United States","Nebraska","San Francisco, California, United States",37.7792588,-122.4193286,"United States","California"
4638,"Los Angeles, California, United States",34.0536909,-118.242766,"United States","California","Vancouver, British Columbia, Canada",49.2608724,-123.113952,"Canada",NA
4643,"Kosciusko, Mississippi, United States",33.0576295,-89.5875764,"United States","Mississippi","Chicago, Illinois, United States",41.8755616,-87.6244212,"United States","Illinois"
4645,"Southampton, New York, United States",40.8842482,-72.3897131,"United States","New York","New York, New York, United States",40.7127281,-74.0060152,"United States","New York"
4646,"Southampton, New York, United States",40.8842482,-72.3897131,"United States","New York","New York, New York, United States",40.7127281,-74.0060152,"United States","New York"
4647,"Washington, District of Columbia, United States",38.8950368,-77.0365427,"United States","District of Columbia","Dallas, Texas, United States",32.7762719,-96.7968559,"United States","Texas"
4653,"Frøya, Trøndelag, Norway",64.0705003,8.8895077,"Norway",NA,"Kverva, Norway",63.7054863,8.529964,"Norway",NA
4655,"Rastdorf, Germany",52.9130605,7.7097399,"Germany",NA,"Aurich, Germany",53.5122854,7.3915284,"Germany",NA
4656,"New York, New York, United States",40.7127281,-74.0060152,"United States","New York","Montecito, California, United States",34.4366626,-119.6320753,"United States","California"
4657,"Salt Lake City, Utah, United States",40.7596198,-111.886797,"United States","Utah","Austin, Texas, United States",30.2711286,-97.7436995,"United States","Texas"
4658,"Vienna, Austria",48.2083537,16.3725042,"Austria",NA,"Monaco, Monaco",43.7323492,7.4276832,"Monaco",NA
4661,"Hong Kong, China",22.2793278,114.1628131,"China",NA,"Shenzhen, Guangdong, China",22.5445741,114.0545429,"China",NA
4663,"Huazhou, Guangdong, China",21.8302699,110.5300134,"China",NA,"Shenzhen, Guangdong, China",22.5445741,114.0545429,"China",NA
4666,"Shantou, Guangdong, China",23.3563921,116.6775856,"China",NA,"Beijing, Beijing, China",39.9057136,116.3912972,"China",NA
4667,"Foshan, Guangdong, China",23.0239788,113.1159558,"China",NA,"Hong Kong, China",22.2793278,114.1628131,"China",NA
4668,"Quanzhou, Fujian, China",25.1901863,118.338717,"China",NA,"Hong Kong, China",22.2793278,114.1628131,"China",NA
4669,"Ningbo, Zhejiang, China",29.8622194,121.6203873,"China",NA,"Hong Kong, China",22.2793278,114.1628131,"China",NA
4670,"Shanghai, China",31.2323437,121.4691024,"China",NA,"Hong Kong, China",22.2793278,114.1628131,"China",NA
4671,"Manchester, United Kingdom",53.4794892,-2.2451148,"United Kingdom",NA,"Palo Alto, California, United States",37.4443293,-122.1598465,"United States","California"
4672,"Aberdeen, Scotland, United Kingdom",57.1482429,-2.0928095,"United Kingdom",NA,"Aberdeen, Scotland, United Kingdom",57.1482429,-2.0928095,"United Kingdom",NA
4673,"Menlo Park, California, United States",37.4519671,-122.177992,"United States","California","Big Sky, Montana, United States",45.258964400000004,-111.308725,"United States","Montana"
4674,"Cypress, California, United States",33.8248235,-118.0399368,"United States","California","Jupiter Island, Florida, United States",27.03419,-80.1035822,"United States","Florida"
4675,"Detmold, Germany",51.936284,8.8791526,"Germany",NA,"Detmold, Germany",51.936284,8.8791526,"Germany",NA
4679,"Hefei, Anhui, China",31.8665676,117.281428,"China",NA,"Hefei, Anhui, China",31.8665676,117.281428,"China",NA
4680,"Hefei, Anhui, China",31.8665676,117.281428,"China",NA,"Hefei, Anhui, China",31.8665676,117.281428,"China",NA
4681,"Hong Kong, China",22.2793278,114.1628131,"China",NA,"Hong Kong, China",22.2793278,114.1628131,"China",NA
4682,"Taipei, Taiwan",25.0375198,121.5636796,"Taiwan",NA,"Taipei, Taiwan",25.0375198,121.5636796,"Taiwan",NA
4684,"Hong Kong, China",22.2793278,114.1628131,"China",NA,"Xiamen, Fujian, China",24.5438732,118.0768065,"China",NA
4685,"Chongqing, Chongqing, China",30.8101669,108.4034084,"China",NA,"Beijing, Beijing, China",39.9057136,116.3912972,"China",NA
4690,"Xiantao, Hubei, China",30.364029,113.4486702,"China",NA,"Beijing, Beijing, China",39.9057136,116.3912972,"China",NA
4691,"Bazhong, Sichuan, China",32.040248,107.062301,"China",NA,"Beijing, Beijing, China",39.9057136,116.3912972,"China",NA
4693,"Emeishan, Sichuan, China",29.5226655,103.3368637,"China",NA,"Chongqing, China",30.05518,107.8748712,"China",NA
4694,"Zhuji, Zhejiang, China",29.7112121,120.2419855,"China",NA,"Shaoxing, Zhejiang, China",29.9992425,120.576854,"China",NA
4695,"Ninghai, Ningbo, Zhejiang, China",29.2907774,121.4252252,"China",NA,"Ningbo, Zhejiang, China",29.8622194,121.6203873,"China",NA
4702,"Daye, Hubei, China",30.0985567,114.9748074,"China",NA,"Daye, Hubei, China",30.0985567,114.9748074,"China",NA
4705,"Guangzhou, Guangdong, China",23.1301964,113.2592945,"China",NA,"Guangzhou, Guangdong, China",23.1301964,113.2592945,"China",NA
4709,"Wuhu, Anhui, China",31.1800568,118.2141777,"China",NA,"Wuhu, Anhui, China",31.1800568,118.2141777,"China",NA
4710,"Gucheng County, Hebei, China",37.3490348,115.9646818,"China",NA,"Shijiazhuang, China",38.0429742,114.5088385,"China",NA
4713,"Fuzhou, Fujian, China",26.0774954,119.2918215,"China",NA,"Xiamen, Fujian, China",24.5438732,118.0768065,"China",NA
4715,"Shaoxing, Zhejiang, China",29.9992425,120.576854,"China",NA,"Lianyungang, Jiangsu, China",34.5933134,119.2171662,"China",NA
4717,"Dandong, Liaoning, China",40.5791477,124.4407146,"China",NA,"Shenyang, Liaoning, China",41.8026095,123.4279105,"China",NA
4720,"Öhringen, Germany",49.2005034,9.5024397,"Germany",NA,"Künzelsau, Germany",49.2803765,9.6901512,"Germany",NA
4721,"Lake Providence, Louisiana, United States",32.8042966,-91.170109,"United States","Louisiana","Dallas, Texas, United States",32.7762719,-96.7968559,"United States","Texas"
4722,"New York, New York, United States",40.7127281,-74.0060152,"United States","New York","Las Vegas, Nevada, United States",36.1674263,-115.1484131,"United States","Nevada"
4723,"New Haven, Connecticut, United States",41.3082138,-72.9250518,"United States","Connecticut","Palm Beach, Florida, United States",26.6279798,-80.4494174,"United States","Florida"
4724,"Boulder, Colorado, United States",40.0149856,-105.270545,"United States","Colorado","Wilson, Wyoming, United States",43.4989783,-110.8746563,"United States","Wyoming"
4725,"Bern, Switzerland",46.9484742,7.4521749,"Switzerland",NA,"Wilson, Wyoming, United States",43.4989783,-110.8746563,"United States","Wyoming"
4726,"Wuxi, Jiangsu, China",31.5776626,120.2952752,"China",NA,"Ningguo, China",30.4832799,118.9560438,"China",NA
4730,"Xiangyang, Hubei, China",32.010998,112.1163785,"China",NA,"Shenzhen, Guangdong, China",22.5445741,114.0545429,"China",NA
4732,"Wenzhou, Zhejiang, China",27.9963899,120.695345,"China",NA,"Wenzhou, Zhejiang, China",27.9963899,120.695345,"China",NA
4733,"Wenzhou, Zhejiang, China",27.9963899,120.695345,"China",NA,"Wenzhou, Zhejiang, China",27.9963899,120.695345,"China",NA
4734,"Yiyang, Hunan, China",28.438707,112.056694,"China",NA,"Changsha, Hunan, China",28.1450774,113.2384362,"China",NA
4735,"Hefei, Anhui, China",31.8665676,117.281428,"China",NA,"Hefei, Anhui, China",31.8665676,117.281428,"China",NA
4737,"Maoming, Guangdong, China",21.6656961,110.9209511,"China",NA,"Shenzhen, Guangdong, China",22.5445741,114.0545429,"China",NA
4738,"Weifang, Shandong, China",36.7071591,119.1557441,"China",NA,"Beijing, Beijing, China",39.9057136,116.3912972,"China",NA
4739,"Anyue, Sichuan, China",30.0039025,105.399258,"China",NA,"Beijing, Beijing, China",39.9057136,116.3912972,"China",NA
4740,"Beijing, Beijing, China",39.9057136,116.3912972,"China",NA,"Los Altos Hills, California, United States",37.3796627,-122.137463,"United States","California"
4741,"Beijing, Beijing, China",39.9057136,116.3912972,"China",NA,"Los Altos Hills, California, United States",37.3796627,-122.137463,"United States","California"
4745,"Guangzhou, Guangdong, China",23.1301964,113.2592945,"China",NA,"Guangzhou, Guangdong, China",23.1301964,113.2592945,"China",NA
4747,"Ruian, Zhejiang, China",27.7809047,120.6512652,"China",NA,"Hangzhou, Zhejiang, China",30.2489634,120.2052342,"China",NA
4750,"Yichun, Jiangxi, China",28.3803015,115.0153957,"China",NA,"Beijing, Beijing, China",39.9057136,116.3912972,"China",NA
4753,"Longyan, Fujian, China",25.0767425,117.0123483,"China",NA,"Beijing, Beijing, China",39.9057136,116.3912972,"China",NA
4759,"Changchun, Jilin, China",43.8844201,125.3180998,"China",NA,"Tonghua, Jilin, China",42.123889,125.848333,"China",NA
4762,"Wuhan, Hubei, China",30.5951051,114.2999353,"China",NA,"Guangzhou, Guangdong, China",23.1301964,113.2592945,"China",NA
4763,"Hangzhou, Zhejiang, China",30.2489634,120.2052342,"China",NA,"Hangzhou, Zhejiang, China",30.2489634,120.2052342,"China",NA
4769,"Singapore, Singapore",1.357107,103.8194992,"Singapore",NA,"Guangzhou, Guangdong, China",23.1301964,113.2592945,"China",NA
4771,"Jinjiang, Fujian, China",24.784435,118.5477505,"China",NA,"Shanghai, China",31.2323437,121.4691024,"China",NA
4772,"Taikang County, Zhoukou, Henan, China",34.107222,114.808056,"China",NA,"Shenzhen, Guangdong, China",22.5445741,114.0545429,"China",NA
4775,"Taizhou, Jiangsu, China",32.4579729,119.9181174,"China",NA,"Taizhou, Zhejiang, China",28.6581723,121.4163876,"China",NA
4776,"Cixi, Zhejiang, China",30.1730437,121.2623259,"China",NA,"Ningbo, Zhejiang, China",29.8622194,121.6203873,"China",NA
4777,"Shishi, Quanzhou, China",24.7337639,118.6439351,"China",NA,"Hong Kong, China",22.2793278,114.1628131,"China",NA
4779,"Huian, Fujian, China",25.0606368,118.7096977,"China",NA,"Quanzhou, Fujian, China",25.1901863,118.338717,"China",NA
4781,"Huzhou, Zhejiang, China",30.8942995,120.0851114,"China",NA,"Hangzhou, Zhejiang, China",30.2489634,120.2052342,"China",NA
4782,"Ningbo, Zhejiang, China",29.8622194,121.6203873,"China",NA,"Ningbo, Zhejiang, China",29.8622194,121.6203873,"China",NA
4783,"Beijing, Beijing, China",39.9057136,116.3912972,"China",NA,"Beijing, Beijing, China",39.9057136,116.3912972,"China",NA
4784,"Shanghai, China",31.2323437,121.4691024,"China",NA,"Taipei, Taiwan",25.0375198,121.5636796,"Taiwan",NA
4786,"Nanjing, Jiangsu, China",32.0438284,118.7788631,"China",NA,"San Francisco, California, United States",37.7792588,-122.4193286,"United States","California"
4787,"Zibo, Shandong, China",36.8129564,118.0488401,"China",NA,"Guangzhou, Guangdong, China",23.1301964,113.2592945,"China",NA
4789,"Chaozhou, Guangdong, China",23.656593,116.6204223,"China",NA,"Guangzhou, Guangdong, China",23.1301964,113.2592945,"China",NA
4792,"Beijing, Beijing, China",39.9057136,116.3912972,"China",NA,"Beijing, Beijing, China",39.9057136,116.3912972,"China",NA
4796,"Tai'an, Shandong, China",36.2002968,117.0809316,"China",NA,"Beijing, Beijing, China",39.9057136,116.3912972,"China",NA
4797,"Tbilisi, Georgia",41.6934591,44.8014495,"Georgia",NA,"Moscow, Russia",55.625578,37.6063916,"Russia",NA
4798,"Makhachkala, Dagestan, Russia",42.9830241,47.5048717,"Russia",NA,"Moscow, Russia",55.625578,37.6063916,"Russia",NA
4799,"Rostov-on-Don, Russia",47.2610441,39.7249086,"Russia",NA,"Moscow, Russia",55.625578,37.6063916,"Russia",NA
4801,"Seto City, Aichi, Japan",35.2253681,137.1010248,"Japan",NA,"Tokyo, Japan",35.6768601,139.7638947,"Japan",NA
4805,"Kunming, Yunnan, China",25.0363006,102.7086139,"China",NA,"Beijing, Beijing, China",39.9057136,116.3912972,"China",NA
4809,"Ube, Yamaguchi, Japan",33.9518498,131.2472243,"Japan",NA,"Tokyo, Japan",35.6768601,139.7638947,"Japan",NA
4810,"Yanchi County, Ningxia, China",37.6215334,107.0518858,"China",NA,"Yinchuan, China",38.4852037,106.2261926,"China",NA
4811,"New York, New York, United States",40.7127281,-74.0060152,"United States","New York","Yorktown Heights, New York, United States",41.270178,-73.7753539,"United States","New York"
4812,"Shunde, Guangdong, China",22.8054891,113.2894243,"China",NA,"Foshan, Guangdong, China",23.0239788,113.1159558,"China",NA
4815,"Taipei, Taiwan",25.0375198,121.5636796,"Taiwan",NA,"Los Altos Hills, California, United States",37.3796627,-122.137463,"United States","California"
4817,"Hefei, Anhui, China",31.8665676,117.281428,"China",NA,"Beijing, Beijing, China",39.9057136,116.3912972,"China",NA
4818,"Wenzhou, Zhejiang, China",27.9963899,120.695345,"China",NA,"Wenzhou, Zhejiang, China",27.9963899,120.695345,"China",NA
4822,"Chengdu, Sichuan, China",30.659867,104.063315,"China",NA,"Chengdu, Sichuan, China",30.659867,104.063315,"China",NA
4824,"Changsha, Hunan, China",28.1450774,113.2384362,"China",NA,"Changsha, Hunan, China",28.1450774,113.2384362,"China",NA
4825,"Qingdao, Shandong, China",36.0663249,120.3777659,"China",NA,"Qingdao, Shandong, China",36.0663249,120.3777659,"China",NA
4826,"Suqian, Jiangsu, China",33.9644701,118.2696994,"China",NA,"Suqian, Jiangsu, China",33.9644701,118.2696994,"China",NA
4829,"Shangezhen, Pinghe County, Zhangzhou, Fujian, China",24.3563,117.40836,"China",NA,"Xiamen, Fujian, China",24.5438732,118.0768065,"China",NA
4830,"Hefei, Anhui, China",31.8665676,117.281428,"China",NA,"Beijing, Beijing, China",39.9057136,116.3912972,"China",NA
4832,"Dongguan, Guangdong, China",23.0183568,113.7452332,"China",NA,"Dongguan, Guangdong, China",23.0183568,113.7452332,"China",NA
4833,"Meizhou, Guangdong, China",24.2918414,116.1171428,"China",NA,"Guangzhou, Guangdong, China",23.1301964,113.2592945,"China",NA
4834,"Meizhou, Guangdong, China",24.2918414,116.1171428,"China",NA,"Guangzhou, Guangdong, China",23.1301964,113.2592945,"China",NA
4836,"Yiyang, Hunan, China",28.438707,112.056694,"China",NA,"Beijing, Beijing, China",39.9057136,116.3912972,"China",NA
4841,"Zhuji County, Shaoxing City, Zhejiang, China",29.70167,120.6,"China",NA,"Hangzhou, Zhejiang, China",30.2489634,120.2052342,"China",NA
4842,"Shantou, Guangdong, China",23.3563921,116.6775856,"China",NA,"Shenzhen, Guangdong, China",22.5445741,114.0545429,"China",NA
4844,"Santiago, Chile",-33.4377756,-70.6504502,"Chile",NA,"Santiago, Chile",-33.4377756,-70.6504502,"Chile",NA
4845,"New York, New York, United States",40.7127281,-74.0060152,"United States","New York","Haverford, Pennsylvania, United States",40.0131672,-75.2943516,"United States","Pennsylvania"
4846,"Ogaki, Gifu, Japan",35.3671141,136.6179746,"Japan",NA,"Singapore, Singapore",1.357107,103.8194992,"Singapore",NA
4849,"Aksaray, Turkey",38.4326291,33.8976963,"Turkey",NA,"Istanbul, Turkey",41.006381,28.9758715,"Turkey",NA
4850,"Istanbul, Turkey",41.006381,28.9758715,"Turkey",NA,"Istanbul, Turkey",41.006381,28.9758715,"Turkey",NA
4851,"Danjiangkou, Hubei, China",32.5453821,111.1846605,"China",NA,"Guangzhou, Guangdong, China",23.1301964,113.2592945,"China",NA
4852,"Meizhou, Guangdong, China",24.2918414,116.1171428,"China",NA,"Hong Kong, China",22.2793278,114.1628131,"China",NA
4855,"Ningbo, Zhejiang, China",29.8622194,121.6203873,"China",NA,"Hangzhou, Zhejiang, China",30.2489634,120.2052342,"China",NA
4856,"Jiaxing, Zhejiang, China",30.7474425,120.7510971,"China",NA,"Hangzhou, Zhejiang, China",30.2489634,120.2052342,"China",NA
4858,"Shanwei, Guangdong, China",23.0123639,115.5099937,"China",NA,"Shenzhen, Guangdong, China",22.5445741,114.0545429,"China",NA
4862,"Hong Kong, China",22.2793278,114.1628131,"China",NA,"Hong Kong, China",22.2793278,114.1628131,"China",NA
4863,"Hong Kong, China",22.2793278,114.1628131,"China",NA,"Hong Kong, China",22.2793278,114.1628131,"China",NA
4864,"Smolensk, Russia",54.7789701,32.0471812,"Russia",NA,"Moscow, Russia",55.625578,37.6063916,"Russia",NA
4865,"Yueyang, Hunan, China",29.060703,113.348653,"China",NA,"Changsha, Hunan, China",28.1450774,113.2384362,"China",NA
4867,"Haokouzhen, Qianjiang, Hubei, China",30.38128,112.63993,"China",NA,"Guangzhou, Guangdong, China",23.1301964,113.2592945,"China",NA
4870,"Taipei, Taiwan",25.0375198,121.5636796,"Taiwan",NA,"Taipei, Taiwan",25.0375198,121.5636796,"Taiwan",NA
4872,"Hong Kong, China",22.2793278,114.1628131,"China",NA,"Hong Kong, China",22.2793278,114.1628131,"China",NA
4873,"Jining, Shandong, China",35.4125047,116.5849266,"China",NA,"Yanzhou, China",36.602796,109.4873978,"China",NA
4879,"Ruian, Zhejiang, China",27.7809047,120.6512652,"China",NA,"Wenzhou, Zhejiang, China",27.9963899,120.695345,"China",NA
4880,"Detroit, Michigan, United States",42.3315509,-83.046640300000007,"United States","Michigan","Ypsilanti, Michigan, United States",42.241051,-83.6117646,"United States","Michigan"
4881,"Shaoxing, Zhejiang, China",29.9992425,120.576854,"China",NA,"Shaoxing, Zhejiang, China",29.9992425,120.576854,"China",NA
4884,"Shengzhou, Zhejiang, China",29.5644007,120.8266704,"China",NA,"Shaoxing, Zhejiang, China",29.9992425,120.576854,"China",NA
4885,"Tonglu, Zhejiang, China",29.7965627,119.6876858,"China",NA,"Shanghai, China",31.2323437,121.4691024,"China",NA
4888,"Jiangyin, Jiangsu, China",31.9215518,120.2808847,"China",NA,"Beijing, Beijing, China",39.9057136,116.3912972,"China",NA
4889,"Fuzhou, Fujian, China",26.0774954,119.2918215,"China",NA,"Shanghai, China",31.2323437,121.4691024,"China",NA
4890,"Ninghai, Ningbo, Zhejiang, China",29.2907774,121.4252252,"China",NA,"Ningbo, Zhejiang, China",29.8622194,121.6203873,"China",NA
4891,"Ningbo, Zhejiang, China",29.8622194,121.6203873,"China",NA,"Ningbo, Zhejiang, China",29.8622194,121.6203873,"China",NA
4894,"Wafangdian, Liaoning, China",39.6236752,122.005039,"China",NA,"Shanghai, China",31.2323437,121.4691024,"China",NA
4895,"Jinhua, Zhejiang, China",29.1080344,119.6486487,"China",NA,"Yiwu, Zhejiang, China",29.3093002,120.0703805,"China",NA
4897,"Tai'an, Shandong, China",36.2002968,117.0809316,"China",NA,"Santa Clara, California, United States",37.3541132,-121.955174,"United States","California"
4898,"Suzhou, Jiangsu, China",31.311123,120.6212881,"China",NA,"Suzhou, Jiangsu, China",31.311123,120.6212881,"China",NA
4902,"Shapingba, Chongqing, China",29.5436056,106.4534691,"China",NA,"Nanjing, Jiangsu, China",32.0438284,118.7788631,"China",NA
4905,"Pottsville, Pennsylvania, United States",40.6851324,-76.1953701,"United States","Pennsylvania","Pottsville, Pennsylvania, United States",40.6851324,-76.1953701,"United States","Pennsylvania"
4906,"Xiangfen County, Linfen, Shanxi, China",35.876786,111.394628,"China",NA,"Beijing, Beijing, China",39.9057136,116.3912972,"China",NA
4907,"Rongcheng, Shandong, China",37.1649467,122.482296,"China",NA,"Weihai, Shandong, China",37.5120997,122.1152599,"China",NA
4909,"Derbent, Dagestan, Russia",42.057858,48.2887648,"Russia",NA,"Moscow, Russia",55.625578,37.6063916,"Russia",NA
4915,"Beersheba, Israel",31.2457442,34.7925181,"Israel",NA,"Atlanta, Georgia, United States",33.7544657,-84.3898151,"United States","Georgia"
4916,"Detroit, Michigan, United States",42.3315509,-83.046640300000007,"United States","Michigan","Jacksonville, Florida, United States",30.3321838,-81.655651,"United States","Florida"
4919,"Milan, Italy",45.4641943,9.1896346,"Italy",NA,"Monaco, Monaco",43.7323492,7.4276832,"Monaco",NA
4920,"Huangjincun, Nantong, Jiangsu, China",32.09168,120.9837,"China",NA,"Nantong, Jiangsu, China",31.9827896,120.8904588,"China",NA
4921,"Prince Albert, Saskatchewan, Canada",53.201097,-105.748901,"Canada",NA,"San Francisco, California, United States",37.7792588,-122.4193286,"United States","California"
4923,"Haifa, Israel",32.8191218,34.9983856,"Israel",NA,"Los Altos, California, United States",37.3790629,-122.116578,"United States","California"
4924,"New York, New York, United States",40.7127281,-74.0060152,"United States","New York","New York, New York, United States",40.7127281,-74.0060152,"United States","New York"
4925,"Windsor, Ontario, Canada",42.2858536,-82.9780695,"Canada",NA,"Bloomfield Hills, Michigan, United States",42.583645,-83.2454883,"United States","Michigan"
4926,"Windsor, Ontario, Canada",42.2858536,-82.9780695,"Canada",NA,"Windsor, Ontario, Canada",42.2858536,-82.9780695,"Canada",NA
4927,"Windsor, Ontario, Canada",42.2858536,-82.9780695,"Canada",NA,"Windsor, Ontario, Canada",42.2858536,-82.9780695,"Canada",NA
4929,"Highland Park, Illinois, United States",42.1836719,-87.7993245,"United States","Illinois","Chicago, Illinois, United States",41.8755616,-87.6244212,"United States","Illinois"
4931,"Shaodong, Hunan, China",27.1972513,111.8459833,"China",NA,"Yongzhou, China",25.781344,111.6979977,"China",NA
4933,"Shaodong, Hunan, China",27.1972513,111.8459833,"China",NA,"Shaoyang, China",26.9443424,110.9631102,"China",NA
4934,"Shenzhen, Guangdong, China",22.5445741,114.0545429,"China",NA,"Shenzhen, Guangdong, China",22.5445741,114.0545429,"China",NA
4938,"Ningde, Fujian, China",27.0143281,119.4385501,"China",NA,"Ningde, Fujian, China",27.0143281,119.4385501,"China",NA
4939,"Guangzhou, Guangdong, China",23.1301964,113.2592945,"China",NA,"Guangzhou, Guangdong, China",23.1301964,113.2592945,"China",NA
4940,"Minhou County, Fujian, China",26.1538384,119.125678,"China",NA,"Beijing, Beijing, China",39.9057136,116.3912972,"China",NA
4942,"Jianyang, Chengdu, Sichuan, China",30.3915544,104.5532107,"China",NA,"Singapore, Singapore",1.357107,103.8194992,"Singapore",NA
4943,"Shanghai, China",31.2323437,121.4691024,"China",NA,"Hangzhou, Zhejiang, China",30.2489634,120.2052342,"China",NA
4944,"Zouping, Shandong, China",36.8629315,117.736995,"China",NA,"Binzhou, Shandong, China",37.3821206,117.9647262,"China",NA
4945,"Jixi, Heilongjiang, China",45.65802,132.461493,"China",NA,"Dongguan, Guangdong, China",23.0183568,113.7452332,"China",NA
4946,"Shaoguan, Guangdong, China",24.8309489,113.8155263,"China",NA,"Dongguan, Guangdong, China",23.0183568,113.7452332,"China",NA
4948,"Tianchang, Anhui, China",32.8155558,119.0155138,"China",NA,"Nanjing, Jiangsu, China",32.0438284,118.7788631,"China",NA
4949,"Beijing, Beijing, China",39.9057136,116.3912972,"China",NA,"Beijing, Beijing, China",39.9057136,116.3912972,"China",NA
4950,"Hong Kong, China",22.2793278,114.1628131,"China",NA,"Nanjing, Jiangsu, China",32.0438284,118.7788631,"China",NA
4952,"Chengdu, Sichuan, China",30.659867,104.063315,"China",NA,"Shanghai, China",31.2323437,121.4691024,"China",NA
4955,"Xinchang, Zhejiang, China",29.5031469,120.8986631,"China",NA,"Shaoxing, Zhejiang, China",29.9992425,120.576854,"China",NA
4957,"Chengdu, Sichuan, China",30.659867,104.063315,"China",NA,"Shenzhen, Guangdong, China",22.5445741,114.0545429,"China",NA
4965,"Ningbo, Zhejiang, China",29.8622194,121.6203873,"China",NA,"Ningbo, Zhejiang, China",29.8622194,121.6203873,"China",NA
4966,"Xuzhou, Jiangsu, China",34.2665258,117.1810431,"China",NA,"Beijing, Beijing, China",39.9057136,116.3912972,"China",NA
4970,"Guangzhou, Guangdong, China",23.1301964,113.2592945,"China",NA,"Guangzhou, Guangdong, China",23.1301964,113.2592945,"China",NA
4971,"Jixi, Anhui, China",30.1522529,118.6763757,"China",NA,"Wuhu, Anhui, China",31.1800568,118.2141777,"China",NA
4975,"Shanghai, China",31.2323437,121.4691024,"China",NA,"Singapore, Singapore",1.357107,103.8194992,"Singapore",NA
4977,"Chaozhou, Guangdong, China",23.656593,116.6204223,"China",NA,"Chaozhou, Guangdong, China",23.656593,116.6204223,"China",NA
4980,"Tonglu, Zhejiang, China",29.7965627,119.6876858,"China",NA,"Shanghai, China",31.2323437,121.4691024,"China",NA
4981,"Chongqing, Chongqing, China",30.8101669,108.4034084,"China",NA,"Chongqing, China",30.05518,107.8748712,"China",NA
4982,"Baotou, Inner Mongolia, China",40.6174777,109.944912,"China",NA,"Beijing, Beijing, China",39.9057136,116.3912972,"China",NA
4984,"Fuzhou, Fujian, China",26.0774954,119.2918215,"China",NA,"Fuzhou, Fujian, China",26.0774954,119.2918215,"China",NA
4986,"Chiping, Shandong, China",36.5865512,116.2406737,"China",NA,"Liaocheng, Shandong, China",36.4441808,115.9642007,"China",NA
4987,"Pingyuan County, Guangdong, China",24.660628,115.910067,"China",NA,"Jiaxing, Zhejiang, China",30.7474425,120.7510971,"China",NA
4988,"Longyan, Fujian, China",25.0767425,117.0123483,"China",NA,"Singapore, Singapore",1.357107,103.8194992,"Singapore",NA
4989,"Nanchang, Jiangxi, China",28.6472124,116.0348483,"China",NA,"Nanchang, Jiangxi, China",28.6472124,116.0348483,"China",NA
4990,"Suqian, Jiangsu, China",33.9644701,118.2696994,"China",NA,"Suqian, Jiangsu, China",33.9644701,118.2696994,"China",NA
4991,"Chenzhou, Hunan, China",25.7733598,113.0094337,"China",NA,"Changsha, Hunan, China",28.1450774,113.2384362,"China",NA
4992,"Tongxiang, Zhejiang, China",30.6316971,120.5610365,"China",NA,"Tongxiang, Zhejiang, China",30.6316971,120.5610365,"China",NA
4994,"Shantou, Guangdong, China",23.3563921,116.6775856,"China",NA,"Beijing, Beijing, China",39.9057136,116.3912972,"China",NA
4995,"Dongguan, Guangdong, China",23.0183568,113.7452332,"China",NA,"Shenzhen, Guangdong, China",22.5445741,114.0545429,"China",NA
4997,"Gaojingcun, Shangyu District, Zhejiang, China",30.2857,120.065,"China",NA,"Beijing, Beijing, China",39.9057136,116.3912972,"China",NA
4998,"Dongyang, Zhejiang, China",29.2924528,120.2372669,"China",NA,"Shenzhen, Guangdong, China",22.5445741,114.0545429,"China",NA
5000,"Jilin, Jilin, China",43.8349669,126.5438702,"China",NA,"Jilin, Jilin, China",43.8349669,126.5438702,"China",NA
5001,"Lianyungang, Jiangsu, China",34.5933134,119.2171662,"China",NA,"Dubai, United Arab Emirates",25.0742823,55.1885387,"United Arab Emirates",NA
5004,"Zhaotong, Yunnan, China",27.3417508,103.7146923,"China",NA,"Beijing, Beijing, China",39.9057136,116.3912972,"China",NA
5005,"Ürümqi, Xinjiang, China",43.8244074,87.6139038,"China",NA,"San Francisco, California, United States",37.7792588,-122.4193286,"United States","California"
5007,"Xi'an, Shaanxi, China",34.261004,108.9423363,"China",NA,"Xi'an, Shaanxi, China",34.261004,108.9423363,"China",NA
5010,"Shawan County, Xinjiang, China",44.4193,85.53523,"China",NA,"Beijing, Beijing, China",39.9057136,116.3912972,"China",NA
5013,"Wenzhou, Zhejiang, China",27.9963899,120.695345,"China",NA,"Taipei, Taiwan",25.0375198,121.5636796,"Taiwan",NA
5017,"Ningbo, Zhejiang, China",29.8622194,121.6203873,"China",NA,"Ningbo, Zhejiang, China",29.8622194,121.6203873,"China",NA
5020,"Luoyuan, Fujian, China",26.4929647,119.5448198,"China",NA,"Beijing, Beijing, China",39.9057136,116.3912972,"China",NA
5022,"Iultin, Russia",67.8759739,-178.733225,"Russia",NA,"Kyiv, Ukraine",50.4500336,30.5241361,"Ukraine",NA
5024,"Beijing, Beijing, China",39.9057136,116.3912972,"China",NA,"Beijing, Beijing, China",39.9057136,116.3912972,"China",NA
5025,"Lianyungang, Jiangsu, China",34.5933134,119.2171662,"China",NA,"Shanghai, China",31.2323437,121.4691024,"China",NA
5027,"Huazhou, Guangdong, China",21.8302699,110.5300134,"China",NA,"Foshan, Guangdong, China",23.0239788,113.1159558,"China",NA
5030,"Zhuji, Zhejiang, China",29.7112121,120.2419855,"China",NA,"Hangzhou, Zhejiang, China",30.2489634,120.2052342,"China",NA
5036,"Lishui, Zhejiang, China",28.4704064,119.9184297,"China",NA,"Shanghai, China",31.2323437,121.4691024,"China",NA
5039,"Huanggang, Hubei, China",30.4560187,114.8673226,"China",NA,"Beijing, Beijing, China",39.9057136,116.3912972,"China",NA
5040,"Shanghai, China",31.2323437,121.4691024,"China",NA,"Shenzhen, Guangdong, China",22.5445741,114.0545429,"China",NA
5042,"Jiangyin, Jiangsu, China",31.9215518,120.2808847,"China",NA,"Jiangyin, Jiangsu, China",31.9215518,120.2808847,"China",NA
5046,"Changsha, Hunan, China",28.1450774,113.2384362,"China",NA,"Shenzhen, Guangdong, China",22.5445741,114.0545429,"China",NA
5048,"Hutian, Xiangxiang, Hunan, China",27.8558941,112.0452877,"China",NA,"Hong Kong, China",22.2793278,114.1628131,"China",NA
5051,"Hefei, Anhui, China",31.8665676,117.281428,"China",NA,"Hefei, Anhui, China",31.8665676,117.281428,"China",NA
5054,"Lijiang, Yunnan, China",26.8595868,100.2249797,"China",NA,"Beijing, Beijing, China",39.9057136,116.3912972,"China",NA
5055,"Wuxi, Jiangsu, China",31.5776626,120.2952752,"China",NA,"Wuxi, Jiangsu, China",31.5776626,120.2952752,"China",NA
5056,"Shantou, Guangdong, China",23.3563921,116.6775856,"China",NA,"Zhangjiagang, China",31.8782976,120.55145950000001,"China",NA
5057,"Shaoxing, Zhejiang, China",29.9992425,120.576854,"China",NA,"Shaoxing, Zhejiang, China",29.9992425,120.576854,"China",NA
5059,"Fuzhou, Fujian, China",26.0774954,119.2918215,"China",NA,"Shenzhen, Guangdong, China",22.5445741,114.0545429,"China",NA
5060,"Liuhuang, Fengshun County, Meizhou, Guangdong, China",23.9159398,116.4601492,"China",NA,"Guangzhou, Guangdong, China",23.1301964,113.2592945,"China",NA
5061,"Weinan, Shaanxi, China",34.5169112,109.4643291,"China",NA,"Beijing, Beijing, China",39.9057136,116.3912972,"China",NA
5064,"Donggouzhen, Funing, Jiangsu, China",32.27194,118.98955,"China",NA,"Shanghai, China",31.2323437,121.4691024,"China",NA
5065,"Xi'an, Shaanxi, China",34.261004,108.9423363,"China",NA,"Harbin, Heilongjiang, China",45.7593633,126.6276177,"China",NA
5067,"Zhoukou, Henan, China",33.808333,114.911944,"China",NA,"Zhengzhou, Henan, China",34.7472531,113.619321,"China",NA
5069,"Yueyang, Hunan, China",29.060703,113.348653,"China",NA,"Shenzhen, Guangdong, China",22.5445741,114.0545429,"China",NA
5071,"Tongcheng, Anhui, China",31.0382269,116.9689629,"China",NA,"Nanjing, Jiangsu, China",32.0438284,118.7788631,"China",NA
5072,"Yancheng, Jiangsu, China",33.349559,120.1577019,"China",NA,"Beijing, Beijing, China",39.9057136,116.3912972,"China",NA
5075,"Jiaxing, Zhejiang, China",30.7474425,120.7510971,"China",NA,"Jiaxing, Zhejiang, China",30.7474425,120.7510971,"China",NA
5080,"New York, New York, United States",40.7127281,-74.0060152,"United States","New York","North Palm Beach, Florida, United States",26.8237944,-80.0559266,"United States","Florida"
5083,"Sebezh, Pskov, Russia",56.2774187,28.4848862,"Russia",NA,"St. Petersburg, Russia",59.938732,30.316229,"Russia",NA
5086,"Suqian, Jiangsu, China",33.9644701,118.2696994,"China",NA,"Hangzhou, Zhejiang, China",30.2489634,120.2052342,"China",NA
5088,"Babadag, Turkey",37.8077123,28.856383,"Turkey",NA,"Istanbul, Turkey",41.006381,28.9758715,"Turkey",NA
5091,"Charleston, South Carolina, United States",32.7884363,-79.9399309,"United States","South Carolina","Charleston, South Carolina, United States",32.7884363,-79.9399309,"United States","South Carolina"
5093,"White Plains, New York, United States",41.0339862,-73.7629097,"United States","New York","Palo Alto, California, United States",37.4443293,-122.1598465,"United States","California"
5094,"Montreal, Quebec, Canada",45.5031824,-73.5698065,"Canada",NA,"New York, New York, United States",40.7127281,-74.0060152,"United States","New York"
5095,"Rehovot, Israel",31.8952532,34.8105616,"Israel",NA,"Tel Aviv, Israel",32.0852997,34.7818064,"Israel",NA
5097,"Kimovsk, Russia",53.9699,38.5327,"Russia",NA,"Moscow, Russia",55.625578,37.6063916,"Russia",NA
5827,"Jeddah, Saudi Arabia",21.5504432,39.1742363,"Saudi Arabia",NA,"Riyadh, Saudi Arabia",23.333333,45.333333,"Saudi Arabia",NA
5854,"Stadskanaal, Netherlands",52.9962401,7.0014349,"Netherlands",NA,"Ceský Sternberk, Czechia",49.8108883,14.9281503,"Czechia",NA
5861,"Ludhiana, Punjab, India",30.9090157,75.851601,"India",NA,"Bengaluru, Karnataka, India",12.9767936,77.590082,"India",NA
5863,"Las Vegas, Nevada, United States",36.1674263,-115.1484131,"United States","Nevada","Las Vegas, Nevada, United States",36.1674263,-115.1484131,"United States","Nevada"
5870,"Massillon, Ohio, United States",40.7965119,-81.5231597,"United States","Ohio","Cincinnati, Ohio, United States",39.1014537,-84.5124602,"United States","Ohio"
5873,"Pittsburgh, Pennsylvania, United States",40.4416941,-79.9900861,"United States","Pennsylvania","Hillsborough, California, United States",37.557252,-122.362529,"United States","California"
5881,"Brownsville, Texas, United States",25.9024289,-97.4981698,"United States","Texas","Dallas, Texas, United States",32.7762719,-96.7968559,"United States","Texas"
5885,"Pontus, Greece",38.009,22.04175,"Greece",NA,"Athens, Greece",37.9755648,23.7348324,"Greece",NA
5888,"Tunki, Maharashtra, India",20.1325473,74.8461521,"India",NA,"Mumbai, Maharashtra, India",19.054999,72.8692035,"India",NA
5901,"Zug, Switzerland",47.1486137,8.5539378,"Switzerland",NA,"New York, New York, United States",40.7127281,-74.0060152,"United States","New York"
5904,"Tartu, Estonia",58.3801207,26.72245,"Estonia",NA,"London, United Kingdom",51.4893335,-0.1440551,"United Kingdom",NA
5910,"Kansas City, Missouri, United States",39.100105,-94.5781416,"United States","Missouri","New York, New York, United States",40.7127281,-74.0060152,"United States","New York"
5917,"Narberth, Pennsylvania, United States",40.0084456,-75.26046,"United States","Pennsylvania","Küsnacht, Switzerland",47.3176276,8.5830859,"Switzerland",NA
5920,"Los Angeles, California, United States",34.0536909,-118.242766,"United States","California","Miami, Florida, United States",25.7741728,-80.19362,"United States","Florida"
5924,"Lasswade, Scotland, United Kingdom",55.8832144,-3.1147415,"United Kingdom",NA,"Shalden, United Kingdom",51.1744555,-0.9961017,"United Kingdom",NA
5927,"Piraeus, Greece",37.9431594,23.6470593,"Greece",NA,"Piraeus, Greece",37.9431594,23.6470593,"Greece",NA
5930,"Lexington, Kentucky, United States",38.0464066,-84.4970393,"United States","Kentucky","Lake Mary, Florida, United States",28.7562749,-81.322093,"United States","Florida"
5931,"Philadelphia, Pennsylvania, United States",39.9527237,-75.1635262,"United States","Pennsylvania","Bryn Mawr, Pennsylvania, United States",40.0238245,-75.3173407,"United States","Pennsylvania"
5935,"Sagamu, Ogun State, Nigeria",6.8477165,3.6440551,"Nigeria",NA,"New York, New York, United States",40.7127281,-74.0060152,"United States","New York"
5943,"Cincinnati, Ohio, United States",39.1014537,-84.5124602,"United States","Ohio","Columbus, Ohio, United States",39.9622601,-83.0007065,"United States","Ohio"
5946,"Chicago, Illinois, United States",41.8755616,-87.6244212,"United States","Illinois","Satellite Beach, Florida, United States",28.1760051,-80.5904623,"United States","Florida"
5949,"Thal, Styria, Austria",47.0792405,15.3549817,"Austria",NA,"Los Angeles, California, United States",34.0536909,-118.242766,"United States","California"
5950,"New York, New York, United States",40.7127281,-74.0060152,"United States","New York","New York, New York, United States",40.7127281,-74.0060152,"United States","New York"
5952,"Islip, New York, United States",40.7300685,-73.2107266,"United States","New York","East Setauket, New York, United States",40.919085,-73.0963408,"United States","New York"
5953,"Long Branch, New Jersey, United States",40.3042778,-73.9923596,"United States","New Jersey","Colts Neck, New Jersey, United States",40.2876108,-74.1723652,"United States","New Jersey"
5958,"Klang, Malaysia",3.0448394,101.4447363,"Malaysia",NA,"Petaling Jaya, Malaysia",3.0988792,101.6454202,"Malaysia",NA
5962,"Guatemala City, Guatemala",14.6416142,-90.5132836,"Guatemala",NA,"Pittsburgh, Pennsylvania, United States",40.4416941,-79.9900861,"United States","Pennsylvania"
5963,"Los Alamos, New Mexico, United States",35.88137,-106.298959,"United States","New Mexico","San Francisco, California, United States",37.7792588,-122.4193286,"United States","California"
5968,"Yueyang, Hunan, China",29.060703,113.348653,"China",NA,"Beijing, Beijing, China",39.9057136,116.3912972,"China",NA
5975,"Utica, New York, United States",43.1009031,-75.2326641,"United States","New York","Falls Church, Virginia, United States",38.882334,-77.1710914,"United States","Virginia"
5980,"Southerland Shire, New South Wales, Australia",-29.9661922,151.1860629,"Australia",NA,"New York, New York, United States",40.7127281,-74.0060152,"United States","New York"
5982,"Shangqiu, Henan, China",34.4168215,115.6507447,"China",NA,"Zhengzhou, Henan, China",34.7472531,113.619321,"China",NA
5983,"Shangqiu, Henan, China",34.4168215,115.6507447,"China",NA,"Zhengzhou, Henan, China",34.7472531,113.619321,"China",NA
5987,"Quebec City, Quebec, Canada",46.8137431,-71.2084061,"Canada",NA,"Tel Aviv, Israel",32.0852997,34.7818064,"Israel",NA
5990,"Riyadh, Saudi Arabia",23.333333,45.333333,"Saudi Arabia",NA,"Riyadh, Saudi Arabia",23.333333,45.333333,"Saudi Arabia",NA
5995,"Riyadh, Saudi Arabia",23.333333,45.333333,"Saudi Arabia",NA,"Riyadh, Saudi Arabia",23.333333,45.333333,"Saudi Arabia",NA
5998,"Buraydah, Saudi Arabia",26.331667,43.971667,"Saudi Arabia",NA,"Riyadh, Saudi Arabia",23.333333,45.333333,"Saudi Arabia",NA
5999,"Dubai, United Arab Emirates",25.0742823,55.1885387,"United Arab Emirates",NA,"Dubai, United Arab Emirates",25.0742823,55.1885387,"United Arab Emirates",NA
6000,"San Francisco, California, United States",37.7792588,-122.4193286,"United States","California","San Francisco, California, United States",37.7792588,-122.4193286,"United States","California"
6001,"San Francisco, California, United States",37.7792588,-122.4193286,"United States","California","San Francisco, California, United States",37.7792588,-122.4193286,"United States","California"
6002,"Piraeus, Greece",37.9431594,23.6470593,"Greece",NA,"Athens, Greece",37.9755648,23.7348324,"Greece",NA
6003,"Crato, Ceara, Brazil",-7.2369112,-39.4149236,"Brazil",NA,"São Paulo, São Paulo, Brazil",-23.5506507,-46.6333824,"Brazil",NA
6005,"Lewistown, Montana, United States",47.0639275,-109.428213,"United States","Montana","Tulsa, Oklahoma, United States",36.1563122,-95.9927516,"United States","Oklahoma"
6007,"New York, New York, United States",40.7127281,-74.0060152,"United States","New York","Los Angeles, California, United States",34.0536909,-118.242766,"United States","California"
6009,"Los Angeles, California, United States",34.0536909,-118.242766,"United States","California","Geyserville, California, United States",38.707687,-122.902496,"United States","California"
6011,"Moscow, Russia",55.625578,37.6063916,"Russia",NA,"Moscow, Russia",55.625578,37.6063916,"Russia",NA
6022,"Fulton County, Georgia, United States",34.0581147,-84.2961712,"United States","Georgia","Atlanta, Georgia, United States",33.7544657,-84.3898151,"United States","Georgia"
6023,"Smithfield, North Carolina, United States",35.5111996,-78.346102,"United States","North Carolina","Raleigh, North Carolina, United States",35.7803977,-78.6390989,"United States","North Carolina"
6024,"Fort Worth, Texas, United States",32.753177,-97.3327459,"United States","Texas","Houston, Texas, United States",29.7589382,-95.3676974,"United States","Texas"
6025,"San Francisco, California, United States",37.7792588,-122.4193286,"United States","California","San Francisco, California, United States",37.7792588,-122.4193286,"United States","California"
6032,"Xinchang, Zhejiang, China",29.5031469,120.8986631,"China",NA,"Shanghai, China",31.2323437,121.4691024,"China",NA
6035,"Wen County, Gansu, China",32.9259184,104.782338,"China",NA,"Huizhou, China",23.1125153,114.4127007,"China",NA
6037,"Brighton, United Kingdom",50.8356838,-0.2939213,"United Kingdom",NA,"San Francisco, California, United States",37.7792588,-122.4193286,"United States","California"
6040,"Crest, Drôme, France",44.7282675,5.0236641,"France",NA,"Paris, France",48.8588897,2.320041,"France",NA
6041,"Somerville, Massachusetts, United States",42.3875968,-71.0994968,"United States","Massachusetts","Winchester, Massachusetts, United States",42.4523178,-71.1369982,"United States","Massachusetts"
6042,"Wigan, Greater Manchester, United Kingdom",53.5457188,-2.6264624,"United Kingdom",NA,"London, United Kingdom",51.4893335,-0.1440551,"United Kingdom",NA
6044,"Ramat HaSharon, Israel",32.1431276,34.8380853,"Israel",NA,"Hod HaSharon, Israel",32.1561974,34.8930354,"Israel",NA
6045,"Santa Clara County, California, United States",37.2333253,-121.6846349,"United States","California","Los Angeles, California, United States",34.0536909,-118.242766,"United States","California"
6047,"Rome, Italy",41.8933203,12.4829321,"Italy",NA,"Rome, Italy",41.8933203,12.4829321,"Italy",NA
6049,"Nantong, Jiangsu, China",31.9827896,120.8904588,"China",NA,"Shanghai, China",31.2323437,121.4691024,"China",NA
6050,"Seward, Nebraska, United States",40.8695533,-97.1706676,"United States","Nebraska","Lincoln, Nebraska, United States",40.8088861,-96.7077751,"United States","Nebraska"
6051,"Indianapolis, Indiana, United States",39.7683331,-86.1583502,"United States","Indiana","New York, New York, United States",40.7127281,-74.0060152,"United States","New York"
6052,"Beshankovichy, Belarus",55.0457981,29.4578212,"Belarus",NA,"St. Petersburg, Russia",59.938732,30.316229,"Russia",NA
6064,"Şanlıurfa, Turkey",37.2595198,39.0408174,"Turkey",NA,"Ankara, Turkey",39.9207759,32.8540497,"Turkey",NA
6065,"Clark County, Nevada, United States",36.3467726,-115.090737,"United States","Nevada","New York, New York, United States",40.7127281,-74.0060152,"United States","New York"
6069,"Magnitogorsk, Chelyabinsk, Russia",53.4256867,59.0507322,"Russia",NA,"Moscow, Russia",55.625578,37.6063916,"Russia",NA
6070,"Boston, Massachusetts, United States",42.3554334,-71.060511,"United States","Massachusetts","Los Angeles, California, United States",34.0536909,-118.242766,"United States","California"
6073,"Santa Clara County, California, United States",37.2333253,-121.6846349,"United States","California","Los Angeles, California, United States",34.0536909,-118.242766,"United States","California"
6075,"Paris, France",48.8588897,2.320041,"France",NA,"Paris, France",48.8588897,2.320041,"France",NA
6077,"Santa Clara County, California, United States",37.2333253,-121.6846349,"United States","California","Charleston, South Carolina, United States",32.7884363,-79.9399309,"United States","South Carolina"
6078,"Smithfield, North Carolina, United States",35.5111996,-78.346102,"United States","North Carolina","Raleigh, North Carolina, United States",35.7803977,-78.6390989,"United States","North Carolina"
6080,"Duncan, Oklahoma, United States",34.5023029,-97.9578129,"United States","Oklahoma","Fort Worth, Texas, United States",32.753177,-97.3327459,"United States","Texas"
6081,"Marshall, Arkansas, United States",35.9089643,-92.6312746,"United States","Arkansas","Fort Worth, Texas, United States",32.753177,-97.3327459,"United States","Texas"
6082,"Marshall, Arkansas, United States",35.9089643,-92.6312746,"United States","Arkansas","Fort Worth, Texas, United States",32.753177,-97.3327459,"United States","Texas"
6086,"New York, New York, United States",40.7127281,-74.0060152,"United States","New York","New York, New York, United States",40.7127281,-74.0060152,"United States","New York"
6089,"McKeesport, Pennsylvania, United States",40.3478472,-79.864215,"United States","Pennsylvania","The Plains, Virginia, United States",38.8624506,-77.774073,"United States","Virginia"
6092,"Chicago, Illinois, United States",41.8755616,-87.6244212,"United States","Illinois","Pacifica, California, United States",37.5980374,-122.4995234,"United States","California"
6094,"St. Petersburg, Russia",59.938732,30.316229,"Russia",NA,"Moscow, Russia",55.625578,37.6063916,"Russia",NA
6095,"Austin, Texas, United States",30.2711286,-97.7436995,"United States","Texas","Dallas, Texas, United States",32.7762719,-96.7968559,"United States","Texas"
6098,"Fengshun County, Meizhou, Guangdong, China",23.8972166,116.2476093,"China",NA,"Shenzhen, Guangdong, China",22.5445741,114.0545429,"China",NA
6100,"Mililing, Wuchuan, Zhanjiang, Guangdong, China",21.48691,110.6368,"China",NA,"Hangzhou, Zhejiang, China",30.2489634,120.2052342,"China",NA
6104,"Moscow, Russia",55.625578,37.6063916,"Russia",NA,"Moscow, Russia",55.625578,37.6063916,"Russia",NA
6105,"Moscow, Russia",55.625578,37.6063916,"Russia",NA,"Moscow, Russia",55.625578,37.6063916,"Russia",NA
6106,"Penzin, Germany",53.9145196,11.9248717,"Germany",NA,"Oranienburg, Germany",52.7529379,13.2457591,"Germany",NA
6107,"Fremont, California, United States",37.5482697,-121.988571,"United States","California","Austin, Texas, United States",30.2711286,-97.7436995,"United States","Texas"
6108,"New York, New York, United States",40.7127281,-74.0060152,"United States","New York","New York, New York, United States",40.7127281,-74.0060152,"United States","New York"
6112,"Korçë, Albania",40.6158967,20.7772187,"Albania",NA,"Tirana, Albania",41.3281482,19.8184435,"Albania",NA
6113,"Contra Costa County, California, United States",37.9034806,-121.9175345,"United States","California","San Francisco, California, United States",37.7792588,-122.4193286,"United States","California"
6114,"Wausau, Wisconsin, United States",44.9597858,-89.6272791,"United States","Wisconsin","Palo Alto, California, United States",37.4443293,-122.1598465,"United States","California"
6115,"Dallas, Texas, United States",32.7762719,-96.7968559,"United States","Texas","Bozeman, Montana, United States",45.6794293,-111.044047,"United States","Montana"
6116,"Pittsburgh, Pennsylvania, United States",40.4416941,-79.9900861,"United States","Pennsylvania","San Francisco, California, United States",37.7792588,-122.4193286,"United States","California"
6118,"New York, New York, United States",40.7127281,-74.0060152,"United States","New York","Miami, Florida, United States",25.7741728,-80.19362,"United States","Florida"
6119,"Miami, Florida, United States",25.7741728,-80.19362,"United States","Florida","Miami, Florida, United States",25.7741728,-80.19362,"United States","Florida"
6124,"Athens, Greece",37.9755648,23.7348324,"Greece",NA,"Athens, Greece",37.9755648,23.7348324,"Greece",NA
6125,"Des Moines, Iowa, United States",41.5868654,-93.6249494,"United States","Iowa","Bradenton, Florida, United States",27.4989278,-82.5748194,"United States","Florida"
6126,"Moscow, Russia",55.625578,37.6063916,"Russia",NA,"Moscow, Russia",55.625578,37.6063916,"Russia",NA
6129,"Madurai, Tamil Nadu, India",9.9261153,78.1140983,"India",NA,"Los Altos Hills, California, United States",37.3796627,-122.137463,"United States","California"
6130,"Montreal, Quebec, Canada",45.5031824,-73.5698065,"Canada",NA,"Toronto, Ontario, Canada",43.6534817,-79.3839347,"Canada",NA
6131,"Springfield, Massachusetts, United States",42.1018764,-72.5886727,"United States","Massachusetts","Gibsonia, Pennsylvania, United States",40.6300671,-79.9695004,"United States","Pennsylvania"
6132,"Jaipur, Rajasthan, India",26.9154576,75.8189817,"India",NA,"Moscow, Russia",55.625578,37.6063916,"Russia",NA
6133,"Wuhan, Hubei, China",30.5951051,114.2999353,"China",NA,"Xiamen, Fujian, China",24.5438732,118.0768065,"China",NA
6136,"Kandukuru, Telangana, India",17.078062,80.8414623,"India",NA,"Hyderabad, Telangana, India",17.360589,78.4740613,"India",NA
6146,"Kazan, Tatarstan, Russia",55.7946485,49.1115022,"Russia",NA,"St. Petersburg, Russia",59.938732,30.316229,"Russia",NA
6148,"Selters, Germany",50.5203849,7.7337742,"Germany",NA,"Selters, Germany",50.5203849,7.7337742,"Germany",NA
6149,"Mumbai, Maharashtra, India",19.054999,72.8692035,"India",NA,"Mumbai, Maharashtra, India",19.054999,72.8692035,"India",NA
6150,"Newark, New Jersey, United States",40.735657,-74.1723667,"United States","New Jersey","Miami, Florida, United States",25.7741728,-80.19362,"United States","Florida"
6152,"Shanghai, China",31.2323437,121.4691024,"China",NA,"Nanjing, Jiangsu, China",32.0438284,118.7788631,"China",NA
6154,"Evanston, Illinois, United States",42.0470043,-87.6846053,"United States","Illinois","Jonesboro, Texas, United States",31.6160418,-97.8770049,"United States","Texas"
6158,"Des Moines, Iowa, United States",41.5868654,-93.6249494,"United States","Iowa","Carson City, Nevada, United States",39.1663259,-119.7670374,"United States","Nevada"
6159,"Xining, Qinghai, China",36.824463,101.440811,"China",NA,"Hong Kong, China",22.2793278,114.1628131,"China",NA
6161,"Manila, Philippines",14.5904492,120.9803621,"Philippines",NA,"Mandaluyong City, Philippines",14.5774392,121.0338973,"Philippines",NA
6164,"Sacramento, California, United States",38.5810606,-121.493895,"United States","California","Sacramento, California, United States",38.5810606,-121.493895,"United States","California"
6168,"Philadelphia, Pennsylvania, United States",39.9527237,-75.1635262,"United States","Pennsylvania","Palm Beach, Florida, United States",26.6279798,-80.4494174,"United States","Florida"
6171,"Athens, Georgia, United States",33.9597677,-83.376398,"United States","Georgia","Bogart, Georgia, United States",33.949281,-83.534608,"United States","Georgia"
6173,"Minsk, Belarus",53.9024716,27.5618225,"Belarus",NA,"Greenwich, Connecticut, United States",41.0264862,-73.6284598,"United States","Connecticut"
6176,"Vancouver, British Columbia, Canada",49.2608724,-123.113952,"Canada",NA,"Mountain View, California, United States",37.386111,-122.083889,"United States","California"
6177,"Waregem, Belgium",50.8868222,3.4323622,"Belgium",NA,"Lendelede, Belgium",50.883333,3.233333,"Belgium",NA
6190,"Moscow, Russia",55.625578,37.6063916,"Russia",NA,"Moscow, Russia",55.625578,37.6063916,"Russia",NA
6191,"Anning, Yunnan, China",24.8377491,102.4026832,"China",NA,"Hangzhou, Zhejiang, China",30.2489634,120.2052342,"China",NA
6192,"Rauma, Norway",62.4454746,7.6883586,"Norway",NA,"Rauma, Norway",62.4454746,7.6883586,"Norway",NA
6196,"New York, New York, United States",40.7127281,-74.0060152,"United States","New York","Miami, Florida, United States",25.7741728,-80.19362,"United States","Florida"
6202,"Appleton, Wisconsin, United States",44.2613967,-88.4069744,"United States","Wisconsin","Chicago, Illinois, United States",41.8755616,-87.6244212,"United States","Illinois"
6204,"Yiwu, Zhejiang, China",29.3093002,120.0703805,"China",NA,"Hangzhou, Zhejiang, China",30.2489634,120.2052342,"China",NA
6205,"Chongqing, Chongqing, China",30.8101669,108.4034084,"China",NA,"Chongqing, China",30.05518,107.8748712,"China",NA
